2026-03-11 20:24:50,538 === SpotifyPlaylistGen started ===
2026-03-11 20:24:50,542 History backup created: C:\Users\David\GitHubRepos\SpotifyPlaylistGen\data\history.json.bak
2026-03-11 20:24:50,542 Stage 1: Parsing XML library
2026-03-11 20:24:51,244   Found 5471 tracks in library
2026-03-11 20:24:51,244 Stage 2: Connecting to Spotify
2026-03-11 20:24:51,244   Authenticated as: Test User
2026-03-11 20:24:51,244 [SIM] get_playlist_uris() -> 0 URIs
2026-03-11 20:24:51,246 Reconciliation plan: search=4868 add=0 remove=0 recover=603 synced=0 custom=0 exhausted=0
2026-03-11 20:24:51,248 [SIM] add_tracks(603 URIs)
2026-03-11 20:24:51,248   Recovery: 603 succeeded, 0 failed
2026-03-11 20:24:51,248 Stage 3: Searching 4868 tracks
2026-03-11 20:24:51,248 [SIM] search_track(24kGoldn|Empty) -> 0 results
2026-03-11 20:24:51,249 [SIM] search_track(24kGoldn|Coco) -> 0 results
2026-03-11 20:24:51,249 [SIM] search_track(24kGoldn|Company) -> 0 results
2026-03-11 20:24:51,249 [SIM] search_track(24kGoldn|Dawn to Dusk) -> 0 results
2026-03-11 20:24:51,249 [SIM] search_track(2Pac|Baby Don't Cry) -> 0 results
2026-03-11 20:24:51,249 [SIM] search_track(2Pac|Me and My Girlfriend) -> 0 results
2026-03-11 20:24:51,249 [SIM] search_track(2Pac|Staring Through My Rearview) -> 0 results
2026-03-11 20:24:51,249 [SIM] search_track(Ace Hood|Tryna Come Up) -> 0 results
2026-03-11 20:24:51,249 [SIM] search_track(Akon|Prolly Fuck) -> 0 results
2026-03-11 20:24:51,249 [SIM] search_track(Ariana Grande|No Tears Left To Cry) -> 0 results
2026-03-11 20:24:51,249 [SIM] search_track(Ariana Grande|boyfriend) -> 0 results
2026-03-11 20:24:51,249 [SIM] search_track(Arizona Zervas|HOLY TRINITY) -> 0 results
2026-03-11 20:24:51,249 [SIM] search_track(Avicii|I Could Be The One) -> 0 results
2026-03-11 20:24:51,249 [SIM] search_track(B.o.B|Airplanes Part 2) -> 0 results
2026-03-11 20:24:51,249 [SIM] search_track(B.o.B|Airplanes Part 1) -> 0 results
2026-03-11 20:24:51,249 [SIM] search_track(B.o.B|Magic) -> 0 results
2026-03-11 20:24:51,249 [SIM] search_track(B.o.B|Nigga Now) -> 0 results
2026-03-11 20:24:51,249 [SIM] search_track(B.o.B|Castles) -> 0 results
2026-03-11 20:24:51,249 [SIM] search_track(Basshunter|DotA) -> 0 results
2026-03-11 20:24:51,249 [SIM] search_track(Basshunter|Now You're Gone) -> 0 results
2026-03-11 20:24:51,249 [SIM] search_track(Bebe Rexha|Going To Be Alright (Edit)) -> 0 results
2026-03-11 20:24:51,249 [SIM] search_track(Berner|Prevail) -> 0 results
2026-03-11 20:24:51,250 [SIM] search_track(Bliss|Coolin') -> 0 results
2026-03-11 20:24:51,250 [SIM] search_track(Bliss|Tear The Roof Off) -> 0 results
2026-03-11 20:24:51,250 [SIM] search_track(Bliss|Reach the Heavens) -> 0 results
2026-03-11 20:24:51,255 [SIM] search_track(Bliss|Home) -> 0 results
2026-03-11 20:24:51,255 [SIM] search_track(Bliss|Chemical Heart (GEED UP)) -> 0 results
2026-03-11 20:24:51,255 [SIM] search_track(Bone Thugs-N-Harmony|Never Forget Me (Album Version Explicit)) -> 0 results
2026-03-11 20:24:51,255 [SIM] search_track(Boney M|Exodus) -> 0 results
2026-03-11 20:24:51,255 [SIM] search_track(Boney M|Mary's Boy Child) -> 0 results
2026-03-11 20:24:51,255 [SIM] search_track(Calvin Harris|Bounce) -> 0 results
2026-03-11 20:24:51,255 [SIM] search_track(Calvin Harris|Love Now) -> 0 results
2026-03-11 20:24:51,255 [SIM] search_track(Calvin Harris|Open Wide) -> 0 results
2026-03-11 20:24:51,255 [SIM] search_track(Calvin Harris|Outside) -> 0 results
2026-03-11 20:24:51,255 [SIM] search_track(Calvin Harris|Together) -> 0 results
2026-03-11 20:24:51,255 [SIM] search_track(Calvin Harris|Ecstasy) -> 0 results
2026-03-11 20:24:51,255 [SIM] search_track(Calvin Harris|Blame) -> 0 results
2026-03-11 20:24:51,255 [SIM] search_track(Charlie Puth|Marvin Gaye) -> 0 results
2026-03-11 20:24:51,256 [SIM] search_track(Chris Brown|Sensational) -> 0 results
2026-03-11 20:24:51,256 [SIM] search_track(Chris Brown|Possessive) -> 0 results
2026-03-11 20:24:51,256 [SIM] search_track(Chris Brown|Deuces) -> 0 results
2026-03-11 20:24:51,256 [SIM] search_track(Chris Brown|Undrunk) -> 0 results
2026-03-11 20:24:51,256 [SIM] search_track(Clean Bandit|Solo) -> 0 results
2026-03-11 20:24:51,256 [SIM] search_track(Cordae|Chronicles) -> 0 results
2026-03-11 20:24:51,256 [SIM] search_track(Counting Crows|The Ghost In You) -> 0 results
2026-03-11 20:24:51,256 [SIM] search_track(DaBaby|GO) -> 0 results
2026-03-11 20:24:51,256 [SIM] search_track(DaBaby|DROP) -> 0 results
2026-03-11 20:24:51,256 [SIM] search_track(DaBaby|LIGHTSKIN SH*T) -> 0 results
2026-03-11 20:24:51,256 [SIM] search_track(DaBaby|TLC) -> 0 results
2026-03-11 20:24:51,256 [SIM] search_track(DaBaby|iPHONE) -> 0 results
2026-03-11 20:24:51,261 [SIM] search_track(DaBaby|'Essence' Freestyle) -> 0 results
2026-03-11 20:24:51,261 [SIM] search_track(David Guetta|I Can Only Imagine) -> 0 results
2026-03-11 20:24:51,261 [SIM] search_track(David Guetta|Memories) -> 0 results
2026-03-11 20:24:51,261 [SIM] search_track(David Massengill|Fireball) -> 0 results
2026-03-11 20:24:51,261 [SIM] search_track(David Massengill|Jesus's Birthday) -> 0 results
2026-03-11 20:24:51,261 [SIM] search_track(David Massengill|Noah) -> 0 results
2026-03-11 20:24:51,261 [SIM] search_track(David Massengill|Sight See-er) -> 0 results
2026-03-11 20:24:51,261 [SIM] search_track(David Massengill|You and Me) -> 0 results
2026-03-11 20:24:51,261 [SIM] search_track(Dax|Soldier) -> 0 results
2026-03-11 20:24:51,261 [SIM] search_track(Dax|TOXIC (Remix)) -> 0 results
2026-03-11 20:24:51,261 [SIM] search_track(DC The Don|Tonight's The Night) -> 0 results
2026-03-11 20:24:51,261 [SIM] search_track(Diddy|Coming Home) -> 0 results
2026-03-11 20:24:51,261 [SIM] search_track(Diddy|Hello Good Morning) -> 0 results
2026-03-11 20:24:51,261 [SIM] search_track(Diddy|I Need a Girl - Part 2) -> 0 results
2026-03-11 20:24:51,261 [SIM] search_track(Diddy|Victory) -> 0 results
2026-03-11 20:24:51,261 [SIM] search_track(Dizzy Wright|Way Up) -> 0 results
2026-03-11 20:24:51,262 [SIM] search_track(Dizzy Wright|God Body Brothers) -> 0 results
2026-03-11 20:24:51,262 [SIM] search_track(Dizzy Wright|The Matrix) -> 0 results
2026-03-11 20:24:51,262 [SIM] search_track(Dizzy Wright|God Bless America) -> 0 results
2026-03-11 20:24:51,262 [SIM] search_track(DJ Khaled|GOD DID) -> 0 results
2026-03-11 20:24:51,262 [SIM] search_track(DJ Khaled|GRATEFUL) -> 0 results
2026-03-11 20:24:51,262 [SIM] search_track(DJ Khaled|USE THIS GOSPEL) -> 0 results
2026-03-11 20:24:51,262 [SIM] search_track(DJ Khaled|I'm the One) -> 0 results
2026-03-11 20:24:51,262 [SIM] search_track(DJ Khaled|Brother) -> 0 results
2026-03-11 20:24:51,262 [SIM] search_track(Don Toliver|Flocky Flocky) -> 0 results
2026-03-11 20:24:51,267 [SIM] search_track(Dr. Dre|New Day) -> 0 results
2026-03-11 20:24:51,267 [SIM] search_track(Dr. Dre|Gospel) -> 0 results
2026-03-11 20:24:51,267 [SIM] search_track(Dr. Dre|Diamond Mind) -> 0 results
2026-03-11 20:24:51,267 [SIM] search_track(Dr. Dre|ETA) -> 0 results
2026-03-11 20:24:51,267 [SIM] search_track(Drake|Tuscan Leather) -> 0 results
2026-03-11 20:24:51,267 [SIM] search_track(Drake|Hold On, We're Going Home) -> 0 results
2026-03-11 20:24:51,267 [SIM] search_track(Drake|Elevate) -> 0 results
2026-03-11 20:24:51,267 [SIM] search_track(Drake|God's Plan) -> 0 results
2026-03-11 20:24:51,267 [SIM] search_track(Drake|In My Feelings) -> 0 results
2026-03-11 20:24:51,267 [SIM] search_track(Drake|Nice For What) -> 0 results
2026-03-11 20:24:51,267 [SIM] search_track(Drake|Lemon Pepper Freestyle) -> 0 results
2026-03-11 20:24:51,267 [SIM] search_track(Drake|Best I Ever Had) -> 0 results
2026-03-11 20:24:51,267 [SIM] search_track(Drake|Successful) -> 0 results
2026-03-11 20:24:51,267 [SIM] search_track(Drake|Cameras / Good Ones Go Interlude (Medley)) -> 0 results
2026-03-11 20:24:51,267 [SIM] search_track(Drake|Doing It Wrong) -> 0 results
2026-03-11 20:24:51,267 [SIM] search_track(Drake|Headlines) -> 0 results
2026-03-11 20:24:51,267 [SIM] search_track(Drake|Look What You've Done) -> 0 results
2026-03-11 20:24:51,267 [SIM] search_track(Drake|Marvins Room) -> 0 results
2026-03-11 20:24:51,267 [SIM] search_track(Drake|Over My Dead Body) -> 0 results
2026-03-11 20:24:51,268 [SIM] search_track(Drake|Practice) -> 0 results
2026-03-11 20:24:51,268 [SIM] search_track(Drake|Shot For Me) -> 0 results
2026-03-11 20:24:51,268 [SIM] search_track(Drake|The Ride) -> 0 results
2026-03-11 20:24:51,268 [SIM] search_track(Drake|Under Ground Kings) -> 0 results
2026-03-11 20:24:51,268 [SIM] search_track(Drake|We'll Be Fine) -> 0 results
2026-03-11 20:24:51,268 [SIM] search_track(Drake|Buried Alive Interlude) -> 0 results
2026-03-11 20:24:51,273 [SIM] search_track(Drake|HYFR (Hell Ya Fucking Right)) -> 0 results
2026-03-11 20:24:51,273 [SIM] search_track(Drake|The Motto) -> 0 results
2026-03-11 20:24:51,273 [SIM] search_track(Drake|The Real Her) -> 0 results
2026-03-11 20:24:51,273 [SIM] search_track(Drake|Make Me Proud) -> 0 results
2026-03-11 20:24:51,273 [SIM] search_track(Drake|Lord Knows) -> 0 results
2026-03-11 20:24:51,273 [SIM] search_track(Drake|Take Care) -> 0 results
2026-03-11 20:24:51,273 [SIM] search_track(Drake|Crew Love) -> 0 results
2026-03-11 20:24:51,273 [SIM] search_track(Dual Core|All the Things) -> 0 results
2026-03-11 20:24:51,273 [SIM] search_track(Dual Core|Back to Me) -> 0 results
2026-03-11 20:24:51,273 [SIM] search_track(Dual Core|Dangerous Ways) -> 0 results
2026-03-11 20:24:51,273 [SIM] search_track(Dual Core|Farewell) -> 0 results
2026-03-11 20:24:51,273 [SIM] search_track(Dual Core|Hear Them Talking) -> 0 results
2026-03-11 20:24:51,273 [SIM] search_track(Dual Core|Last Writes) -> 0 results
2026-03-11 20:24:51,273 [SIM] search_track(Dual Core|Staring at the Last Star) -> 0 results
2026-03-11 20:24:51,273 [SIM] search_track(Dual Core|Running) -> 0 results
2026-03-11 20:24:51,273 [SIM] search_track(Dual Core|Another Chapter) -> 0 results
2026-03-11 20:24:51,273 [SIM] search_track(Dual Core|Be Okay) -> 0 results
2026-03-11 20:24:51,273 [SIM] search_track(Dual Core|But It Wasn't) -> 0 results
2026-03-11 20:24:51,273 [SIM] search_track(Dual Core|College Days) -> 0 results
2026-03-11 20:24:51,273 [SIM] search_track(Dual Core|Downtime) -> 0 results
2026-03-11 20:24:51,273 [SIM] search_track(Dual Core|Everything Is Alright) -> 0 results
2026-03-11 20:24:51,274 [SIM] search_track(Dual Core|For Aaron) -> 0 results
2026-03-11 20:24:51,274 [SIM] search_track(Dual Core|Grey Skies) -> 0 results
2026-03-11 20:24:51,274 [SIM] search_track(Dual Core|Insane) -> 0 results
2026-03-11 20:24:51,274 [SIM] search_track(Dual Core|Let Go) -> 0 results
2026-03-11 20:24:51,279 [SIM] search_track(Dual Core|Reflection) -> 0 results
2026-03-11 20:24:51,279 [SIM] search_track(Dual Core|Regular Expressions) -> 0 results
2026-03-11 20:24:51,279 [SIM] search_track(Dual Core|ShowerCon) -> 0 results
2026-03-11 20:24:51,279 [SIM] search_track(Dual Core|The Awakening) -> 0 results
2026-03-11 20:24:51,279 [SIM] search_track(Dual Core|The Lights Go Out) -> 0 results
2026-03-11 20:24:51,279 [SIM] search_track(Dual Core|Beginning of the End) -> 0 results
2026-03-11 20:24:51,279 [SIM] search_track(Dual Core|Dual Core) -> 0 results
2026-03-11 20:24:51,279 [SIM] search_track(Dual Core|For Real) -> 0 results
2026-03-11 20:24:51,279 [SIM] search_track(Dual Core|Hold On) -> 0 results
2026-03-11 20:24:51,279 [SIM] search_track(Dual Core|Judgement Day) -> 0 results
2026-03-11 20:24:51,279 [SIM] search_track(Dual Core|My Girlfriend is a Hacker) -> 0 results
2026-03-11 20:24:51,279 [SIM] search_track(Dual Core|Player Vs Player) -> 0 results
2026-03-11 20:24:51,279 [SIM] search_track(Dual Core|Random Bits) -> 0 results
2026-03-11 20:24:51,279 [SIM] search_track(Dual Core|Rock It) -> 0 results
2026-03-11 20:24:51,279 [SIM] search_track(Dual Core|Take It Back) -> 0 results
2026-03-11 20:24:51,279 [SIM] search_track(Dual Core|Take It Forward) -> 0 results
2026-03-11 20:24:51,279 [SIM] search_track(Dual Core|Unplug) -> 0 results
2026-03-11 20:24:51,279 [SIM] search_track(Dual Core|Lost Reality) -> 0 results
2026-03-11 20:24:51,280 [SIM] search_track(Dual Core|Fantastic Four) -> 0 results
2026-03-11 20:24:51,280 [SIM] search_track(Dual Core|Forever) -> 0 results
2026-03-11 20:24:51,280 [SIM] search_track(Dual Core|Kick Back) -> 0 results
2026-03-11 20:24:51,280 [SIM] search_track(Dual Core|Letter to C64) -> 0 results
2026-03-11 20:24:51,280 [SIM] search_track(Dual Core|Life's Work) -> 0 results
2026-03-11 20:24:51,280 [SIM] search_track(Dual Core|Magnificent 7) -> 0 results
2026-03-11 20:24:51,280 [SIM] search_track(Dual Core|Natural 20s) -> 0 results
2026-03-11 20:24:51,285 [SIM] search_track(Dual Core|Painting Pictures) -> 0 results
2026-03-11 20:24:51,285 [SIM] search_track(Dual Core|The Game) -> 0 results
2026-03-11 20:24:51,285 [SIM] search_track(Dual Core|The Hollows) -> 0 results
2026-03-11 20:24:51,285 [SIM] search_track(Dual Core|Here to Help) -> 0 results
2026-03-11 20:24:51,285 [SIM] search_track(Dual Core|I Remember) -> 0 results
2026-03-11 20:24:51,285 [SIM] search_track(Dual Core|10 Hack Commandments) -> 0 results
2026-03-11 20:24:51,285 [SIM] search_track(Dual Core|Dull Boy) -> 0 results
2026-03-11 20:24:51,285 [SIM] search_track(Dual Core|End of the Road) -> 0 results
2026-03-11 20:24:51,285 [SIM] search_track(Dual Core|First One's Free) -> 0 results
2026-03-11 20:24:51,285 [SIM] search_track(Dual Core|Give Me Wings) -> 0 results
2026-03-11 20:24:51,285 [SIM] search_track(Dual Core|Hostage Down) -> 0 results
2026-03-11 20:24:51,285 [SIM] search_track(Dual Core|Light Prototype) -> 0 results
2026-03-11 20:24:51,285 [SIM] search_track(Dual Core|Rule Them All) -> 0 results
2026-03-11 20:24:51,285 [SIM] search_track(Dual Core|The Children's Machine) -> 0 results
2026-03-11 20:24:51,285 [SIM] search_track(Dual Core|Try Space) -> 0 results
2026-03-11 20:24:51,285 [SIM] search_track(Dual Core|Void (No Return)) -> 0 results
2026-03-11 20:24:51,285 [SIM] search_track(Dual Core|War Games) -> 0 results
2026-03-11 20:24:51,286 [SIM] search_track(Dual Core|Cipher Punks) -> 0 results
2026-03-11 20:24:51,286 [SIM] search_track(E-40|Bet You Didn't Know) -> 0 results
2026-03-11 20:24:51,286 [SIM] search_track(E-40|My Everything) -> 0 results
2026-03-11 20:24:51,286 [SIM] search_track(E-40|Blossom) -> 0 results
2026-03-11 20:24:51,286 [SIM] search_track(E-40|Thou Wow) -> 0 results
2026-03-11 20:24:51,286 [SIM] search_track(E-40|1 Question) -> 0 results
2026-03-11 20:24:51,286 [SIM] search_track(E-40|Made This Way) -> 0 results
2026-03-11 20:24:51,286 [SIM] search_track(E-40|Rain On My Parade) -> 0 results
2026-03-11 20:24:51,291 [SIM] search_track(E-40|Choices (Yup)) -> 0 results
2026-03-11 20:24:51,291 [SIM] search_track(E-40|I Stand On That) -> 0 results
2026-03-11 20:24:51,291 [SIM] search_track(Eazy-E|Boyz-N-The-Hood) -> 0 results
2026-03-11 20:24:51,292 [SIM] search_track(Eazy-E|Real Muthaphuckkin' G's) -> 0 results
2026-03-11 20:24:51,292 [SIM] search_track(Eazy-E|Eazy-Duz-It) -> 0 results
2026-03-11 20:24:51,292 [SIM] search_track(Ed Sheeran|You Need Me, I Don't Need You) -> 0 results
2026-03-11 20:24:51,292 [SIM] search_track(Ed Sheeran|Remember The Name) -> 0 results
2026-03-11 20:24:51,292 [SIM] search_track(Ed Sheeran|Eraser) -> 0 results
2026-03-11 20:24:51,292 [SIM] search_track(Ed Sheeran|Perfect) -> 0 results
2026-03-11 20:24:51,292 [SIM] search_track(Ed Sheeran|Shape of You) -> 0 results
2026-03-11 20:24:51,292 [SIM] search_track(Ellie Goulding|Love Me Like You Do) -> 0 results
2026-03-11 20:24:51,292 [SIM] search_track(Ellie Goulding|Still Falling For You) -> 0 results
2026-03-11 20:24:51,292 [SIM] search_track(Ellie Goulding|Close To Me) -> 0 results
2026-03-11 20:24:51,292 [SIM] search_track(Eminem|Farewell) -> 0 results
2026-03-11 20:24:51,292 [SIM] search_track(Eminem|Phenomenal) -> 0 results
2026-03-11 20:24:51,292 [SIM] search_track(Eminem|Kings Never Die) -> 0 results
2026-03-11 20:24:51,292 [SIM] search_track(Eminem|From The D 2 The LBC) -> 0 results
2026-03-11 20:24:51,292 [SIM] search_track(Eminem|Cleanin' Out My Closet) -> 0 results
2026-03-11 20:24:51,292 [SIM] search_track(Eminem|Lose Yourself) -> 1 results
2026-03-11 20:24:51,292 [SIM] search_track(Eminem|The Real Slim Shady) -> 0 results
2026-03-11 20:24:51,292 [SIM] search_track(Eminem|The Way I Am) -> 0 results
2026-03-11 20:24:51,292 [SIM] search_track(Eminem|When I'm Gone) -> 0 results
2026-03-11 20:24:51,292 [SIM] search_track(Eminem|Stan) -> 0 results
2026-03-11 20:24:51,293 [SIM] search_track(Eminem|Shake That) -> 0 results
2026-03-11 20:24:51,293 [SIM] search_track(Eminem|Ass Like That) -> 0 results
2026-03-11 20:24:51,298 [SIM] search_track(Eminem|Big Weenie) -> 0 results
2026-03-11 20:24:51,298 [SIM] search_track(Eminem|Crazy In Love) -> 0 results
2026-03-11 20:24:51,298 [SIM] search_track(Eminem|Encore) -> 0 results
2026-03-11 20:24:51,299 [SIM] search_track(Eminem|Evil Deeds) -> 0 results
2026-03-11 20:24:51,299 [SIM] search_track(Eminem|Just Lose It) -> 0 results
2026-03-11 20:24:51,299 [SIM] search_track(Eminem|Like Toy Soldiers) -> 0 results
2026-03-11 20:24:51,299 [SIM] search_track(Eminem|Mockingbird) -> 0 results
2026-03-11 20:24:51,299 [SIM] search_track(Eminem|Mosh) -> 0 results
2026-03-11 20:24:51,299 [SIM] search_track(Eminem|Rain Man) -> 0 results
2026-03-11 20:24:51,299 [SIM] search_track(Eminem|Drop the World) -> 0 results
2026-03-11 20:24:51,299 [SIM] search_track(Eminem|Forever) -> 0 results
2026-03-11 20:24:51,299 [SIM] search_track(Eminem|Not Afraid) -> 0 results
2026-03-11 20:24:51,299 [SIM] search_track(Eminem|Fall) -> 0 results
2026-03-11 20:24:51,299 [SIM] search_track(Eminem|Greatest) -> 0 results
2026-03-11 20:24:51,299 [SIM] search_track(Eminem|Normal) -> 0 results
2026-03-11 20:24:51,299 [SIM] search_track(Eminem|Stepping Stone) -> 0 results
2026-03-11 20:24:51,299 [SIM] search_track(Eminem|The Ringer) -> 0 results
2026-03-11 20:24:51,299 [SIM] search_track(Eminem|Venom) -> 0 results
2026-03-11 20:24:51,299 [SIM] search_track(Eminem|Good Guy) -> 0 results
2026-03-11 20:24:51,299 [SIM] search_track(Eminem|Lucky You) -> 0 results
2026-03-11 20:24:51,299 [SIM] search_track(Eminem|Not Alike) -> 0 results
2026-03-11 20:24:51,299 [SIM] search_track(Eminem|In Too Deep) -> 0 results
2026-03-11 20:24:51,299 [SIM] search_track(Eminem|Never Love Again) -> 0 results
2026-03-11 20:24:51,300 [SIM] search_track(Eminem|Godzilla) -> 0 results
2026-03-11 20:24:51,300 [SIM] search_track(Eminem|You Gon’ Learn) -> 0 results
2026-03-11 20:24:51,305 [SIM] search_track(Eminem|Unaccommodating) -> 0 results
2026-03-11 20:24:51,305 [SIM] search_track(Eminem|25 to Life) -> 0 results
2026-03-11 20:24:51,305 [SIM] search_track(Eminem|Almost Famous) -> 0 results
2026-03-11 20:24:51,305 [SIM] search_track(Eminem|Cold Wind Blows) -> 0 results
2026-03-11 20:24:51,305 [SIM] search_track(Eminem|Going Through Changes) -> 0 results
2026-03-11 20:24:51,305 [SIM] search_track(Eminem|On Fire) -> 0 results
2026-03-11 20:24:51,305 [SIM] search_track(Eminem|Ridaz) -> 0 results
2026-03-11 20:24:51,305 [SIM] search_track(Eminem|So Bad) -> 0 results
2026-03-11 20:24:51,305 [SIM] search_track(Eminem|Space Bound) -> 0 results
2026-03-11 20:24:51,305 [SIM] search_track(Eminem|You're Never Over) -> 0 results
2026-03-11 20:24:51,305 [SIM] search_track(Eminem|Love The Way You Lie) -> 0 results
2026-03-11 20:24:51,305 [SIM] search_track(Eminem|Talkin' 2 Myself) -> 0 results
2026-03-11 20:24:51,306 [SIM] search_track(Eminem|No Love) -> 0 results
2026-03-11 20:24:51,306 [SIM] search_track(Eminem|Beautiful) -> 0 results
2026-03-11 20:24:51,306 [SIM] search_track(Eminem|Careful What You Wish For) -> 0 results
2026-03-11 20:24:51,306 [SIM] search_track(Eminem|Elevator) -> 0 results
2026-03-11 20:24:51,306 [SIM] search_track(Eminem|Insane) -> 0 results
2026-03-11 20:24:51,306 [SIM] search_track(Eminem|My Darling) -> 0 results
2026-03-11 20:24:51,306 [SIM] search_track(Eminem|We Made You) -> 0 results
2026-03-11 20:24:51,306 [SIM] search_track(Eminem|Hell Breaks Loose) -> 0 results
2026-03-11 20:24:51,306 [SIM] search_track(Eminem|Old Time's Sake) -> 0 results
2026-03-11 20:24:51,306 [SIM] search_track(Eminem|Crack A Bottle) -> 0 results
2026-03-11 20:24:51,306 [SIM] search_track(Eminem|Arose) -> 0 results
2026-03-11 20:24:51,306 [SIM] search_track(Eminem|Believe) -> 0 results
2026-03-11 20:24:51,306 [SIM] search_track(Eminem|Castle) -> 0 results
2026-03-11 20:24:51,311 [SIM] search_track(Eminem|Framed) -> 0 results
2026-03-11 20:24:51,311 [SIM] search_track(Eminem|Heat) -> 0 results
2026-03-11 20:24:51,311 [SIM] search_track(Eminem|In Your Head) -> 0 results
2026-03-11 20:24:51,312 [SIM] search_track(Eminem|Remind Me) -> 0 results
2026-03-11 20:24:51,312 [SIM] search_track(Eminem|Revival (interlude)) -> 0 results
2026-03-11 20:24:51,312 [SIM] search_track(Eminem|Like Home) -> 0 results
2026-03-11 20:24:51,312 [SIM] search_track(Eminem|Walk on Water) -> 0 results
2026-03-11 20:24:51,312 [SIM] search_track(Eminem|River) -> 0 results
2026-03-11 20:24:51,312 [SIM] search_track(Eminem|Nowhere Fast) -> 0 results
2026-03-11 20:24:51,312 [SIM] search_track(Eminem|Chloraseptic) -> 0 results
2026-03-11 20:24:51,312 [SIM] search_track(Eminem|Need Me) -> 0 results
2026-03-11 20:24:51,312 [SIM] search_track(Eminem|Tragic Endings) -> 0 results
2026-03-11 20:24:51,312 [SIM] search_track(Eminem|Bad Husband) -> 0 results
2026-03-11 20:24:51,312 [SIM] search_track(Eminem|Any Man) -> 0 results
2026-03-11 20:24:51,312 [SIM] search_track(Eminem|Car Freestyle) -> 0 results
2026-03-11 20:24:51,312 [SIM] search_track(Eminem|Eminem vs Papa Doc) -> 0 results
2026-03-11 20:24:51,312 [SIM] search_track(Eminem|Houdini) -> 0 results
2026-03-11 20:24:51,312 [SIM] search_track(Eminem|I Miss You) -> 0 results
2026-03-11 20:24:51,312 [SIM] search_track(Eminem|Infinite) -> 0 results
2026-03-11 20:24:51,312 [SIM] search_track(Eminem|Killshot) -> 0 results
2026-03-11 20:24:51,312 [SIM] search_track(Eminem|Rabbit Run) -> 0 results
2026-03-11 20:24:51,312 [SIM] search_track(Eminem|You Don't Know) -> 0 results
2026-03-11 20:24:51,312 [SIM] search_track(Eminem|Go To Sleep) -> 0 results
2026-03-11 20:24:51,312 [SIM] search_track(Eminem|Killer (Remix)) -> 0 results
2026-03-11 20:24:51,312 [SIM] search_track(Eminem|Guts Over Fear) -> 0 results
2026-03-11 20:24:51,318 [SIM] search_track(Eminem|Emulate) -> 0 results
2026-03-11 20:24:51,318 [SIM] search_track(Eminem|Business) -> 0 results
2026-03-11 20:24:51,318 [SIM] search_track(Eminem|Hailie's Song) -> 0 results
2026-03-11 20:24:51,318 [SIM] search_track(Eminem|My Dad's Gone Crazy) -> 0 results
2026-03-11 20:24:51,318 [SIM] search_track(Eminem|Say Goodbye Hollywood) -> 0 results
2026-03-11 20:24:51,318 [SIM] search_track(Eminem|Sing for the Moment) -> 0 results
2026-03-11 20:24:51,318 [SIM] search_track(Eminem|Soldier) -> 0 results
2026-03-11 20:24:51,318 [SIM] search_track(Eminem|Square Dance) -> 0 results
2026-03-11 20:24:51,318 [SIM] search_track(Eminem|White America) -> 0 results
2026-03-11 20:24:51,318 [SIM] search_track(Eminem|Without Me) -> 0 results
2026-03-11 20:24:51,318 [SIM] search_track(Eminem|Bump Heads) -> 0 results
2026-03-11 20:24:51,318 [SIM] search_track(Eminem|When the Music Stops) -> 0 results
2026-03-11 20:24:51,318 [SIM] search_track(Eminem|Superman) -> 0 results
2026-03-11 20:24:51,319 [SIM] search_track(Eminem|Say What You Say) -> 0 results
2026-03-11 20:24:51,319 [SIM] search_track(Eminem|'Till I Collapse) -> 0 results
2026-03-11 20:24:51,319 [SIM] search_track(Eminem|Drips) -> 0 results
2026-03-11 20:24:51,319 [SIM] search_track(Eminem|Criminal) -> 0 results
2026-03-11 20:24:51,319 [SIM] search_track(Eminem|I'm Back) -> 0 results
2026-03-11 20:24:51,319 [SIM] search_track(Eminem|The Kids) -> 0 results
2026-03-11 20:24:51,319 [SIM] search_track(Eminem|Bitch Please II) -> 0 results
2026-03-11 20:24:51,319 [SIM] search_track(Eminem|Berzerk) -> 0 results
2026-03-11 20:24:51,319 [SIM] search_track(Eminem|Legacy) -> 0 results
2026-03-11 20:24:51,319 [SIM] search_track(Eminem|Rap God) -> 0 results
2026-03-11 20:24:51,319 [SIM] search_track(Eminem|So Much Better) -> 0 results
2026-03-11 20:24:51,319 [SIM] search_track(Eminem|Stronger Than I Was) -> 0 results
2026-03-11 20:24:51,325 [SIM] search_track(Eminem|Survival) -> 0 results
2026-03-11 20:24:51,325 [SIM] search_track(Eminem|Headlights) -> 0 results
2026-03-11 20:24:51,325 [SIM] search_track(Eminem|The Monster) -> 0 results
2026-03-11 20:24:51,325 [SIM] search_track(Eminem|Beautiful Pain) -> 0 results
2026-03-11 20:24:51,325 [SIM] search_track(Eminem|'97 Bonnie & Clyde) -> 0 results
2026-03-11 20:24:51,325 [SIM] search_track(Eminem|As The World Turns) -> 0 results
2026-03-11 20:24:51,325 [SIM] search_track(Eminem|If I Had) -> 0 results
2026-03-11 20:24:51,325 [SIM] search_track(Eminem|My Name Is) -> 0 results
2026-03-11 20:24:51,325 [SIM] search_track(Eminem|Rock Bottom) -> 0 results
2026-03-11 20:24:51,325 [SIM] search_track(Eminem|Role Model) -> 0 results
2026-03-11 20:24:51,325 [SIM] search_track(Eminem|Bad Guys Always Die) -> 0 results
2026-03-11 20:24:51,325 [SIM] search_track(Eminem|Guilty Conscience) -> 0 results
2026-03-11 20:24:51,325 [SIM] search_track(Eminem|Get You Mad) -> 0 results
2026-03-11 20:24:51,325 [SIM] search_track(Enya|Caribbean Blue (2009 Remaster)) -> 0 results
2026-03-11 20:24:51,325 [SIM] search_track(Enya|May It Be) -> 0 results
2026-03-11 20:24:51,325 [SIM] search_track(Enya|One by One) -> 0 results
2026-03-11 20:24:51,325 [SIM] search_track(Enya|Only Time) -> 0 results
2026-03-11 20:24:51,325 [SIM] search_track(Enya|Orinoco Flow (2009 Remaster)) -> 0 results
2026-03-11 20:24:51,325 [SIM] search_track(Enya|Wild Child) -> 0 results
2026-03-11 20:24:51,325 [SIM] search_track(Esoterik|Bless Up) -> 0 results
2026-03-11 20:24:51,326 [SIM] search_track(Esoterik|Fucking With This Shit) -> 0 results
2026-03-11 20:24:51,326 [SIM] search_track(Esoterik|Just For You) -> 0 results
2026-03-11 20:24:51,326 [SIM] search_track(Esoterik|Love Is The Vibe) -> 0 results
2026-03-11 20:24:51,326 [SIM] search_track(Esoterik|Make ‘Em Say) -> 0 results
2026-03-11 20:24:51,326 [SIM] search_track(Esoterik|Stay Fly) -> 0 results
2026-03-11 20:24:51,331 [SIM] search_track(Esoterik|Welcome) -> 0 results
2026-03-11 20:24:51,331 [SIM] search_track(Esoterik|Wide Awake) -> 0 results
2026-03-11 20:24:51,331 [SIM] search_track(Esoterik|Be Like You) -> 0 results
2026-03-11 20:24:51,331 [SIM] search_track(Esoterik|Shapeshifter) -> 0 results
2026-03-11 20:24:51,331 [SIM] search_track(Esoterik|Sunny Days) -> 0 results
2026-03-11 20:24:51,332 [SIM] search_track(Fabolous|Breathe) -> 0 results
2026-03-11 20:24:51,332 [SIM] search_track(Fabolous|Make Me Better) -> 0 results
2026-03-11 20:24:51,332 [SIM] search_track(Fabolous|SAY LESS) -> 0 results
2026-03-11 20:24:51,332 [SIM] search_track(Fabolous|RICH HUSTLE) -> 0 results
2026-03-11 20:24:51,332 [SIM] search_track(Fall Out Boy|I Don't Care) -> 0 results
2026-03-11 20:24:51,332 [SIM] search_track(Fall Out Boy|Thnks fr th Mmrs) -> 0 results
2026-03-11 20:24:51,332 [SIM] search_track(Fall Out Boy|Immortals) -> 0 results
2026-03-11 20:24:51,332 [SIM] search_track(Fall Out Boy|Thriller) -> 0 results
2026-03-11 20:24:51,332 [SIM] search_track(Fergie|Big Girls Don't Cry) -> 0 results
2026-03-11 20:24:51,332 [SIM] search_track(Fergie|Glamorous) -> 0 results
2026-03-11 20:24:51,332 [SIM] search_track(Fergie|Fergalicious) -> 0 results
2026-03-11 20:24:51,332 [SIM] search_track(Fetty Wap|Forever (71943509)) -> 0 results
2026-03-11 20:24:51,332 [SIM] search_track(Fetty Wap|Go Up) -> 0 results
2026-03-11 20:24:51,332 [SIM] search_track(Fetty Wap|Pretty Thang) -> 0 results
2026-03-11 20:24:51,332 [SIM] search_track(Fetty Wap|Trap Queen) -> 0 results
2026-03-11 20:24:51,332 [SIM] search_track(Fetty Wap|Sweet Yamz) -> 0 results
2026-03-11 20:24:51,332 [SIM] search_track(Fetty Wap|At Peace) -> 0 results
2026-03-11 20:24:51,332 [SIM] search_track(Fetty Wap|Feel Me) -> 0 results
2026-03-11 20:24:51,332 [SIM] search_track(Fetty Wap|Got A Bag) -> 0 results
2026-03-11 20:24:51,332 [SIM] search_track(Fetty Wap|Intro) -> 0 results
2026-03-11 20:24:51,339 [SIM] search_track(Fetty Wap|Jack Boy) -> 0 results
2026-03-11 20:24:51,339 [SIM] search_track(Fetty Wap|Milan) -> 0 results
2026-03-11 20:24:51,339 [SIM] search_track(Fetty Wap|Mona Lisa) -> 0 results
2026-03-11 20:24:51,339 [SIM] search_track(Fetty Wap|My Moment) -> 0 results
2026-03-11 20:24:51,339 [SIM] search_track(Fetty Wap|Out The Hood) -> 0 results
2026-03-11 20:24:51,339 [SIM] search_track(Fetty Wap|Outro) -> 0 results
2026-03-11 20:24:51,339 [SIM] search_track(Fetty Wap|Queen) -> 0 results
2026-03-11 20:24:51,339 [SIM] search_track(Fetty Wap|Remember Me) -> 0 results
2026-03-11 20:24:51,339 [SIM] search_track(Fetty Wap|Talk My Shit) -> 0 results
2026-03-11 20:24:51,339 [SIM] search_track(Fetty Wap|That's Facts) -> 0 results
2026-03-11 20:24:51,339 [SIM] search_track(Fetty Wap|The Truth) -> 0 results
2026-03-11 20:24:51,340 [SIM] search_track(Fetty Wap|They Know My Name) -> 0 results
2026-03-11 20:24:51,340 [SIM] search_track(Fetty Wap|Yoshi) -> 0 results
2026-03-11 20:24:51,340 [SIM] search_track(First Signal|Face Your Fears) -> 0 results
2026-03-11 20:24:51,340 [SIM] search_track(First Signal|Shoot the Bullet) -> 0 results
2026-03-11 20:24:51,340 [SIM] search_track(First Signal|Still Pretending) -> 0 results
2026-03-11 20:24:51,340 [SIM] search_track(Flo Rida|My House) -> 0 results
2026-03-11 20:24:51,340 [SIM] search_track(Flo Rida|Once in a Lifetime) -> 0 results
2026-03-11 20:24:51,340 [SIM] search_track(Flo Rida|Wobble) -> 0 results
2026-03-11 20:24:51,340 [SIM] search_track(Flo Rida|R.O.O.T.S.) -> 0 results
2026-03-11 20:24:51,340 [SIM] search_track(Flo Rida|Available) -> 0 results
2026-03-11 20:24:51,340 [SIM] search_track(Flo Rida|Right Round) -> 0 results
2026-03-11 20:24:51,340 [SIM] search_track(Flo Rida|Be on You) -> 0 results
2026-03-11 20:24:51,340 [SIM] search_track(Flo Rida|Birthday) -> 0 results
2026-03-11 20:24:51,340 [SIM] search_track(Flo Rida|Magic) -> 0 results
2026-03-11 20:24:51,347 [SIM] search_track(Flo Rida|Club Can't Handle Me) -> 0 results
2026-03-11 20:24:51,347 [SIM] search_track(Flo Rida|Low) -> 0 results
2026-03-11 20:24:51,347 [SIM] search_track(Flo Rida|Hola) -> 0 results
2026-03-11 20:24:51,347 [SIM] search_track(Flo Rida|Good Feeling) -> 0 results
2026-03-11 20:24:51,347 [SIM] search_track(Flo Rida|I Cry) -> 0 results
2026-03-11 20:24:51,347 [SIM] search_track(Flo Rida|Let It Roll Part 1) -> 0 results
2026-03-11 20:24:51,347 [SIM] search_track(Flo Rida|Whistle) -> 0 results
2026-03-11 20:24:51,347 [SIM] search_track(Flo Rida|Sweet Spot) -> 0 results
2026-03-11 20:24:51,347 [SIM] search_track(Flo Rida|Let It Roll Part 2) -> 0 results
2026-03-11 20:24:51,347 [SIM] search_track(Flo Rida|Wild Ones) -> 0 results
2026-03-11 20:24:51,347 [SIM] search_track(Foreigner|Blue Morning, Blue Day) -> 0 results
2026-03-11 20:24:51,347 [SIM] search_track(Foreigner|Break It Up) -> 0 results
2026-03-11 20:24:51,347 [SIM] search_track(Foreigner|Cold As Ice) -> 0 results
2026-03-11 20:24:51,347 [SIM] search_track(Foreigner|Dirty White Boy) -> 0 results
2026-03-11 20:24:51,347 [SIM] search_track(Foreigner|Double Vision) -> 0 results
2026-03-11 20:24:51,348 [SIM] search_track(Foreigner|Down On Love) -> 0 results
2026-03-11 20:24:51,348 [SIM] search_track(Foreigner|Feels Like The First Time) -> 0 results
2026-03-11 20:24:51,348 [SIM] search_track(Foreigner|Heart Turns To Stone) -> 0 results
2026-03-11 20:24:51,348 [SIM] search_track(Foreigner|Hot Blooded) -> 0 results
2026-03-11 20:24:51,348 [SIM] search_track(Foreigner|I Don't Want To Live Without You) -> 0 results
2026-03-11 20:24:51,348 [SIM] search_track(Foreigner|I Want To Know What Love Is) -> 0 results
2026-03-11 20:24:51,348 [SIM] search_track(Foreigner|Juke Box Hero) -> 0 results
2026-03-11 20:24:51,348 [SIM] search_track(Foreigner|Long, Long Way From Home) -> 0 results
2026-03-11 20:24:51,348 [SIM] search_track(Foreigner|Say You Will) -> 0 results
2026-03-11 20:24:51,348 [SIM] search_track(Foreigner|Starrider) -> 0 results
2026-03-11 20:24:51,354 [SIM] search_track(Foreigner|That Was Yesterday) -> 0 results
2026-03-11 20:24:51,354 [SIM] search_track(Foreigner|Urgent) -> 0 results
2026-03-11 20:24:51,354 [SIM] search_track(Foreigner|Waiting For A Girl Like You) -> 0 results
2026-03-11 20:24:51,354 [SIM] search_track(Foreigner|White Lie) -> 0 results
2026-03-11 20:24:51,354 [SIM] search_track(Fort Minor|Remember the Name) -> 0 results
2026-03-11 20:24:51,354 [SIM] search_track(Fort Minor|Welcome) -> 0 results
2026-03-11 20:24:51,354 [SIM] search_track(Fort Minor|Believe Me) -> 0 results
2026-03-11 20:24:51,355 [SIM] search_track(Fort Minor|Where'd You Go) -> 0 results
2026-03-11 20:24:51,355 [SIM] search_track(Fort Minor|High Road) -> 0 results
2026-03-11 20:24:51,355 [SIM] search_track(Foster Ebayy|Cici Eko) -> 0 results
2026-03-11 20:24:51,355 [SIM] search_track(Foster Ebayy|Loud My Ting) -> 0 results
2026-03-11 20:24:51,355 [SIM] search_track(Foster Ebayy|Mary Jane) -> 0 results
2026-03-11 20:24:51,355 [SIM] search_track(Foster Ebayy|Nwalicha) -> 0 results
2026-03-11 20:24:51,355 [SIM] search_track(Foster Ebayy|11:11) -> 0 results
2026-03-11 20:24:51,355 [SIM] search_track(Foster Ebayy|22:22 (Ascension Interlude)) -> 0 results
2026-03-11 20:24:51,355 [SIM] search_track(Foster Ebayy|Golden Girl) -> 0 results
2026-03-11 20:24:51,355 [SIM] search_track(Foster Ebayy|Indigo Waters) -> 0 results
2026-03-11 20:24:51,355 [SIM] search_track(Foster Ebayy|Love Vibration) -> 0 results
2026-03-11 20:24:51,355 [SIM] search_track(Foster Ebayy|Lovers In Nibiru) -> 0 results
2026-03-11 20:24:51,355 [SIM] search_track(Foster Ebayy|Midnight Rhythm) -> 0 results
2026-03-11 20:24:51,355 [SIM] search_track(Foster Ebayy|Mr. Lover) -> 0 results
2026-03-11 20:24:51,355 [SIM] search_track(Foster Ebayy|5th Dimension) -> 0 results
2026-03-11 20:24:51,355 [SIM] search_track(Foster Ebayy|Biko) -> 0 results
2026-03-11 20:24:51,355 [SIM] search_track(Foster Ebayy|Etherics) -> 0 results
2026-03-11 20:24:51,355 [SIM] search_track(Foster Ebayy|Good Vibes) -> 0 results
2026-03-11 20:24:51,361 [SIM] search_track(Foster Ebayy|Love Language) -> 0 results
2026-03-11 20:24:51,361 [SIM] search_track(Foster Ebayy|No Pressure) -> 0 results
2026-03-11 20:24:51,361 [SIM] search_track(Foster Ebayy|Nobody) -> 0 results
2026-03-11 20:24:51,362 [SIM] search_track(Foster Ebayy|Orange Juice) -> 0 results
2026-03-11 20:24:51,362 [SIM] search_track(Foster Ebayy|Relax & Settle) -> 0 results
2026-03-11 20:24:51,362 [SIM] search_track(Foster Ebayy|Shine) -> 0 results
2026-03-11 20:24:51,362 [SIM] search_track(Foster Ebayy|Unity) -> 0 results
2026-03-11 20:24:51,362 [SIM] search_track(Foster Ebayy|We Are The Lights) -> 0 results
2026-03-11 20:24:51,362 [SIM] search_track(Foster Ebayy|2020) -> 0 results
2026-03-11 20:24:51,362 [SIM] search_track(Foster Ebayy|4th February) -> 0 results
2026-03-11 20:24:51,362 [SIM] search_track(Foster Ebayy|999) -> 0 results
2026-03-11 20:24:51,362 [SIM] search_track(Foster Ebayy|Attention (Interlude)) -> 0 results
2026-03-11 20:24:51,362 [SIM] search_track(Foster Ebayy|Baya) -> 0 results
2026-03-11 20:24:51,362 [SIM] search_track(Foster Ebayy|Can't Let You Go) -> 0 results
2026-03-11 20:24:51,362 [SIM] search_track(Foster Ebayy|Fine Wine) -> 0 results
2026-03-11 20:24:51,362 [SIM] search_track(Foster Ebayy|Foreign Time) -> 0 results
2026-03-11 20:24:51,362 [SIM] search_track(Foster Ebayy|Formation) -> 0 results
2026-03-11 20:24:51,362 [SIM] search_track(Foster Ebayy|Ghetto Love) -> 0 results
2026-03-11 20:24:51,362 [SIM] search_track(Foster Ebayy|Guanmama) -> 0 results
2026-03-11 20:24:51,362 [SIM] search_track(Foster Ebayy|Heavenly) -> 0 results
2026-03-11 20:24:51,362 [SIM] search_track(Foster Ebayy|How I Feel) -> 0 results
2026-03-11 20:24:51,362 [SIM] search_track(Foster Ebayy|Inside Outside) -> 0 results
2026-03-11 20:24:51,362 [SIM] search_track(Foster Ebayy|Love That Never Stops) -> 0 results
2026-03-11 20:24:51,362 [SIM] search_track(Foster Ebayy|Magical Tune) -> 0 results
2026-03-11 20:24:51,363 [SIM] search_track(Foster Ebayy|Midnight Cruise) -> 0 results
2026-03-11 20:24:51,369 [SIM] search_track(Foster Ebayy|My Life) -> 0 results
2026-03-11 20:24:51,369 [SIM] search_track(Foster Ebayy|Nebula Ultra) -> 0 results
2026-03-11 20:24:51,369 [SIM] search_track(Foster Ebayy|No Balance) -> 0 results
2026-03-11 20:24:51,369 [SIM] search_track(Foster Ebayy|Nova) -> 0 results
2026-03-11 20:24:51,369 [SIM] search_track(Foster Ebayy|Odo) -> 0 results
2026-03-11 20:24:51,369 [SIM] search_track(Foster Ebayy|Polaris) -> 0 results
2026-03-11 20:24:51,369 [SIM] search_track(Foster Ebayy|Price Of Love) -> 0 results
2026-03-11 20:24:51,369 [SIM] search_track(Foster Ebayy|Purple Flowers) -> 0 results
2026-03-11 20:24:51,369 [SIM] search_track(Foster Ebayy|Santa Monica) -> 0 results
2026-03-11 20:24:51,369 [SIM] search_track(Foster Ebayy|Senseless) -> 0 results
2026-03-11 20:24:51,369 [SIM] search_track(Foster Ebayy|Sounds From The Stereo) -> 0 results
2026-03-11 20:24:51,369 [SIM] search_track(Foster Ebayy|Switch) -> 0 results
2026-03-11 20:24:51,369 [SIM] search_track(Foster Ebayy|Tempo (69)) -> 0 results
2026-03-11 20:24:51,370 [SIM] search_track(Foster Ebayy|The Bounce) -> 0 results
2026-03-11 20:24:51,370 [SIM] search_track(Foster Ebayy|Twin Flame) -> 0 results
2026-03-11 20:24:51,370 [SIM] search_track(Foster Ebayy|Your Soul) -> 0 results
2026-03-11 20:24:51,370 [SIM] search_track(Foster Ebayy|Zero Point) -> 0 results
2026-03-11 20:24:51,370 [SIM] search_track(Foxy Shazam|Count Me Out) -> 0 results
2026-03-11 20:24:51,370 [SIM] search_track(Foxy Shazam|Killin' It) -> 0 results
2026-03-11 20:24:51,370 [SIM] search_track(Foxy Shazam|Oh Lord) -> 0 results
2026-03-11 20:24:51,370 [SIM] search_track(Foxy Shazam|Wanna-be Angel) -> 0 results
2026-03-11 20:24:51,370 [SIM] search_track(Foxy Shazam|Dreamer) -> 0 results
2026-03-11 20:24:51,370 [SIM] search_track(Fr33sol|Paint The Picture) -> 0 results
2026-03-11 20:24:51,370 [SIM] search_track(Fr33sol|Ma'at) -> 0 results
2026-03-11 20:24:51,370 [SIM] search_track(Fr33sol|Spirit's Warriors) -> 0 results
2026-03-11 20:24:51,376 [SIM] search_track(Fr33sol|Wildman) -> 0 results
2026-03-11 20:24:51,376 [SIM] search_track(Fr33sol|Affirmation) -> 0 results
2026-03-11 20:24:51,376 [SIM] search_track(Fr33sol|Always In Alignment) -> 0 results
2026-03-11 20:24:51,376 [SIM] search_track(Fr33sol|Amazing) -> 0 results
2026-03-11 20:24:51,376 [SIM] search_track(Fr33sol|Crystal Clear) -> 0 results
2026-03-11 20:24:51,376 [SIM] search_track(Fr33sol|Devoted) -> 0 results
2026-03-11 20:24:51,377 [SIM] search_track(Fr33sol|Heavy Is The Head) -> 0 results
2026-03-11 20:24:51,377 [SIM] search_track(Fr33sol|Playing For Keeps) -> 0 results
2026-03-11 20:24:51,377 [SIM] search_track(Fr33sol|Second To None) -> 0 results
2026-03-11 20:24:51,377 [SIM] search_track(Fr33sol|Sound Of Our Triumph) -> 0 results
2026-03-11 20:24:51,377 [SIM] search_track(Fr33sol|The Road Less Traveled) -> 0 results
2026-03-11 20:24:51,377 [SIM] search_track(Fr33sol|Off The Leash) -> 0 results
2026-03-11 20:24:51,377 [SIM] search_track(Fr33sol|Plottin On A Mil) -> 0 results
2026-03-11 20:24:51,377 [SIM] search_track(Fr33sol|4MyNegus (Remix)) -> 0 results
2026-03-11 20:24:51,377 [SIM] search_track(Fr33sol|Godking) -> 0 results
2026-03-11 20:24:51,377 [SIM] search_track(Fr33sol|Blossom) -> 0 results
2026-03-11 20:24:51,377 [SIM] search_track(Fr33sol|The Journey) -> 0 results
2026-03-11 20:24:51,377 [SIM] search_track(Frank Sinatra|Bad Leroy Brown) -> 0 results
2026-03-11 20:24:51,377 [SIM] search_track(Frank Sinatra|For Once In My Life) -> 0 results
2026-03-11 20:24:51,377 [SIM] search_track(Frank Sinatra|I Get a Kick Out of You) -> 0 results
2026-03-11 20:24:51,377 [SIM] search_track(Frank Sinatra|Moon River) -> 0 results
2026-03-11 20:24:51,377 [SIM] search_track(Frank Sinatra|Mrs. Robinson) -> 0 results
2026-03-11 20:24:51,377 [SIM] search_track(Frank Sinatra|My Way) -> 0 results
2026-03-11 20:24:51,377 [SIM] search_track(Frank Sinatra|New York) -> 0 results
2026-03-11 20:24:51,377 [SIM] search_track(Frank Sinatra|Ol' Man River) -> 0 results
2026-03-11 20:24:51,384 [SIM] search_track(Frank Sinatra|Something Stupid) -> 0 results
2026-03-11 20:24:51,384 [SIM] search_track(Frank Sinatra|Strangers in the Night) -> 0 results
2026-03-11 20:24:51,384 [SIM] search_track(Frank Sinatra|Summer Wind) -> 0 results
2026-03-11 20:24:51,384 [SIM] search_track(Frank Sinatra|That's Life) -> 0 results
2026-03-11 20:24:51,384 [SIM] search_track(Frank Sinatra|The Girl From Ipanema) -> 0 results
2026-03-11 20:24:51,384 [SIM] search_track(Frank Sinatra|The Lady Is A Tramp) -> 0 results
2026-03-11 20:24:51,384 [SIM] search_track(Frank Sinatra|What Now My Love) -> 0 results
2026-03-11 20:24:51,384 [SIM] search_track(Frank Sinatra|Yesterday) -> 0 results
2026-03-11 20:24:51,384 [SIM] search_track(Frank Sinatra|All the Way) -> 0 results
2026-03-11 20:24:51,384 [SIM] search_track(Frank Sinatra|Call Me) -> 0 results
2026-03-11 20:24:51,384 [SIM] search_track(Frank Sinatra|I've Got You Under My Skin) -> 0 results
2026-03-11 20:24:51,384 [SIM] search_track(Frank Sinatra|It Was A Very Good Year) -> 0 results
2026-03-11 20:24:51,384 [SIM] search_track(Frank Sinatra|The Look of Love) -> 0 results
2026-03-11 20:24:51,384 [SIM] search_track(Frank Sinatra|They Can't Take That Away From Me) -> 0 results
2026-03-11 20:24:51,385 [SIM] search_track(Frank Sinatra|Let It Snow) -> 0 results
2026-03-11 20:24:51,385 [SIM] search_track(Frank Sinatra|Luck be a Lady) -> 0 results
2026-03-11 20:24:51,385 [SIM] search_track(French Montana|Keep It Real) -> 0 results
2026-03-11 20:24:51,385 [SIM] search_track(French Montana|Kind of Girl) -> 0 results
2026-03-11 20:24:51,385 [SIM] search_track(French Montana|Wiggle It) -> 0 results
2026-03-11 20:24:51,385 [SIM] search_track(French Montana|Hot Boy Bling) -> 0 results
2026-03-11 20:24:51,385 [SIM] search_track(French Montana|Writing on the Wall) -> 0 results
2026-03-11 20:24:51,385 [SIM] search_track(French Montana|Blue Chills) -> 0 results
2026-03-11 20:24:51,385 [SIM] search_track(Fresco Trey|24 Hours) -> 0 results
2026-03-11 20:24:51,385 [SIM] search_track(Fresco Trey|Alone) -> 0 results
2026-03-11 20:24:51,385 [SIM] search_track(Fresco Trey|Couple Hunnid) -> 0 results
2026-03-11 20:24:51,391 [SIM] search_track(Fresco Trey|Key To My Heart) -> 0 results
2026-03-11 20:24:51,391 [SIM] search_track(Fresco Trey|Need You) -> 0 results
2026-03-11 20:24:51,391 [SIM] search_track(Fresco Trey|Not No Mo) -> 0 results
2026-03-11 20:24:51,391 [SIM] search_track(Fresco Trey|Same) -> 0 results
2026-03-11 20:24:51,392 [SIM] search_track(Fresco Trey|Enjoy It) -> 0 results
2026-03-11 20:24:51,392 [SIM] search_track(Fresco Trey|Got You) -> 0 results
2026-03-11 20:24:51,392 [SIM] search_track(Future|Mask Off) -> 0 results
2026-03-11 20:24:51,392 [SIM] search_track(Future|Fine China) -> 0 results
2026-03-11 20:24:51,392 [SIM] search_track(Future|Hard Work Pays Off) -> 0 results
2026-03-11 20:24:51,392 [SIM] search_track(Future|Luv Bad Bitches) -> 0 results
2026-03-11 20:24:51,392 [SIM] search_track(G-Eazy|Nada) -> 0 results
2026-03-11 20:24:51,392 [SIM] search_track(G-Eazy|Provide) -> 0 results
2026-03-11 20:24:51,392 [SIM] search_track(G-Eazy|Summer In December) -> 0 results
2026-03-11 20:24:51,392 [SIM] search_track(G-Eazy|Charles Brown) -> 0 results
2026-03-11 20:24:51,392 [SIM] search_track(G-Eazy|Him & I) -> 0 results
2026-03-11 20:24:51,392 [SIM] search_track(G-Eazy|Boss Tycoon) -> 0 results
2026-03-11 20:24:51,392 [SIM] search_track(G-Eazy|Mama Always Told Me) -> 0 results
2026-03-11 20:24:51,392 [SIM] search_track(G-Eazy|No Less) -> 0 results
2026-03-11 20:24:51,392 [SIM] search_track(G-Eazy|Fly Away) -> 0 results
2026-03-11 20:24:51,392 [SIM] search_track(G-Eazy|Just Believe) -> 0 results
2026-03-11 20:24:51,392 [SIM] search_track(G-Eazy|Remember You) -> 0 results
2026-03-11 20:24:51,392 [SIM] search_track(G-Eazy|Tumblr Girls) -> 0 results
2026-03-11 20:24:51,392 [SIM] search_track(G-Eazy|Far Alone) -> 0 results
2026-03-11 20:24:51,392 [SIM] search_track(G-Eazy|I Mean It) -> 0 results
2026-03-11 20:24:51,392 [SIM] search_track(G-Eazy|Me, Myself & I) -> 0 results
2026-03-11 20:24:51,399 [SIM] search_track(G-Eazy|Lifestyles of the Rich & Hated) -> 0 results
2026-03-11 20:24:51,399 [SIM] search_track(G-Eazy|Of All Things) -> 0 results
2026-03-11 20:24:51,399 [SIM] search_track(Green Day|21 Guns) -> 0 results
2026-03-11 20:24:51,399 [SIM] search_track(Green Day|Boulevard of Broken Dreams) -> 0 results
2026-03-11 20:24:51,399 [SIM] search_track(Green Day|Good Riddance (Time of Your Life)) -> 0 results
2026-03-11 20:24:51,399 [SIM] search_track(Green Day|Wake Me up When September Ends) -> 0 results
2026-03-11 20:24:51,399 [SIM] search_track(Green Day|21st Century Breakdown) -> 0 results
2026-03-11 20:24:51,400 [SIM] search_track(Gunna|on one tonight) -> 0 results
2026-03-11 20:24:51,400 [SIM] search_track(Gunna|one of wun) -> 0 results
2026-03-11 20:24:51,400 [SIM] search_track(Gunna|SKYBOX) -> 0 results
2026-03-11 20:24:51,400 [SIM] search_track(Gunna|Who You Foolin) -> 0 results
2026-03-11 20:24:51,400 [SIM] search_track(Gunna|WUNNA) -> 0 results
2026-03-11 20:24:51,400 [SIM] search_track(Gunna|DOLLAZ ON MY HEAD) -> 0 results
2026-03-11 20:24:51,400 [SIM] search_track(Gym Class Heroes|Cupid's Chokehold) -> 0 results
2026-03-11 20:24:51,400 [SIM] search_track(Gym Class Heroes|The Fighter) -> 0 results
2026-03-11 20:24:51,400 [SIM] search_track(Gym Class Heroes|Stereo Hearts) -> 0 results
2026-03-11 20:24:51,400 [SIM] search_track(Gym Class Heroes|Ass Back Home) -> 0 results
2026-03-11 20:24:51,400 [SIM] search_track(H.E.A.T|Dangerous Ground) -> 0 results
2026-03-11 20:24:51,400 [SIM] search_track(H.E.A.T|One by One) -> 0 results
2026-03-11 20:24:51,400 [SIM] search_track(H.E.A.T|1000 Miles) -> 0 results
2026-03-11 20:24:51,400 [SIM] search_track(H.E.A.T|A Shot At Redemption) -> 0 results
2026-03-11 20:24:51,400 [SIM] search_track(H.E.A.T|Back to the Rhythm) -> 0 results
2026-03-11 20:24:51,400 [SIM] search_track(Hardcore Superstar|Liberation) -> 0 results
2026-03-11 20:24:51,400 [SIM] search_track(Hardcore Superstar|Someone Special) -> 0 results
2026-03-11 20:24:51,400 [SIM] search_track(Hardcore Superstar|Above the Law) -> 0 results
2026-03-11 20:24:51,407 [SIM] search_track(Hardcore Superstar|We Don't Celebrate Sundays) -> 0 results
2026-03-11 20:24:51,407 [SIM] search_track(Hardcore Superstar|We Don't Need a Cure) -> 0 results
2026-03-11 20:24:51,407 [SIM] search_track(Hardcore Superstar|You Can't Kill My Rock 'n Roll) -> 0 results
2026-03-11 20:24:51,407 [SIM] search_track(Hardcore Superstar|Guestlist) -> 0 results
2026-03-11 20:24:51,407 [SIM] search_track(Hardcore Superstar|Last Call for Alcohol) -> 0 results
2026-03-11 20:24:51,407 [SIM] search_track(Hardcore Superstar|Moonshine) -> 0 results
2026-03-11 20:24:51,407 [SIM] search_track(Hilary Duff|All About You) -> 0 results
2026-03-11 20:24:51,407 [SIM] search_track(Hilary Duff|Come Clean) -> 0 results
2026-03-11 20:24:51,407 [SIM] search_track(Hilary Duff|So Yesterday) -> 0 results
2026-03-11 20:24:51,407 [SIM] search_track(Hilary Duff|Why Not) -> 0 results
2026-03-11 20:24:51,407 [SIM] search_track(Hilltop Hoods|Cosby Sweater) -> 0 results
2026-03-11 20:24:51,408 [SIM] search_track(Hilltop Hoods|Still Standing) -> 0 results
2026-03-11 20:24:51,408 [SIM] search_track(Hilltop Hoods|The Nosebleed Section) -> 0 results
2026-03-11 20:24:51,408 [SIM] search_track(Hilltop Hoods|Live And Let Go) -> 0 results
2026-03-11 20:24:51,408 [SIM] search_track(Hilltop Hoods|I Love It) -> 0 results
2026-03-11 20:24:51,408 [SIM] search_track(Hopsin|Dream Forever) -> 0 results
2026-03-11 20:24:51,408 [SIM] search_track(Hopsin|Hop is Back) -> 0 results
2026-03-11 20:24:51,408 [SIM] search_track(Hopsin|What's My Purpose) -> 0 results
2026-03-11 20:24:51,408 [SIM] search_track(Hopsin|Cute In A Suit (Skit)) -> 0 results
2026-03-11 20:24:51,408 [SIM] search_track(Hopsin|Happy Ending) -> 0 results
2026-03-11 20:24:51,408 [SIM] search_track(Hopsin|Hotel In Sydney) -> 0 results
2026-03-11 20:24:51,408 [SIM] search_track(Hopsin|I Must Be On Somethin) -> 0 results
2026-03-11 20:24:51,408 [SIM] search_track(Hopsin|I Wouldn't Do That) -> 0 results
2026-03-11 20:24:51,408 [SIM] search_track(Hopsin|Ill Mind Of Hopsin 9) -> 0 results
2026-03-11 20:24:51,408 [SIM] search_track(Hopsin|Money On The Side) -> 0 results
2026-03-11 20:24:51,415 [SIM] search_track(Hopsin|No Words 2 (Skit)) -> 0 results
2026-03-11 20:24:51,415 [SIM] search_track(Hopsin|Right Here) -> 0 results
2026-03-11 20:24:51,415 [SIM] search_track(Hopsin|Tell'em Who You Got It From) -> 0 results
2026-03-11 20:24:51,415 [SIM] search_track(Hopsin|The Purge) -> 0 results
2026-03-11 20:24:51,415 [SIM] search_track(Hopsin|Twisted) -> 0 results
2026-03-11 20:24:51,415 [SIM] search_track(Hopsin|Witch Doctor) -> 0 results
2026-03-11 20:24:51,416 [SIM] search_track(Hopsin|Black Sheep) -> 0 results
2026-03-11 20:24:51,416 [SIM] search_track(Hopsin|Panorama City) -> 0 results
2026-03-11 20:24:51,416 [SIM] search_track(Hopsin|Marcus's Gospel) -> 0 results
2026-03-11 20:24:51,416 [SIM] search_track(Hopsin|Fly) -> 0 results
2026-03-11 20:24:51,416 [SIM] search_track(Hopsin|Ill Mind of Hopsin 7) -> 0 results
2026-03-11 20:24:51,416 [SIM] search_track(Hopsin|Fort Collins) -> 0 results
2026-03-11 20:24:51,416 [SIM] search_track(Hopsin|All Your Fault) -> 0 results
2026-03-11 20:24:51,416 [SIM] search_track(Hopsin|Alone With Me) -> 0 results
2026-03-11 20:24:51,416 [SIM] search_track(Hopsin|Be11a Ciao) -> 0 results
2026-03-11 20:24:51,416 [SIM] search_track(Hopsin|Die This Way) -> 0 results
2026-03-11 20:24:51,416 [SIM] search_track(Hopsin|Have You Seen Me) -> 0 results
2026-03-11 20:24:51,416 [SIM] search_track(Hopsin|I Don't Want It) -> 0 results
2026-03-11 20:24:51,416 [SIM] search_track(Hopsin|Ill Mind of Hopsin 5) -> 0 results
2026-03-11 20:24:51,416 [SIM] search_track(Hopsin|Ill Mind of Hopsin 8) -> 0 results
2026-03-11 20:24:51,416 [SIM] search_track(Hopsin|Low-Key) -> 0 results
2026-03-11 20:24:51,416 [SIM] search_track(Hopsin|Nocturnal Rainbows) -> 0 results
2026-03-11 20:24:51,416 [SIM] search_track(Hopsin|Picasso) -> 0 results
2026-03-11 20:24:51,416 [SIM] search_track(Hopsin|Sag My Pants) -> 0 results
2026-03-11 20:24:51,416 [SIM] search_track(Hopsin|The Old Us) -> 0 results
2026-03-11 20:24:51,423 [SIM] search_track(Hopsin|You Should've Known) -> 0 results
2026-03-11 20:24:51,423 [SIM] search_track(Hotboii|Live Life Die Faster) -> 0 results
2026-03-11 20:24:51,423 [SIM] search_track(Hotboii|Nobody Special) -> 0 results
2026-03-11 20:24:51,423 [SIM] search_track(Hotboii|Out The Mud) -> 0 results
2026-03-11 20:24:51,424 [SIM] search_track(Hotboii|Doctor) -> 0 results
2026-03-11 20:24:51,424 [SIM] search_track(Iamsu!|Feel Alright) -> 0 results
2026-03-11 20:24:51,424 [SIM] search_track(Iamsu!|Flows, Pt. 3) -> 0 results
2026-03-11 20:24:51,424 [SIM] search_track(Iamsu!|Wavy) -> 0 results
2026-03-11 20:24:51,424 [SIM] search_track(Iamsu!|Guitar Bars) -> 0 results
2026-03-11 20:24:51,424 [SIM] search_track(Iamsu!|Checks) -> 0 results
2026-03-11 20:24:51,424 [SIM] search_track(Iamsu!|By My Side) -> 0 results
2026-03-11 20:24:51,424 [SIM] search_track(Iamsu!|Turnt Up Not Burnt Up) -> 0 results
2026-03-11 20:24:51,424 [SIM] search_track(Iamsu!|Never Goin' Broke) -> 0 results
2026-03-11 20:24:51,424 [SIM] search_track(iann dior|Good Day) -> 0 results
2026-03-11 20:24:51,424 [SIM] search_track(iann dior|let you) -> 0 results
2026-03-11 20:24:51,424 [SIM] search_track(iann dior|TATTOOS & U) -> 0 results
2026-03-11 20:24:51,424 [SIM] search_track(iann dior|Next 2 You) -> 0 results
2026-03-11 20:24:51,424 [SIM] search_track(iann dior|First Time) -> 0 results
2026-03-11 20:24:51,424 [SIM] search_track(iann dior|V12) -> 0 results
2026-03-11 20:24:51,424 [SIM] search_track(iann dior|gone girl) -> 0 results
2026-03-11 20:24:51,424 [SIM] search_track(Ice Cube|Doing Dumb Shit) -> 0 results
2026-03-11 20:24:51,424 [SIM] search_track(Ice Cube|Dominate The Weak) -> 0 results
2026-03-11 20:24:51,424 [SIM] search_track(Ice Cube|No Vaseline) -> 0 results
2026-03-11 20:24:51,424 [SIM] search_track(Ice Cube|Trying To Maintain) -> 0 results
2026-03-11 20:24:51,424 [SIM] search_track(Ice Cube|Arrest The President) -> 0 results
2026-03-11 20:24:51,432 [SIM] search_track(Ice Cube|Bad Dope) -> 0 results
2026-03-11 20:24:51,432 [SIM] search_track(Ice Cube|Can You Dig It?) -> 0 results
2026-03-11 20:24:51,432 [SIM] search_track(Ice Cube|Chase Down The Bully) -> 0 results
2026-03-11 20:24:51,432 [SIM] search_track(Ice Cube|Don't Bring Me No Bag) -> 0 results
2026-03-11 20:24:51,432 [SIM] search_track(Ice Cube|Everythangs Corrupt) -> 0 results
2026-03-11 20:24:51,432 [SIM] search_track(Ice Cube|Fire Water) -> 0 results
2026-03-11 20:24:51,432 [SIM] search_track(Ice Cube|Non Believers) -> 0 results
2026-03-11 20:24:51,432 [SIM] search_track(Ice Cube|On Them Pills) -> 0 results
2026-03-11 20:24:51,432 [SIM] search_track(Ice Cube|One For The Money) -> 0 results
2026-03-11 20:24:51,432 [SIM] search_track(Ice Cube|Still In The Kitchen) -> 0 results
2026-03-11 20:24:51,432 [SIM] search_track(Ice Cube|Streets Shed Tears) -> 0 results
2026-03-11 20:24:51,432 [SIM] search_track(Ice Cube|Super OG) -> 0 results
2026-03-11 20:24:51,432 [SIM] search_track(Ice Cube|That New Funkadelic) -> 0 results
2026-03-11 20:24:51,432 [SIM] search_track(Ice Cube|Ain't Got No Haters) -> 0 results
2026-03-11 20:24:51,432 [SIM] search_track(Ice Cube|Bow Down) -> 0 results
2026-03-11 20:24:51,433 [SIM] search_track(Ice Cube|It Was A Good Day) -> 0 results
2026-03-11 20:24:51,433 [SIM] search_track(Ice Cube|You Know How We Do It) -> 0 results
2026-03-11 20:24:51,433 [SIM] search_track(Ice Cube|Check Yo Self) -> 0 results
2026-03-11 20:24:51,433 [SIM] search_track(Ice Cube|Ghetto Story) -> 0 results
2026-03-11 20:24:51,433 [SIM] search_track(Ice Cube|It's My Ego) -> 0 results
2026-03-11 20:24:51,433 [SIM] search_track(Ice Cube|Rollin' At Twilight) -> 0 results
2026-03-11 20:24:51,433 [SIM] search_track(Ice Cube|So Sensitive) -> 0 results
2026-03-11 20:24:51,433 [SIM] search_track(Ice Cube|Take Me to Your Leader) -> 0 results
2026-03-11 20:24:51,433 [SIM] search_track(Ice Cube|Ego Maniacs) -> 0 results
2026-03-11 20:24:51,433 [SIM] search_track(Ice Cube|Do Ya Thang) -> 0 results
2026-03-11 20:24:51,440 [SIM] search_track(Ice Cube|Gangsta Rap Made Me Do It) -> 0 results
2026-03-11 20:24:51,440 [SIM] search_track(Ice Cube|Stand Tall) -> 0 results
2026-03-11 20:24:51,440 [SIM] search_track(Ice Cube|Until We Rich) -> 0 results
2026-03-11 20:24:51,440 [SIM] search_track(Iggy Azalea|Bounce) -> 0 results
2026-03-11 20:24:51,440 [SIM] search_track(Iggy Azalea|Work) -> 0 results
2026-03-11 20:24:51,440 [SIM] search_track(Iggy Azalea|Fancy) -> 0 results
2026-03-11 20:24:51,440 [SIM] search_track(Iggy Azalea|Change Your Life) -> 0 results
2026-03-11 20:24:51,440 [SIM] search_track(Iggy Pop|Lust For Life) -> 0 results
2026-03-11 20:24:51,440 [SIM] search_track(Iggy Pop|Success) -> 0 results
2026-03-11 20:24:51,440 [SIM] search_track(Iggy Pop|The Passenger) -> 0 results
2026-03-11 20:24:51,440 [SIM] search_track(Illrotic|Beyond the Words) -> 0 results
2026-03-11 20:24:51,440 [SIM] search_track(Illrotic|Blindfold) -> 0 results
2026-03-11 20:24:51,440 [SIM] search_track(Illrotic|I'll Dream On) -> 0 results
2026-03-11 20:24:51,440 [SIM] search_track(Illrotic|OMFG) -> 0 results
2026-03-11 20:24:51,441 [SIM] search_track(Imagine Dragons|Thunder) -> 0 results
2026-03-11 20:24:51,441 [SIM] search_track(Imagine Dragons|Whatever It Takes) -> 0 results
2026-03-11 20:24:51,441 [SIM] search_track(Imagine Dragons|Demons) -> 0 results
2026-03-11 20:24:51,441 [SIM] search_track(Imagine Dragons|On Top Of The World) -> 0 results
2026-03-11 20:24:51,441 [SIM] search_track(Imagine Dragons|Radioactive) -> 0 results
2026-03-11 20:24:51,441 [SIM] search_track(Internet Money|Take It Slow) -> 0 results
2026-03-11 20:24:51,441 [SIM] search_track(Internet Money|Lemonade) -> 0 results
2026-03-11 20:24:51,441 [SIM] search_track(Internet Money|Lost Me) -> 0 results
2026-03-11 20:24:51,441 [SIM] search_track(Internet Money|No Option) -> 0 results
2026-03-11 20:24:51,441 [SIM] search_track(Internet Money|JLO) -> 0 results
2026-03-11 20:24:51,441 [SIM] search_track(Internet Money|Somebody) -> 0 results
2026-03-11 20:24:51,448 [SIM] search_track(Internet Money|Devastated) -> 0 results
2026-03-11 20:24:51,448 [SIM] search_track(Internet Money|Thrusting) -> 0 results
2026-03-11 20:24:51,448 [SIM] search_track(Internet Money|Speak) -> 0 results
2026-03-11 20:24:51,448 [SIM] search_track(Internet Money|Familiar) -> 0 results
2026-03-11 20:24:51,448 [SIM] search_track(Internet Money|Let You Down) -> 0 results
2026-03-11 20:24:51,449 [SIM] search_track(Internet Money|Blastoff) -> 0 results
2026-03-11 20:24:51,449 [SIM] search_track(Internet Money|Really Redd) -> 0 results
2026-03-11 20:24:51,449 [SIM] search_track(Internet Money|Block) -> 0 results
2026-03-11 20:24:51,449 [SIM] search_track(Internet Money|Message) -> 0 results
2026-03-11 20:24:51,449 [SIM] search_track(Internet Money|Right Now) -> 0 results
2026-03-11 20:24:51,449 [SIM] search_track(Internet Money|Giddy Up) -> 0 results
2026-03-11 20:24:51,449 [SIM] search_track(Internet Money|Options) -> 0 results
2026-03-11 20:24:51,449 [SIM] search_track(Internet Money|Codeine Cowboy) -> 0 results
2026-03-11 20:24:51,449 [SIM] search_track(Internet Money|Flossin') -> 0 results
2026-03-11 20:24:51,449 [SIM] search_track(Internet Money|His & Hers) -> 0 results
2026-03-11 20:24:51,449 [SIM] search_track(Internet Money|JETSKI) -> 0 results
2026-03-11 20:24:51,449 [SIM] search_track(Irie Souljah|Helping Hand) -> 0 results
2026-03-11 20:24:51,449 [SIM] search_track(Irie Souljah|Learn and Grow) -> 0 results
2026-03-11 20:24:51,449 [SIM] search_track(Irie Souljah|Magic) -> 0 results
2026-03-11 20:24:51,449 [SIM] search_track(Irie Souljah|Running Outta Love) -> 0 results
2026-03-11 20:24:51,449 [SIM] search_track(Irie Souljah|Thankful) -> 0 results
2026-03-11 20:24:51,449 [SIM] search_track(Iyaz|Breathe) -> 0 results
2026-03-11 20:24:51,449 [SIM] search_track(Iyaz|Goodbye) -> 0 results
2026-03-11 20:24:51,449 [SIM] search_track(Iyaz|Heartbeat) -> 0 results
2026-03-11 20:24:51,449 [SIM] search_track(Iyaz|OK) -> 0 results
2026-03-11 20:24:51,456 [SIM] search_track(Iyaz|Replay) -> 0 results
2026-03-11 20:24:51,456 [SIM] search_track(Iyaz|So Big) -> 0 results
2026-03-11 20:24:51,456 [SIM] search_track(Iyaz|Solo) -> 0 results
2026-03-11 20:24:51,456 [SIM] search_track(Iyaz|There You Are) -> 0 results
2026-03-11 20:24:51,456 [SIM] search_track(Iyaz|Pretty Girls) -> 0 results
2026-03-11 20:24:51,457 [SIM] search_track(J. Cole|Love Yourz) -> 0 results
2026-03-11 20:24:51,457 [SIM] search_track(J. Cole|No Role Modelz) -> 0 results
2026-03-11 20:24:51,457 [SIM] search_track(J. Cole|Wet Dreamz) -> 0 results
2026-03-11 20:24:51,457 [SIM] search_track(J. Cole|Rich N****z) -> 0 results
2026-03-11 20:24:51,457 [SIM] search_track(J. Cole|Power Trip) -> 0 results
2026-03-11 20:24:51,457 [SIM] search_track(J. Cole|Crooked Smile) -> 0 results
2026-03-11 20:24:51,457 [SIM] search_track(J. Cole|Work Out) -> 0 results
2026-03-11 20:24:51,457 [SIM] search_track(J. Cole|Can't Get Enough) -> 0 results
2026-03-11 20:24:51,457 [SIM] search_track(J. Cole|Fever) -> 0 results
2026-03-11 20:24:51,457 [SIM] search_track(J. Cole|Stealth Mode) -> 0 results
2026-03-11 20:24:51,457 [SIM] search_track(J. Cole|H.Y.B.) -> 0 results
2026-03-11 20:24:51,457 [SIM] search_track(J. Cole|Ready ‘24) -> 0 results
2026-03-11 20:24:51,457 [SIM] search_track(Ja Rule|Always On Time) -> 0 results
2026-03-11 20:24:51,457 [SIM] search_track(Ja Rule|Livin' It Up) -> 0 results
2026-03-11 20:24:51,457 [SIM] search_track(Ja Rule|Put It On Me) -> 0 results
2026-03-11 20:24:51,457 [SIM] search_track(Ja Rule|Mesmerize) -> 0 results
2026-03-11 20:24:51,457 [SIM] search_track(Jack Harlow|First Class) -> 0 results
2026-03-11 20:24:51,457 [SIM] search_track(Jack Harlow|I Got A Shot) -> 0 results
2026-03-11 20:24:51,457 [SIM] search_track(Jack Harlow|Like A Blade Of Grass) -> 0 results
2026-03-11 20:24:51,457 [SIM] search_track(Jack Harlow|Lil Secret) -> 0 results
2026-03-11 20:24:51,464 [SIM] search_track(Jack Harlow|Nail Tech) -> 0 results
2026-03-11 20:24:51,465 [SIM] search_track(Jack Harlow|Side Piece) -> 0 results
2026-03-11 20:24:51,465 [SIM] search_track(Jack Harlow|State Fair) -> 0 results
2026-03-11 20:24:51,465 [SIM] search_track(Jack Harlow|Young Harleezy) -> 0 results
2026-03-11 20:24:51,465 [SIM] search_track(Jack Harlow|Churchill Downs) -> 0 results
2026-03-11 20:24:51,465 [SIM] search_track(Jack Harlow|Parent Trap) -> 0 results
2026-03-11 20:24:51,465 [SIM] search_track(Jack Harlow|Poison) -> 0 results
2026-03-11 20:24:51,465 [SIM] search_track(Jack Harlow|Ambitious) -> 0 results
2026-03-11 20:24:51,465 [SIM] search_track(Jack Harlow|Denver) -> 0 results
2026-03-11 20:24:51,465 [SIM] search_track(Jack Harlow|Is That Ight?) -> 0 results
2026-03-11 20:24:51,465 [SIM] search_track(Jack Harlow|It Can't Be) -> 0 results
2026-03-11 20:24:51,465 [SIM] search_track(Jack Harlow|No Enhancers) -> 0 results
2026-03-11 20:24:51,465 [SIM] search_track(Jack Harlow|Questions) -> 0 results
2026-03-11 20:24:51,465 [SIM] search_track(Jack Harlow|They Don't Love It) -> 0 results
2026-03-11 20:24:51,465 [SIM] search_track(Jack Harlow|Eastern Parkway) -> 0 results
2026-03-11 20:24:51,465 [SIM] search_track(Jack Harlow|Hello Miss Johnson) -> 0 results
2026-03-11 20:24:51,465 [SIM] search_track(Jack Harlow|Lovin On Me) -> 0 results
2026-03-11 20:24:51,465 [SIM] search_track(Jack Harlow|THRU THE NIGHT) -> 0 results
2026-03-11 20:24:51,465 [SIM] search_track(Jack Harlow|Just Us) -> 0 results
2026-03-11 20:24:51,465 [SIM] search_track(Jack Harlow|21C/Delta) -> 0 results
2026-03-11 20:24:51,465 [SIM] search_track(Jack Harlow|Baxter Avenue) -> 0 results
2026-03-11 20:24:51,465 [SIM] search_track(Jack Harlow|Creme) -> 0 results
2026-03-11 20:24:51,466 [SIM] search_track(Jack Harlow|Keep It Light) -> 0 results
2026-03-11 20:24:51,466 [SIM] search_track(Jack Harlow|Rendezvous) -> 0 results
2026-03-11 20:24:51,466 [SIM] search_track(Jack Harlow|Tyler Herro) -> 0 results
2026-03-11 20:24:51,473 [SIM] search_track(Jack Harlow|Same Guy) -> 0 results
2026-03-11 20:24:51,473 [SIM] search_track(Jack Harlow|Way Out) -> 0 results
2026-03-11 20:24:51,473 [SIM] search_track(Jack Harlow|Already Best Friends) -> 0 results
2026-03-11 20:24:51,473 [SIM] search_track(Jack Harlow|Luv Is Dro) -> 0 results
2026-03-11 20:24:51,473 [SIM] search_track(Jack Harlow|Whats Poppin) -> 0 results
2026-03-11 20:24:51,473 [SIM] search_track(Jack Johnson|Banana Pancakes) -> 0 results
2026-03-11 20:24:51,473 [SIM] search_track(Jack Johnson|Good People) -> 0 results
2026-03-11 20:24:51,473 [SIM] search_track(Jack Johnson|Sitting, Waiting, Wishing) -> 0 results
2026-03-11 20:24:51,473 [SIM] search_track(Jake Scott|Favorite T-Shirt) -> 0 results
2026-03-11 20:24:51,473 [SIM] search_track(Jake Scott|Like This) -> 0 results
2026-03-11 20:24:51,473 [SIM] search_track(Jake Scott|Man Who Stays) -> 0 results
2026-03-11 20:24:51,473 [SIM] search_track(Jamiroquai|Hot Tequila Brown) -> 0 results
2026-03-11 20:24:51,473 [SIM] search_track(Jamiroquai|Seven Days in Sunny June) -> 0 results
2026-03-11 20:24:51,473 [SIM] search_track(Jamiroquai|Starchild) -> 0 results
2026-03-11 20:24:51,474 [SIM] search_track(Jamiroquai|Talullah) -> 0 results
2026-03-11 20:24:51,474 [SIM] search_track(Jason Derulo|Breathing) -> 0 results
2026-03-11 20:24:51,474 [SIM] search_track(Jason Derulo|Fight for You) -> 0 results
2026-03-11 20:24:51,474 [SIM] search_track(Jason Derulo|It Girl) -> 0 results
2026-03-11 20:24:51,474 [SIM] search_track(Jason Derulo|Blind) -> 0 results
2026-03-11 20:24:51,474 [SIM] search_track(Jason Derulo|Encore) -> 0 results
2026-03-11 20:24:51,474 [SIM] search_track(Jason Derulo|Fallen) -> 0 results
2026-03-11 20:24:51,474 [SIM] search_track(Jason Derulo|In My Head) -> 0 results
2026-03-11 20:24:51,474 [SIM] search_track(Jason Derulo|Love Hangover) -> 0 results
2026-03-11 20:24:51,474 [SIM] search_track(Jason Derulo|Ridin' Solo) -> 0 results
2026-03-11 20:24:51,474 [SIM] search_track(Jason Derulo|Strobelight) -> 0 results
2026-03-11 20:24:51,481 [SIM] search_track(Jason Derulo|The Sky's the Limit) -> 0 results
2026-03-11 20:24:51,482 [SIM] search_track(Jason Derulo|What If) -> 0 results
2026-03-11 20:24:51,482 [SIM] search_track(Jason Derulo|Whatcha Say) -> 0 results
2026-03-11 20:24:51,482 [SIM] search_track(Jason Derulo|Want to Want Me) -> 0 results
2026-03-11 20:24:51,482 [SIM] search_track(Jason Derulo|Slidin') -> 0 results
2026-03-11 20:24:51,482 [SIM] search_track(Jason Derulo|Tattoo) -> 0 results
2026-03-11 20:24:51,482 [SIM] search_track(Jason Derulo|The Other Side) -> 0 results
2026-03-11 20:24:51,482 [SIM] search_track(Jason Derulo|Talk Dirty) -> 0 results
2026-03-11 20:24:51,482 [SIM] search_track(Jay Sean|Fire) -> 0 results
2026-03-11 20:24:51,482 [SIM] search_track(Jay Sean|If I Ain’t Got You) -> 0 results
2026-03-11 20:24:51,482 [SIM] search_track(Jay Sean|Down) -> 0 results
2026-03-11 20:24:51,482 [SIM] search_track(Jay Sean|Do You Remember) -> 0 results
2026-03-11 20:24:51,482 [SIM] search_track(Jay-Z|Song Cry) -> 0 results
2026-03-11 20:24:51,482 [SIM] search_track(Jay-Z|Renegade) -> 0 results
2026-03-11 20:24:51,482 [SIM] search_track(Jay-Z|Young Forever) -> 0 results
2026-03-11 20:24:51,482 [SIM] search_track(Jay-Z|Encore) -> 0 results
2026-03-11 20:24:51,482 [SIM] search_track(Jay-Z|Hard Knock Life) -> 0 results
2026-03-11 20:24:51,482 [SIM] search_track(Jay-Z|Run This Town) -> 0 results
2026-03-11 20:24:51,482 [SIM] search_track(Jay-Z|Empire State Of Mind) -> 0 results
2026-03-11 20:24:51,482 [SIM] search_track(Jersey Boys|Big Girls Don't Cry) -> 0 results
2026-03-11 20:24:51,483 [SIM] search_track(Jersey Boys|December, 1963) -> 0 results
2026-03-11 20:24:51,483 [SIM] search_track(Jersey Boys|Fallen Angel) -> 0 results
2026-03-11 20:24:51,483 [SIM] search_track(Jersey Boys|I Make A Fool Of Myself) -> 0 results
2026-03-11 20:24:51,483 [SIM] search_track(Jersey Boys|My Eyes Adored You) -> 0 results
2026-03-11 20:24:51,483 [SIM] search_track(Jersey Boys|Our Day Will Come) -> 0 results
2026-03-11 20:24:51,490 [SIM] search_track(Jersey Boys|Sherry) -> 0 results
2026-03-11 20:24:51,490 [SIM] search_track(Jersey Boys|Swearin' to God) -> 0 results
2026-03-11 20:24:51,490 [SIM] search_track(Jersey Boys|The Proud One) -> 0 results
2026-03-11 20:24:51,491 [SIM] search_track(Jersey Boys|To Give) -> 0 results
2026-03-11 20:24:51,491 [SIM] search_track(Jersey Boys|We're All Alone) -> 0 results
2026-03-11 20:24:51,491 [SIM] search_track(Jersey Boys|Who Loves You) -> 0 results
2026-03-11 20:24:51,491 [SIM] search_track(Jessica Mauboy|Been Waiting) -> 0 results
2026-03-11 20:24:51,491 [SIM] search_track(Jessica Mauboy|Running Back) -> 0 results
2026-03-11 20:24:51,491 [SIM] search_track(Jessica Mauboy|Like This) -> 0 results
2026-03-11 20:24:51,491 [SIM] search_track(Jessica Mauboy|What Happened to Us) -> 0 results
2026-03-11 20:24:51,491 [SIM] search_track(Jessica Mauboy|Saturday Night) -> 0 results
2026-03-11 20:24:51,491 [SIM] search_track(Jessica Mauboy|Galaxy) -> 0 results
2026-03-11 20:24:51,491 [SIM] search_track(Jet|Are You Gonna Be My Girl) -> 0 results
2026-03-11 20:24:51,491 [SIM] search_track(Jet|Look What You've Done) -> 0 results
2026-03-11 20:24:51,491 [SIM] search_track(Jet|Seventeen) -> 0 results
2026-03-11 20:24:51,491 [SIM] search_track(Joey Bada$$|AMERIKKKAN IDOL) -> 0 results
2026-03-11 20:24:51,491 [SIM] search_track(Joey Bada$$|BABYLON) -> 0 results
2026-03-11 20:24:51,491 [SIM] search_track(Joey Bada$$|DEVASTATED) -> 0 results
2026-03-11 20:24:51,491 [SIM] search_track(Joey Bada$$|FOR MY PEOPLE) -> 0 results
2026-03-11 20:24:51,491 [SIM] search_track(Joey Bada$$|GOOD MORNING AMERIKKKA) -> 0 results
2026-03-11 20:24:51,491 [SIM] search_track(Joey Bada$$|LAND OF THE FREE) -> 0 results
2026-03-11 20:24:51,491 [SIM] search_track(Joey Bada$$|TEMPTATION) -> 0 results
2026-03-11 20:24:51,491 [SIM] search_track(Joey Bada$$|500 Benz) -> 0 results
2026-03-11 20:24:51,491 [SIM] search_track(Joey Bada$$|95 Till Infinity) -> 0 results
2026-03-11 20:24:51,492 [SIM] search_track(Joey Bada$$|Blast Off) -> 0 results
2026-03-11 20:24:51,499 [SIM] search_track(Joey Bada$$|Christ Conscious) -> 0 results
2026-03-11 20:24:51,499 [SIM] search_track(Joey Bada$$|Like Water) -> 0 results
2026-03-11 20:24:51,499 [SIM] search_track(Joey Bada$$|Unorthodox) -> 0 results
2026-03-11 20:24:51,499 [SIM] search_track(John Butler Trio|One Way Road) -> 0 results
2026-03-11 20:24:51,499 [SIM] search_track(John Butler Trio|Revolution) -> 0 results
2026-03-11 20:24:51,499 [SIM] search_track(John Butler Trio|Better Than) -> 0 results
2026-03-11 20:24:51,500 [SIM] search_track(John Butler Trio|Caroline) -> 0 results
2026-03-11 20:24:51,500 [SIM] search_track(John Butler Trio|Daniella) -> 0 results
2026-03-11 20:24:51,500 [SIM] search_track(John Butler Trio|Fire In The Sky) -> 0 results
2026-03-11 20:24:51,500 [SIM] search_track(John Butler Trio|Funky Tonight) -> 0 results
2026-03-11 20:24:51,500 [SIM] search_track(John Butler Trio|Gonna Take It) -> 0 results
2026-03-11 20:24:51,500 [SIM] search_track(John Butler Trio|Good Excuse) -> 0 results
2026-03-11 20:24:51,500 [SIM] search_track(John Butler Trio|Gov Did Nothin') -> 0 results
2026-03-11 20:24:51,500 [SIM] search_track(John Butler Trio|Groovin' Slowly) -> 0 results
2026-03-11 20:24:51,500 [SIM] search_track(John Butler Trio|Losing You) -> 0 results
2026-03-11 20:24:51,500 [SIM] search_track(John Butler Trio|Nowhere Man) -> 0 results
2026-03-11 20:24:51,500 [SIM] search_track(John Butler Trio|Recognise Me) -> 0 results
2026-03-11 20:24:51,500 [SIM] search_track(John Butler Trio|Used To Get High) -> 0 results
2026-03-11 20:24:51,500 [SIM] search_track(John Williams|Raiders March) -> 0 results
2026-03-11 20:24:51,500 [SIM] search_track(John Williams|Ben's Death and TIE Fighter Attack) -> 0 results
2026-03-11 20:24:51,500 [SIM] search_track(John Williams|Cantina Band) -> 0 results
2026-03-11 20:24:51,500 [SIM] search_track(John Williams|Main Title) -> 0 results
2026-03-11 20:24:51,500 [SIM] search_track(John Williamson|Diamantina Drover) -> 0 results
2026-03-11 20:24:51,500 [SIM] search_track(John Williamson|Home Among the Gumtrees) -> 0 results
2026-03-11 20:24:51,500 [SIM] search_track(John Williamson|Rip Rip Woodchip) -> 0 results
2026-03-11 20:24:51,508 [SIM] search_track(John Williamson|The Land of the Truly Free) -> 0 results
2026-03-11 20:24:51,509 [SIM] search_track(John Williamson|True Blue) -> 0 results
2026-03-11 20:24:51,509 [SIM] search_track(John Williamson|Waltzing Matilda) -> 0 results
2026-03-11 20:24:51,509 [SIM] search_track(John Williamson|Big Bad Bushranger) -> 0 results
2026-03-11 20:24:51,509 [SIM] search_track(John Williamson|Santa Bring Me a Dinosaur) -> 0 results
2026-03-11 20:24:51,509 [SIM] search_track(John Williamson|The Golden Kangaroo) -> 0 results
2026-03-11 20:24:51,509 [SIM] search_track(John Williamson|Crocodile Roll) -> 0 results
2026-03-11 20:24:51,509 [SIM] search_track(John Williamson|Goodbye Blinky Bill) -> 0 results
2026-03-11 20:24:51,509 [SIM] search_track(John Williamson|Old Man Emu) -> 0 results
2026-03-11 20:24:51,509 [SIM] search_track(John Williamson|Big Bad Banksia Man) -> 0 results
2026-03-11 20:24:51,509 [SIM] search_track(John Williamson|Bill the Cat) -> 0 results
2026-03-11 20:24:51,509 [SIM] search_track(John Williamson|Queen in the Sport of Kings) -> 0 results
2026-03-11 20:24:51,509 [SIM] search_track(John Williamson|Raining on the Rock) -> 0 results
2026-03-11 20:24:51,509 [SIM] search_track(John Williamson|The Breaker) -> 0 results
2026-03-11 20:24:51,509 [SIM] search_track(John Williamson|You & My Guitar) -> 0 results
2026-03-11 20:24:51,509 [SIM] search_track(John Williamson|Bush Barber) -> 0 results
2026-03-11 20:24:51,509 [SIM] search_track(John Williamson|Bushtown) -> 0 results
2026-03-11 20:24:51,509 [SIM] search_track(John Williamson|Dad's Flowers) -> 0 results
2026-03-11 20:24:51,509 [SIM] search_track(Johnny Cash|I Call Him) -> 0 results
2026-03-11 20:24:51,509 [SIM] search_track(Johnny Cash|Snow In His Hair) -> 0 results
2026-03-11 20:24:51,509 [SIM] search_track(Johnny Cash|Harley) -> 0 results
2026-03-11 20:24:51,510 [SIM] search_track(Johnny Cash|Hello Out There) -> 0 results
2026-03-11 20:24:51,510 [SIM] search_track(Johnny Cash|I Love You Tonite) -> 0 results
2026-03-11 20:24:51,510 [SIM] search_track(Johnny Cash|Like A Soldier) -> 0 results
2026-03-11 20:24:51,510 [SIM] search_track(Johnny Cash|Soldier Boy) -> 0 results
2026-03-11 20:24:51,518 [SIM] search_track(Johnny Cash|Well Alright) -> 0 results
2026-03-11 20:24:51,518 [SIM] search_track(Johnny Cash|Ballad Of A Teenage Queen) -> 0 results
2026-03-11 20:24:51,518 [SIM] search_track(Johnny Cash|Folsom Prison Blues) -> 0 results
2026-03-11 20:24:51,518 [SIM] search_track(Johnny Cash|Get Rhythm) -> 0 results
2026-03-11 20:24:51,518 [SIM] search_track(Johnny Cash|I Walk the Line) -> 0 results
2026-03-11 20:24:51,518 [SIM] search_track(Johnny Cash|Ring of Fire) -> 0 results
2026-03-11 20:24:51,518 [SIM] search_track(Jonas Blue|Fast Car) -> 0 results
2026-03-11 20:24:51,518 [SIM] search_track(Jonas Blue|Rise) -> 0 results
2026-03-11 20:24:51,518 [SIM] search_track(Jonas Blue|Perfect Strangers) -> 0 results
2026-03-11 20:24:51,518 [SIM] search_track(Jordin Sparks|One Step At a Time) -> 0 results
2026-03-11 20:24:51,518 [SIM] search_track(Jordin Sparks|Tattoo) -> 0 results
2026-03-11 20:24:51,518 [SIM] search_track(Jordin Sparks|No Air) -> 0 results
2026-03-11 20:24:51,518 [SIM] search_track(Joyner Lucas|Forever) -> 0 results
2026-03-11 20:24:51,519 [SIM] search_track(Joyner Lucas|I'm Sorry) -> 0 results
2026-03-11 20:24:51,519 [SIM] search_track(Joyner Lucas|Just Like You) -> 0 results
2026-03-11 20:24:51,519 [SIM] search_track(Joyner Lucas|Devil's Work) -> 0 results
2026-03-11 20:24:51,519 [SIM] search_track(Joyner Lucas|I Love) -> 0 results
2026-03-11 20:24:51,519 [SIM] search_track(Joyner Lucas|Will) -> 0 results
2026-03-11 20:24:51,519 [SIM] search_track(Joyner Lucas|Finally) -> 0 results
2026-03-11 20:24:51,519 [SIM] search_track(Joyner Lucas|Still Can't Love) -> 0 results
2026-03-11 20:24:51,519 [SIM] search_track(Joyner Lucas|The War) -> 0 results
2026-03-11 20:24:51,519 [SIM] search_track(Joyner Lucas|Duck Duck Goose) -> 0 results
2026-03-11 20:24:51,519 [SIM] search_track(Joyner Lucas|Seventeen) -> 0 results
2026-03-11 20:24:51,519 [SIM] search_track(Joyner Lucas|Will (Remix)) -> 0 results
2026-03-11 20:24:51,519 [SIM] search_track(Joyner Lucas|Late to the Party) -> 0 results
2026-03-11 20:24:51,527 [SIM] search_track(Juice WRLD|Desire) -> 0 results
2026-03-11 20:24:51,527 [SIM] search_track(Juice WRLD|Empty) -> 0 results
2026-03-11 20:24:51,527 [SIM] search_track(Juice WRLD|Fast) -> 0 results
2026-03-11 20:24:51,527 [SIM] search_track(Juice WRLD|Hear Me Calling) -> 0 results
2026-03-11 20:24:51,527 [SIM] search_track(Juice WRLD|HeMotions) -> 0 results
2026-03-11 20:24:51,527 [SIM] search_track(Juice WRLD|Who Shot Cupid?) -> 0 results
2026-03-11 20:24:51,527 [SIM] search_track(Juice WRLD|Ring Ring) -> 0 results
2026-03-11 20:24:51,527 [SIM] search_track(Juice WRLD|Already Dead) -> 0 results
2026-03-11 20:24:51,528 [SIM] search_track(Juice WRLD|Legends) -> 0 results
2026-03-11 20:24:51,528 [SIM] search_track(Juice WRLD|Rich And Blind) -> 0 results
2026-03-11 20:24:51,528 [SIM] search_track(Juice WRLD|Wandered To LA) -> 0 results
2026-03-11 20:24:51,528 [SIM] search_track(Juice WRLD|734) -> 0 results
2026-03-11 20:24:51,528 [SIM] search_track(Juice WRLD|All Girls Are The Same) -> 0 results
2026-03-11 20:24:51,528 [SIM] search_track(Juice WRLD|Black & White) -> 0 results
2026-03-11 20:24:51,528 [SIM] search_track(Juice WRLD|Candles) -> 0 results
2026-03-11 20:24:51,528 [SIM] search_track(Juice WRLD|End Of The Road) -> 0 results
2026-03-11 20:24:51,528 [SIM] search_track(Juice WRLD|Glo’d Up) -> 0 results
2026-03-11 20:24:51,528 [SIM] search_track(Juice WRLD|Hurt Me) -> 0 results
2026-03-11 20:24:51,528 [SIM] search_track(Juice WRLD|I'll Be Fine) -> 0 results
2026-03-11 20:24:51,528 [SIM] search_track(Juice WRLD|I'm Still) -> 0 results
2026-03-11 20:24:51,528 [SIM] search_track(Juice WRLD|Lean Wit Me) -> 0 results
2026-03-11 20:24:51,528 [SIM] search_track(Juice WRLD|Long Gone) -> 0 results
2026-03-11 20:24:51,528 [SIM] search_track(Juice WRLD|Lucid Dreams) -> 0 results
2026-03-11 20:24:51,528 [SIM] search_track(Juice WRLD|No Good) -> 0 results
2026-03-11 20:24:51,528 [SIM] search_track(Juice WRLD|Scared Of Love) -> 0 results
2026-03-11 20:24:51,536 [SIM] search_track(Juice WRLD|Used To) -> 0 results
2026-03-11 20:24:51,536 [SIM] search_track(Juice WRLD|Wasted) -> 0 results
2026-03-11 20:24:51,536 [SIM] search_track(Juice WRLD|All Life Long) -> 0 results
2026-03-11 20:24:51,536 [SIM] search_track(Juice WRLD|Bad Energy) -> 0 results
2026-03-11 20:24:51,537 [SIM] search_track(Juice WRLD|Blood On My Jeans) -> 0 results
2026-03-11 20:24:51,537 [SIM] search_track(Juice WRLD|Can't Die) -> 0 results
2026-03-11 20:24:51,537 [SIM] search_track(Juice WRLD|Conversations) -> 0 results
2026-03-11 20:24:51,537 [SIM] search_track(Juice WRLD|Get Through It (Interlude)) -> 0 results
2026-03-11 20:24:51,537 [SIM] search_track(Juice WRLD|I Want It) -> 0 results
2026-03-11 20:24:51,537 [SIM] search_track(Juice WRLD|Intro) -> 0 results
2026-03-11 20:24:51,537 [SIM] search_track(Juice WRLD|Juice WRLD Speaks From Heaven (Outro)) -> 0 results
2026-03-11 20:24:51,537 [SIM] search_track(Juice WRLD|Man Of The Year) -> 0 results
2026-03-11 20:24:51,537 [SIM] search_track(Juice WRLD|Righteous) -> 0 results
2026-03-11 20:24:51,537 [SIM] search_track(Juice WRLD|Screw Juice) -> 0 results
2026-03-11 20:24:51,537 [SIM] search_track(Juice WRLD|Stay High) -> 0 results
2026-03-11 20:24:51,537 [SIM] search_track(Juice WRLD|The Man, The Myth, The Legend (Interlude)) -> 0 results
2026-03-11 20:24:51,537 [SIM] search_track(Juice WRLD|Titanic) -> 0 results
2026-03-11 20:24:51,537 [SIM] search_track(Juice WRLD|Up Up And Away) -> 0 results
2026-03-11 20:24:51,537 [SIM] search_track(Juice WRLD|Life's A Mess) -> 0 results
2026-03-11 20:24:51,537 [SIM] search_track(Juice WRLD|Come & Go) -> 0 results
2026-03-11 20:24:51,537 [SIM] search_track(Juice WRLD|Smile) -> 0 results
2026-03-11 20:24:51,537 [SIM] search_track(Juice WRLD|Armed And Dangerous) -> 0 results
2026-03-11 20:24:51,537 [SIM] search_track(Juice WRLD|Back in Chicago) -> 0 results
2026-03-11 20:24:51,538 [SIM] search_track(Juice WRLD|Lotti Lotti) -> 0 results
2026-03-11 20:24:51,538 [SIM] search_track(Juice WRLD|Real Shit) -> 0 results
2026-03-11 20:24:51,546 [SIM] search_track(Juice WRLD|Bad Boy) -> 0 results
2026-03-11 20:24:51,546 [SIM] search_track(Juice WRLD|Graduation) -> 0 results
2026-03-11 20:24:51,546 [SIM] search_track(Juice WRLD|Vacation) -> 0 results
2026-03-11 20:24:51,546 [SIM] search_track(Juice WRLD|Empty Out Your Pockets) -> 0 results
2026-03-11 20:24:51,546 [SIM] search_track(Juice WRLD|Misfit) -> 0 results
2026-03-11 20:24:51,546 [SIM] search_track(Juice WRLD|Lace It) -> 0 results
2026-03-11 20:24:51,546 [SIM] search_track(Juice WRLD|Best Friend) -> 0 results
2026-03-11 20:24:51,546 [SIM] search_track(Juice WRLD|AGATS2 (Insecure)) -> 0 results
2026-03-11 20:24:51,546 [SIM] search_track(Justice Crew|Boom Boom) -> 0 results
2026-03-11 20:24:51,546 [SIM] search_track(Justice Crew|Que Sera) -> 0 results
2026-03-11 20:24:51,546 [SIM] search_track(Justice Crew|Friday To Sunday) -> 0 results
2026-03-11 20:24:51,546 [SIM] search_track(Justin Bieber|Believe) -> 0 results
2026-03-11 20:24:51,546 [SIM] search_track(Justin Bieber|Boyfriend) -> 0 results
2026-03-11 20:24:51,546 [SIM] search_track(Justin Bieber|As Long As You Love Me) -> 0 results
2026-03-11 20:24:51,546 [SIM] search_track(Justin Bieber|All Around The World) -> 0 results
2026-03-11 20:24:51,546 [SIM] search_track(Justin Bieber|Beauty And A Beat) -> 0 results
2026-03-11 20:24:51,546 [SIM] search_track(Justin Bieber|Hold On) -> 0 results
2026-03-11 20:24:51,547 [SIM] search_track(Justin Bieber|Peaches) -> 0 results
2026-03-11 20:24:51,547 [SIM] search_track(Justin Bieber|As I Am) -> 0 results
2026-03-11 20:24:51,547 [SIM] search_track(Justin Bieber|Wish You Would) -> 0 results
2026-03-11 20:24:51,547 [SIM] search_track(Justin Bieber|Unstable) -> 0 results
2026-03-11 20:24:51,547 [SIM] search_track(Justin Bieber|I'll Show You) -> 0 results
2026-03-11 20:24:51,547 [SIM] search_track(Justin Bieber|Life Is Worth Living) -> 0 results
2026-03-11 20:24:51,547 [SIM] search_track(Justin Bieber|Mark My Words) -> 0 results
2026-03-11 20:24:51,547 [SIM] search_track(Justin Bieber|Purpose) -> 0 results
2026-03-11 20:24:51,555 [SIM] search_track(Justin Bieber|Sorry) -> 0 results
2026-03-11 20:24:51,555 [SIM] search_track(Justin Bieber|What Do You Mean?) -> 0 results
2026-03-11 20:24:51,555 [SIM] search_track(Justin Bieber|2U) -> 0 results
2026-03-11 20:24:51,555 [SIM] search_track(Justin Bieber|Cold Water) -> 0 results
2026-03-11 20:24:51,555 [SIM] search_track(Justin Bieber|Let Me Love You) -> 0 results
2026-03-11 20:24:51,555 [SIM] search_track(Justin Bieber|Yummy) -> 0 results
2026-03-11 20:24:51,555 [SIM] search_track(Justin Bieber|Lonely) -> 0 results
2026-03-11 20:24:51,555 [SIM] search_track(Justin Bieber|Baby) -> 0 results
2026-03-11 20:24:51,556 [SIM] search_track(Justin Bieber|Intentions) -> 0 results
2026-03-11 20:24:51,556 [SIM] search_track(Justin Timberlake|LoveStoned) -> 0 results
2026-03-11 20:24:51,556 [SIM] search_track(Justin Timberlake|What Goes Around, Comes Around) -> 0 results
2026-03-11 20:24:51,556 [SIM] search_track(Justin Timberlake|My Love) -> 0 results
2026-03-11 20:24:51,556 [SIM] search_track(Justin Timberlake|Until the End of Time) -> 0 results
2026-03-11 20:24:51,556 [SIM] search_track(Justin Timberlake|SexyBack) -> 0 results
2026-03-11 20:24:51,556 [SIM] search_track(Justin Timberlake|Mirrors) -> 0 results
2026-03-11 20:24:51,556 [SIM] search_track(Kanye West|BEAUTY AND THE BEAST) -> 0 results
2026-03-11 20:24:51,556 [SIM] search_track(Kanye West|DAMN) -> 0 results
2026-03-11 20:24:51,556 [SIM] search_track(Kanye West|PREACHER MAN) -> 0 results
2026-03-11 20:24:51,556 [SIM] search_track(Kanye West|BROKEN ROAD) -> 0 results
2026-03-11 20:24:51,556 [SIM] search_track(Kanye West|TRUE LOVE) -> 0 results
2026-03-11 20:24:51,556 [SIM] search_track(Kanye West|WE DID IT KID) -> 0 results
2026-03-11 20:24:51,556 [SIM] search_track(Kanye West|CITY OF GODS) -> 0 results
2026-03-11 20:24:51,556 [SIM] search_track(Kanye West|EAZY) -> 0 results
2026-03-11 20:24:51,556 [SIM] search_track(Kanye West|Big Brother) -> 0 results
2026-03-11 20:24:51,556 [SIM] search_track(Kanye West|Can't Tell Me Nothing) -> 0 results
2026-03-11 20:24:51,565 [SIM] search_track(Kanye West|Champion) -> 0 results
2026-03-11 20:24:51,565 [SIM] search_track(Kanye West|Good Morning) -> 0 results
2026-03-11 20:24:51,565 [SIM] search_track(Kanye West|I Wonder) -> 0 results
2026-03-11 20:24:51,565 [SIM] search_track(Kanye West|Stronger) -> 0 results
2026-03-11 20:24:51,565 [SIM] search_track(Kanye West|The Glory) -> 0 results
2026-03-11 20:24:51,565 [SIM] search_track(Kanye West|Homecoming) -> 0 results
2026-03-11 20:24:51,565 [SIM] search_track(Kanye West|Everything I Am) -> 0 results
2026-03-11 20:24:51,565 [SIM] search_track(Kanye West|Flashing Lights) -> 0 results
2026-03-11 20:24:51,565 [SIM] search_track(Kanye West|Barry Bonds) -> 0 results
2026-03-11 20:24:51,565 [SIM] search_track(Kanye West|Good Night) -> 0 results
2026-03-11 20:24:51,565 [SIM] search_track(Kanye West|Good Life) -> 0 results
2026-03-11 20:24:51,565 [SIM] search_track(Kanye West|Closed On Sunday) -> 0 results
2026-03-11 20:24:51,565 [SIM] search_track(Kanye West|Follow God) -> 0 results
2026-03-11 20:24:51,565 [SIM] search_track(Kanye West|On God) -> 0 results
2026-03-11 20:24:51,566 [SIM] search_track(Kanye West|Addiction) -> 0 results
2026-03-11 20:24:51,566 [SIM] search_track(Kanye West|Celebration) -> 0 results
2026-03-11 20:24:51,566 [SIM] search_track(Kanye West|Diamonds From Sierra Leone) -> 0 results
2026-03-11 20:24:51,566 [SIM] search_track(Kanye West|Hey Mama) -> 0 results
2026-03-11 20:24:51,566 [SIM] search_track(Kanye West|Late) -> 0 results
2026-03-11 20:24:51,566 [SIM] search_track(Kanye West|Roses) -> 0 results
2026-03-11 20:24:51,566 [SIM] search_track(Kanye West|Heard 'Em Say) -> 0 results
2026-03-11 20:24:51,566 [SIM] search_track(Kanye West|Bring Me Down) -> 0 results
2026-03-11 20:24:51,566 [SIM] search_track(Kanye West|My Way Home) -> 0 results
2026-03-11 20:24:51,566 [SIM] search_track(Kanye West|Gone) -> 0 results
2026-03-11 20:24:51,566 [SIM] search_track(Kanye West|Gold Digger) -> 0 results
2026-03-11 20:24:51,575 [SIM] search_track(Kanye West|Diamonds From Sierra Leone (Remix)) -> 0 results
2026-03-11 20:24:51,575 [SIM] search_track(Kanye West|Touch The Sky) -> 0 results
2026-03-11 20:24:51,575 [SIM] search_track(Kanye West|We Major) -> 0 results
2026-03-11 20:24:51,575 [SIM] search_track(Kanye West|Drive Slow) -> 0 results
2026-03-11 20:24:51,575 [SIM] search_track(Kanye West|Crack Music) -> 0 results
2026-03-11 20:24:51,575 [SIM] search_track(Kanye West|All Of The Lights) -> 0 results
2026-03-11 20:24:51,575 [SIM] search_track(Kanye West|Dark Fantasy) -> 0 results
2026-03-11 20:24:51,575 [SIM] search_track(Kanye West|Gorgeous) -> 0 results
2026-03-11 20:24:51,575 [SIM] search_track(Kanye West|Blame Game) -> 0 results
2026-03-11 20:24:51,575 [SIM] search_track(Kanye West|Runaway) -> 0 results
2026-03-11 20:24:51,575 [SIM] search_track(Kanye West|Devil In A New Dress) -> 0 results
2026-03-11 20:24:51,575 [SIM] search_track(Kanye West|Eyes Closed) -> 0 results
2026-03-11 20:24:51,575 [SIM] search_track(Kanye West|Never See Me Again) -> 0 results
2026-03-11 20:24:51,575 [SIM] search_track(Kanye West|Whoopy Doo) -> 0 results
2026-03-11 20:24:51,575 [SIM] search_track(Kanye West|Downtown) -> 0 results
2026-03-11 20:24:51,575 [SIM] search_track(Kanye West|Bound 2) -> 0 results
2026-03-11 20:24:51,575 [SIM] search_track(Kanye West|Famous) -> 0 results
2026-03-11 20:24:51,575 [SIM] search_track(Kanye West|HALLELUJAH) -> 0 results
2026-03-11 20:24:51,575 [SIM] search_track(Kanye West|Heartless) -> 0 results
2026-03-11 20:24:51,575 [SIM] search_track(Kanye West|Lord I Need You) -> 0 results
2026-03-11 20:24:51,576 [SIM] search_track(Kanye West|Petals) -> 0 results
2026-03-11 20:24:51,576 [SIM] search_track(Kanye West|WW3) -> 0 results
2026-03-11 20:24:51,576 [SIM] search_track(Kanye West|Paranoid) -> 0 results
2026-03-11 20:24:51,576 [SIM] search_track(Kanye West|Amazing) -> 0 results
2026-03-11 20:24:51,576 [SIM] search_track(Kanye West|Family Business) -> 0 results
2026-03-11 20:24:51,584 [SIM] search_track(Kanye West|Jesus Walks) -> 0 results
2026-03-11 20:24:51,584 [SIM] search_track(Kanye West|Last Call) -> 0 results
2026-03-11 20:24:51,585 [SIM] search_track(Kanye West|Through The Wire) -> 0 results
2026-03-11 20:24:51,585 [SIM] search_track(Kanye West|We Don't Care) -> 0 results
2026-03-11 20:24:51,585 [SIM] search_track(Kanye West|Slow Jamz) -> 0 results
2026-03-11 20:24:51,585 [SIM] search_track(Kanye West|Spaceship) -> 0 results
2026-03-11 20:24:51,585 [SIM] search_track(Kanye West|Never Let Me Down) -> 0 results
2026-03-11 20:24:51,585 [SIM] search_track(Kanye West|Breathe In Breathe Out) -> 0 results
2026-03-11 20:24:51,585 [SIM] search_track(Kanye West|Two Words) -> 0 results
2026-03-11 20:24:51,585 [SIM] search_track(Kanye West|All Falls Down) -> 0 results
2026-03-11 20:24:51,585 [SIM] search_track(Kanye West|Get Em High) -> 0 results
2026-03-11 20:24:51,585 [SIM] search_track(Kanye West|BACK TO ME) -> 0 results
2026-03-11 20:24:51,585 [SIM] search_track(Kanye West|BURN) -> 0 results
2026-03-11 20:24:51,585 [SIM] search_track(Kanye West|CARNIVAL) -> 0 results
2026-03-11 20:24:51,585 [SIM] search_track(Kanye West|DO IT) -> 0 results
2026-03-11 20:24:51,585 [SIM] search_track(Kanye West|HOODRAT) -> 0 results
2026-03-11 20:24:51,585 [SIM] search_track(Kanye West|KEYS TO MY LIFE) -> 0 results
2026-03-11 20:24:51,585 [SIM] search_track(Kanye West|KING) -> 0 results
2026-03-11 20:24:51,585 [SIM] search_track(Kanye West|PAID) -> 0 results
2026-03-11 20:24:51,585 [SIM] search_track(Kanye West|PAPERWORK) -> 0 results
2026-03-11 20:24:51,585 [SIM] search_track(Kanye West|PROBLEMATIC) -> 0 results
2026-03-11 20:24:51,585 [SIM] search_track(Kanye West|STARS) -> 0 results
2026-03-11 20:24:51,585 [SIM] search_track(Kanye West|TALKING) -> 0 results
2026-03-11 20:24:51,586 [SIM] search_track(Kanye West|VULTURES) -> 0 results
2026-03-11 20:24:51,586 [SIM] search_track(Kash Krabs|CLARINET) -> 0 results
2026-03-11 20:24:51,595 [SIM] search_track(Kash Krabs|ME MILLIONTH DOLLAR) -> 0 results
2026-03-11 20:24:51,595 [SIM] search_track(Kash Krabs|KRUSTY KREW ANTHEM (BACK ON THE GRILL)) -> 0 results
2026-03-11 20:24:51,595 [SIM] search_track(Kash Krabs|SECRET FORMULA) -> 0 results
2026-03-11 20:24:51,595 [SIM] search_track(Kash Krabs|PANTY RAID) -> 0 results
2026-03-11 20:24:51,595 [SIM] search_track(Katy Perry|Hot N Cold) -> 0 results
2026-03-11 20:24:51,595 [SIM] search_track(Katy Perry|Waking Up In Vegas) -> 0 results
2026-03-11 20:24:51,595 [SIM] search_track(Katy Perry|Roar) -> 0 results
2026-03-11 20:24:51,595 [SIM] search_track(Katy Perry|This Is How We Do) -> 0 results
2026-03-11 20:24:51,595 [SIM] search_track(Katy Perry|Dark Horse) -> 0 results
2026-03-11 20:24:51,595 [SIM] search_track(Katy Perry|Cry About It Later) -> 0 results
2026-03-11 20:24:51,595 [SIM] search_track(Katy Perry|Daisies) -> 0 results
2026-03-11 20:24:51,595 [SIM] search_track(Katy Perry|Never Really Over) -> 0 results
2026-03-11 20:24:51,595 [SIM] search_track(Katy Perry|Not the End of the World) -> 0 results
2026-03-11 20:24:51,595 [SIM] search_track(Katy Perry|Only Love) -> 0 results
2026-03-11 20:24:51,595 [SIM] search_track(Katy Perry|Resilient) -> 0 results
2026-03-11 20:24:51,595 [SIM] search_track(Katy Perry|Firework) -> 0 results
2026-03-11 20:24:51,595 [SIM] search_track(Katy Perry|Last Friday Night (T.G.I.F.)) -> 0 results
2026-03-11 20:24:51,595 [SIM] search_track(Katy Perry|Part Of Me) -> 0 results
2026-03-11 20:24:51,596 [SIM] search_track(Katy Perry|Teenage Dream) -> 0 results
2026-03-11 20:24:51,596 [SIM] search_track(Katy Perry|The One That Got Away) -> 0 results
2026-03-11 20:24:51,596 [SIM] search_track(Katy Perry|Wide Awake) -> 0 results
2026-03-11 20:24:51,596 [SIM] search_track(Katy Perry|California Gurls) -> 0 results
2026-03-11 20:24:51,596 [SIM] search_track(Kendrick Lamar|Bitch, Don’t Kill My Vibe) -> 0 results
2026-03-11 20:24:51,596 [SIM] search_track(Kendrick Lamar|Compton) -> 0 results
2026-03-11 20:24:51,596 [SIM] search_track(Kendrick Lamar|The Recipe) -> 0 results
2026-03-11 20:24:51,605 [SIM] search_track(Kendrick Lamar|All The Stars) -> 0 results
2026-03-11 20:24:51,605 [SIM] search_track(Kevin Gates|Get up on My Level) -> 0 results
2026-03-11 20:24:51,605 [SIM] search_track(Kevin Gates|Wish I Had It) -> 0 results
2026-03-11 20:24:51,605 [SIM] search_track(Kevin Gates|Big Gangsta) -> 0 results
2026-03-11 20:24:51,605 [SIM] search_track(Kevin Gates|Difficult (FYP)) -> 0 results
2026-03-11 20:24:51,605 [SIM] search_track(Kevin Gates|Bags) -> 0 results
2026-03-11 20:24:51,605 [SIM] search_track(Kevin Gates|By My Lonely) -> 0 results
2026-03-11 20:24:51,605 [SIM] search_track(Kevin Gates|Face Down) -> 0 results
2026-03-11 20:24:51,605 [SIM] search_track(Kevin Gates|Fatal Attraction) -> 0 results
2026-03-11 20:24:51,605 [SIM] search_track(Kevin Gates|Fly Again) -> 0 results
2026-03-11 20:24:51,605 [SIM] search_track(Kevin Gates|Icebox) -> 0 results
2026-03-11 20:24:51,605 [SIM] search_track(Kevin Gates|Let It Go) -> 0 results
2026-03-11 20:24:51,606 [SIM] search_track(Kevin Gates|Say It Twice) -> 0 results
2026-03-11 20:24:51,606 [SIM] search_track(Kevin Gates|Walls Talking) -> 0 results
2026-03-11 20:24:51,606 [SIM] search_track(Kevin Gates|Be Somebody) -> 0 results
2026-03-11 20:24:51,606 [SIM] search_track(Kevin Gates|Big Bruddah (Don't Be Mad)) -> 0 results
2026-03-11 20:24:51,606 [SIM] search_track(Kevin Gates|Block Away) -> 0 results
2026-03-11 20:24:51,606 [SIM] search_track(Kevin Gates|Brasi The Eagle) -> 0 results
2026-03-11 20:24:51,606 [SIM] search_track(Kevin Gates|Kiss The Ring) -> 0 results
2026-03-11 20:24:51,606 [SIM] search_track(Kevin Gates|Manifest) -> 0 results
2026-03-11 20:24:51,606 [SIM] search_track(Kevin Gates|No Pressure) -> 0 results
2026-03-11 20:24:51,606 [SIM] search_track(Kevin Gates|Right Where I'm Supposed to Be) -> 0 results
2026-03-11 20:24:51,606 [SIM] search_track(Kevin Gates|Same Way) -> 0 results
2026-03-11 20:24:51,606 [SIM] search_track(Kevin Gates|See Me) -> 0 results
2026-03-11 20:24:51,606 [SIM] search_track(Kevin Gates|Bad For Me) -> 0 results
2026-03-11 20:24:51,615 [SIM] search_track(Kevin Gates|Big Lyfe) -> 0 results
2026-03-11 20:24:51,615 [SIM] search_track(Kevin Gates|Black Clouds) -> 0 results
2026-03-11 20:24:51,616 [SIM] search_track(Kevin Gates|Body) -> 0 results
2026-03-11 20:24:51,616 [SIM] search_track(Kevin Gates|Free At Last) -> 0 results
2026-03-11 20:24:51,616 [SIM] search_track(Kevin Gates|I'm In Love) -> 0 results
2026-03-11 20:24:51,616 [SIM] search_track(Kevin Gates|Mine) -> 0 results
2026-03-11 20:24:51,616 [SIM] search_track(Kevin Gates|One Day) -> 0 results
2026-03-11 20:24:51,616 [SIM] search_track(Kevin Gates|Plug Cry) -> 0 results
2026-03-11 20:24:51,616 [SIM] search_track(Kevin Gates|PTOE) -> 0 results
2026-03-11 20:24:51,616 [SIM] search_track(Kevin Gates|Scars) -> 0 results
2026-03-11 20:24:51,616 [SIM] search_track(Kevin Gates|Shoot My Shot) -> 0 results
2026-03-11 20:24:51,616 [SIM] search_track(Kevin Gates|Truth Be Told) -> 0 results
2026-03-11 20:24:51,616 [SIM] search_track(Kevin Gates|You) -> 0 results
2026-03-11 20:24:51,616 [SIM] search_track(Kevin Gates|Great Man) -> 0 results
2026-03-11 20:24:51,616 [SIM] search_track(Kevin Gates|In God I Trust) -> 0 results
2026-03-11 20:24:51,616 [SIM] search_track(Kevin Gates|Me Too) -> 0 results
2026-03-11 20:24:51,616 [SIM] search_track(Kevin Gates|Servin H) -> 0 results
2026-03-11 20:24:51,616 [SIM] search_track(Kevin Gates|Shoulda) -> 0 results
2026-03-11 20:24:51,616 [SIM] search_track(Kevin Gates|Bread Straight) -> 0 results
2026-03-11 20:24:51,616 [SIM] search_track(Kevin Gates|Factory Reset) -> 0 results
2026-03-11 20:24:51,616 [SIM] search_track(Kevin Gates|Hard For Pt. 2 (Many Times)) -> 0 results
2026-03-11 20:24:51,616 [SIM] search_track(Kevin Gates|Hiding Emotions) -> 0 results
2026-03-11 20:24:51,616 [SIM] search_track(Kevin Gates|I Love This Bitch) -> 0 results
2026-03-11 20:24:51,616 [SIM] search_track(Kevin Gates|Living Out Loud) -> 0 results
2026-03-11 20:24:51,617 [SIM] search_track(Kevin Gates|Satellites 2) -> 0 results
2026-03-11 20:24:51,625 [SIM] search_track(Kevin Gates|Stutter) -> 0 results
2026-03-11 20:24:51,626 [SIM] search_track(Kevin Gates|Disappoint Me) -> 0 results
2026-03-11 20:24:51,626 [SIM] search_track(Kevin Gates|Dying Is Easy) -> 0 results
2026-03-11 20:24:51,626 [SIM] search_track(Kevin Gates|I Am) -> 0 results
2026-03-11 20:24:51,626 [SIM] search_track(Kevin Gates|Luv Bug) -> 0 results
2026-03-11 20:24:51,626 [SIM] search_track(Kevin Gates|World Luv) -> 0 results
2026-03-11 20:24:51,626 [SIM] search_track(Kevin Gates|Yukatán) -> 0 results
2026-03-11 20:24:51,626 [SIM] search_track(Kevin Gates|Cartel Swag) -> 0 results
2026-03-11 20:24:51,626 [SIM] search_track(Kevin Gates|Fairytale) -> 0 results
2026-03-11 20:24:51,626 [SIM] search_track(Kevin Gates|Plug Daughter 2) -> 0 results
2026-03-11 20:24:51,626 [SIM] search_track(Kevin Gates|Puerto Rico Luv) -> 0 results
2026-03-11 20:24:51,626 [SIM] search_track(Kevin Gates|Waddup Homie Pt. 2) -> 0 results
2026-03-11 20:24:51,626 [SIM] search_track(Kevin Gates|Wishing In Morocco) -> 0 results
2026-03-11 20:24:51,626 [SIM] search_track(Kevin Gates|Come My Way) -> 0 results
2026-03-11 20:24:51,626 [SIM] search_track(Kevin Gates|Love Me Not) -> 0 results
2026-03-11 20:24:51,626 [SIM] search_track(Kevin Gates|ooh ooh) -> 0 results
2026-03-11 20:24:51,626 [SIM] search_track(Kevin Gates|Tipsy Luv) -> 0 results
2026-03-11 20:24:51,626 [SIM] search_track(Kevin Gates|We Try) -> 0 results
2026-03-11 20:24:51,626 [SIM] search_track(Kevin Gates|We Don't Care) -> 0 results
2026-03-11 20:24:51,626 [SIM] search_track(Kevin Gates|Real Nigga Tendencies) -> 0 results
2026-03-11 20:24:51,627 [SIM] search_track(Kevin Gates|Breakfast) -> 0 results
2026-03-11 20:24:51,627 [SIM] search_track(Kevin Gates|FEEL) -> 0 results
2026-03-11 20:24:51,627 [SIM] search_track(Kevin Gates|Hard For) -> 0 results
2026-03-11 20:24:51,627 [SIM] search_track(Kevin Gates|Imagine That) -> 0 results
2026-03-11 20:24:51,627 [SIM] search_track(Kevin Gates|Life In You) -> 0 results
2026-03-11 20:24:51,636 [SIM] search_track(Kevin Gates|Metro) -> 0 results
2026-03-11 20:24:51,636 [SIM] search_track(Kevin Gates|No Names) -> 0 results
2026-03-11 20:24:51,636 [SIM] search_track(Kevin Gates|Paper Chasers) -> 0 results
2026-03-11 20:24:51,636 [SIM] search_track(Kevin Gates|Perfect Imperfection) -> 0 results
2026-03-11 20:24:51,636 [SIM] search_track(Kevin Gates|Renewed Ambition) -> 0 results
2026-03-11 20:24:51,636 [SIM] search_track(Kevin Gates|Satellites 2.5) -> 0 results
2026-03-11 20:24:51,636 [SIM] search_track(Kevin Gates|Satellites) -> 0 results
2026-03-11 20:24:51,636 [SIM] search_track(Kevin Gates|Weeks) -> 0 results
2026-03-11 20:24:51,636 [SIM] search_track(Kevin Gates|Power) -> 0 results
2026-03-11 20:24:51,636 [SIM] search_track(Kevin Gates|Birds Calling) -> 0 results
2026-03-11 20:24:51,636 [SIM] search_track(Kevin Gates|Broken Men) -> 0 results
2026-03-11 20:24:51,636 [SIM] search_track(Kevin Gates|Ceremony) -> 0 results
2026-03-11 20:24:51,636 [SIM] search_track(Kevin Gates|Do It Again) -> 0 results
2026-03-11 20:24:51,636 [SIM] search_track(Kevin Gates|Eater) -> 0 results
2026-03-11 20:24:51,637 [SIM] search_track(Kevin Gates|God Slippers) -> 0 results
2026-03-11 20:24:51,637 [SIM] search_track(Kevin Gates|Heal You) -> 0 results
2026-03-11 20:24:51,637 [SIM] search_track(Kevin Gates|Healing) -> 0 results
2026-03-11 20:24:51,637 [SIM] search_track(Kevin Gates|I Don’t Apologize) -> 0 results
2026-03-11 20:24:51,637 [SIM] search_track(Kevin Gates|It Won’t Happen) -> 0 results
2026-03-11 20:24:51,637 [SIM] search_track(Kevin Gates|Letter 2 My Fans) -> 0 results
2026-03-11 20:24:51,637 [SIM] search_track(Kevin Gates|Lil Yea) -> 0 results
2026-03-11 20:24:51,637 [SIM] search_track(Kevin Gates|Speed Dial) -> 0 results
2026-03-11 20:24:51,637 [SIM] search_track(Kevin Gates|Walmart) -> 0 results
2026-03-11 20:24:51,637 [SIM] search_track(Kevin Gates|Yonce Freestyle) -> 0 results
2026-03-11 20:24:51,637 [SIM] search_track(Khalid|Coaster) -> 0 results
2026-03-11 20:24:51,646 [SIM] search_track(Khalid|Location) -> 0 results
2026-03-11 20:24:51,646 [SIM] search_track(Khalid|Saved) -> 0 results
2026-03-11 20:24:51,646 [SIM] search_track(Khalid|Young Dumb & Broke) -> 0 results
2026-03-11 20:24:51,646 [SIM] search_track(Khalid|Better) -> 0 results
2026-03-11 20:24:51,646 [SIM] search_track(Khalid|Love Lies) -> 0 results
2026-03-11 20:24:51,647 [SIM] search_track(Kid Cudi|Man On The Moon) -> 0 results
2026-03-11 20:24:51,647 [SIM] search_track(Kid Cudi|The Prayer) -> 0 results
2026-03-11 20:24:51,647 [SIM] search_track(Kid Cudi|Angel) -> 0 results
2026-03-11 20:24:51,647 [SIM] search_track(Kid Cudi|Do What I Want) -> 0 results
2026-03-11 20:24:51,647 [SIM] search_track(Kid Cudi|Ignite The Love) -> 0 results
2026-03-11 20:24:51,647 [SIM] search_track(Kid Cudi|In Love) -> 0 results
2026-03-11 20:24:51,647 [SIM] search_track(Kid Cudi|New Mode) -> 0 results
2026-03-11 20:24:51,647 [SIM] search_track(Kid Cudi|Can't Shake Her) -> 0 results
2026-03-11 20:24:51,647 [SIM] search_track(Kid Cudi|Willing To Trust) -> 0 results
2026-03-11 20:24:51,647 [SIM] search_track(Kid Cudi|Deep Diving) -> 0 results
2026-03-11 20:24:51,647 [SIM] search_track(Kid Cudi|Grave) -> 0 results
2026-03-11 20:24:51,647 [SIM] search_track(Kid Cudi|Mr. Miracle) -> 0 results
2026-03-11 20:24:51,647 [SIM] search_track(Kid Cudi|Neverland) -> 0 results
2026-03-11 20:24:51,647 [SIM] search_track(Kid Cudi|Past Life) -> 0 results
2026-03-11 20:24:51,647 [SIM] search_track(Kid Cudi|Picnic In Paris) -> 0 results
2026-03-11 20:24:51,647 [SIM] search_track(Kid Cudi|Salt Water) -> 0 results
2026-03-11 20:24:51,647 [SIM] search_track(Kid Cudi|Stargazing) -> 0 results
2026-03-11 20:24:51,647 [SIM] search_track(Kid Cudi|Truman Show) -> 0 results
2026-03-11 20:24:51,647 [SIM] search_track(Kid Cudi|BLUE SKY) -> 0 results
2026-03-11 20:24:51,647 [SIM] search_track(Kid Cudi|CRASH TEST CUDI) -> 0 results
2026-03-11 20:24:51,657 [SIM] search_track(Kid Cudi|ELECTROWAVEBABY) -> 0 results
2026-03-11 20:24:51,657 [SIM] search_track(Kid Cudi|SUPERBOY) -> 0 results
2026-03-11 20:24:51,657 [SIM] search_track(Kid Cudi|WOW) -> 0 results
2026-03-11 20:24:51,657 [SIM] search_track(Kid Cudi|WIN OR LOSE) -> 0 results
2026-03-11 20:24:51,657 [SIM] search_track(Kid Cudi|OFTEN, I HAVE THESE DREAMZ) -> 0 results
2026-03-11 20:24:51,657 [SIM] search_track(Kid Cudi|I JUST WANNA GET) -> 0 results
2026-03-11 20:24:51,657 [SIM] search_track(Kid Cudi|SEVEN) -> 0 results
2026-03-11 20:24:51,657 [SIM] search_track(Kid Cudi|TOO DAMN HIGH) -> 0 results
2026-03-11 20:24:51,657 [SIM] search_track(Kid Cudi|Mojo So Dope) -> 0 results
2026-03-11 20:24:51,657 [SIM] search_track(Kid Cudi|Erase Me) -> 0 results
2026-03-11 20:24:51,657 [SIM] search_track(Kid Cudi|Day 'N' Nite) -> 0 results
2026-03-11 20:24:51,657 [SIM] search_track(Kid Cudi|In My Dreams) -> 0 results
2026-03-11 20:24:51,658 [SIM] search_track(Kid Cudi|Sky Might Fall) -> 0 results
2026-03-11 20:24:51,658 [SIM] search_track(Kid Cudi|Soundtrack 2 My Life) -> 0 results
2026-03-11 20:24:51,658 [SIM] search_track(Kid Cudi|Pursuit Of Happiness) -> 0 results
2026-03-11 20:24:51,658 [SIM] search_track(Kid Cudi|Do It Alone) -> 0 results
2026-03-11 20:24:51,658 [SIM] search_track(Kid Cudi|DONT WORRY) -> 0 results
2026-03-11 20:24:51,658 [SIM] search_track(Kid Ink|Dead Wrong) -> 0 results
2026-03-11 20:24:51,658 [SIM] search_track(Kid Ink|Put On (Am I Wrong)) -> 0 results
2026-03-11 20:24:51,658 [SIM] search_track(Kid Ink|Big Burna) -> 0 results
2026-03-11 20:24:51,658 [SIM] search_track(Kodak Black|Back For Everything) -> 0 results
2026-03-11 20:24:51,658 [SIM] search_track(Kodak Black|Elite Division) -> 0 results
2026-03-11 20:24:51,658 [SIM] search_track(Kodak Black|Grinding All Season) -> 0 results
2026-03-11 20:24:51,658 [SIM] search_track(Kodak Black|He Love the Streets) -> 0 results
2026-03-11 20:24:51,658 [SIM] search_track(Kodak Black|Hitting Houses) -> 0 results
2026-03-11 20:24:51,668 [SIM] search_track(Kodak Black|I Wish) -> 0 results
2026-03-11 20:24:51,668 [SIM] search_track(Kodak Black|Let Me Know) -> 0 results
2026-03-11 20:24:51,668 [SIM] search_track(Kodak Black|Love & War) -> 0 results
2026-03-11 20:24:51,668 [SIM] search_track(Kodak Black|Love Isn't Enough) -> 0 results
2026-03-11 20:24:51,668 [SIM] search_track(Kodak Black|Midas Touch) -> 0 results
2026-03-11 20:24:51,668 [SIM] search_track(Kodak Black|Omega) -> 0 results
2026-03-11 20:24:51,668 [SIM] search_track(Kodak Black|On Everything) -> 0 results
2026-03-11 20:24:51,668 [SIM] search_track(Kodak Black|Purple Stamp) -> 0 results
2026-03-11 20:24:51,668 [SIM] search_track(Kodak Black|Sink My Ship) -> 0 results
2026-03-11 20:24:51,668 [SIM] search_track(Kodak Black|Smackers) -> 0 results
2026-03-11 20:24:51,668 [SIM] search_track(Kodak Black|Super Gremlin) -> 0 results
2026-03-11 20:24:51,668 [SIM] search_track(Kodak Black|Usain Boo) -> 0 results
2026-03-11 20:24:51,668 [SIM] search_track(Kodak Black|Vulnerable (Free Cool)) -> 0 results
2026-03-11 20:24:51,668 [SIM] search_track(Kodak Black|Take You Back) -> 0 results
2026-03-11 20:24:51,668 [SIM] search_track(Kodak Black|Dummy Green) -> 0 results
2026-03-11 20:24:51,669 [SIM] search_track(Kodak Black|Eeny, Meeny, Miny, Moe) -> 0 results
2026-03-11 20:24:51,669 [SIM] search_track(Kodak Black|Feeling Myself Today) -> 0 results
2026-03-11 20:24:51,669 [SIM] search_track(Kodak Black|I Wanna Live) -> 0 results
2026-03-11 20:24:51,669 [SIM] search_track(Kodak Black|Pimpin Ain't Eazy) -> 0 results
2026-03-11 20:24:51,669 [SIM] search_track(Kodak Black|Remember The Times) -> 0 results
2026-03-11 20:24:51,669 [SIM] search_track(Kodak Black|Serene) -> 0 results
2026-03-11 20:24:51,669 [SIM] search_track(Kodak Black|The Fire) -> 0 results
2026-03-11 20:24:51,669 [SIM] search_track(Kodak Black|I Knew It) -> 0 results
2026-03-11 20:24:51,669 [SIM] search_track(Kodak Black|Spain) -> 0 results
2026-03-11 20:24:51,669 [SIM] search_track(Kodak Black|Make A Hit) -> 0 results
2026-03-11 20:24:51,679 [SIM] search_track(Kodak Black|Calling My Spirit) -> 0 results
2026-03-11 20:24:51,679 [SIM] search_track(Kodak Black|Close to the Grave) -> 0 results
2026-03-11 20:24:51,679 [SIM] search_track(Kodak Black|Could of Been Different) -> 0 results
2026-03-11 20:24:51,679 [SIM] search_track(Kodak Black|From the Cradle) -> 0 results
2026-03-11 20:24:51,679 [SIM] search_track(Kodak Black|Identity Theft) -> 0 results
2026-03-11 20:24:51,679 [SIM] search_track(Kodak Black|If I'm Lyin', I'm Flyin') -> 0 results
2026-03-11 20:24:51,679 [SIM] search_track(Kodak Black|In the Flesh) -> 0 results
2026-03-11 20:24:51,679 [SIM] search_track(Kodak Black|Malcolm X.X.X.) -> 0 results
2026-03-11 20:24:51,679 [SIM] search_track(Kodak Black|Needing Something) -> 0 results
2026-03-11 20:24:51,679 [SIM] search_track(Kodak Black|Take One) -> 0 results
2026-03-11 20:24:51,680 [SIM] search_track(Kodak Black|Testimony) -> 0 results
2026-03-11 20:24:51,680 [SIM] search_track(Kodak Black|This Forever) -> 0 results
2026-03-11 20:24:51,680 [SIM] search_track(Kodak Black|Transgression) -> 0 results
2026-03-11 20:24:51,680 [SIM] search_track(Kodak Black|MoshPit) -> 0 results
2026-03-11 20:24:51,680 [SIM] search_track(Kodak Black|Gnarly) -> 0 results
2026-03-11 20:24:51,680 [SIM] search_track(Kodak Black|ZEZE) -> 0 results
2026-03-11 20:24:51,680 [SIM] search_track(Kodak Black|Dirty K) -> 0 results
2026-03-11 20:24:51,680 [SIM] search_track(Kodak Black|Don’t Leave Me) -> 0 results
2026-03-11 20:24:51,680 [SIM] search_track(Kodak Black|Z Look Jamaican) -> 0 results
2026-03-11 20:24:51,680 [SIM] search_track(Kodak Black|Feelin' Peachy) -> 0 results
2026-03-11 20:24:51,680 [SIM] search_track(Kodak Black|Gleerious) -> 0 results
2026-03-11 20:24:51,680 [SIM] search_track(Kodak Black|White Toes) -> 0 results
2026-03-11 20:24:51,680 [SIM] search_track(Kodak Black|Amber Rolls) -> 0 results
2026-03-11 20:24:51,680 [SIM] search_track(Kodak Black|Demand My Respect) -> 0 results
2026-03-11 20:24:51,680 [SIM] search_track(Kodak Black|Hop Out Shoot) -> 0 results
2026-03-11 20:24:51,690 [SIM] search_track(Kodak Black|I Can’t Sleep) -> 0 results
2026-03-11 20:24:51,690 [SIM] search_track(Kodak Black|If You Ever) -> 0 results
2026-03-11 20:24:51,690 [SIM] search_track(Kodak Black|Kodak The Boss) -> 0 results
2026-03-11 20:24:51,690 [SIM] search_track(Kodak Black|Slay Like Santa) -> 0 results
2026-03-11 20:24:51,690 [SIM] search_track(Kodak Black|Bad Man) -> 0 results
2026-03-11 20:24:51,690 [SIM] search_track(Kodak Black|Gave It All I Got) -> 0 results
2026-03-11 20:24:51,690 [SIM] search_track(Kodak Black|Too Many Years) -> 0 results
2026-03-11 20:24:51,690 [SIM] search_track(Kodak Black|Day for Day) -> 0 results
2026-03-11 20:24:51,690 [SIM] search_track(Kodak Black|Patty Cake) -> 0 results
2026-03-11 20:24:51,690 [SIM] search_track(Kodak Black|Conscience) -> 0 results
2026-03-11 20:24:51,690 [SIM] search_track(Kodak Black|Die Today) -> 0 results
2026-03-11 20:24:51,690 [SIM] search_track(Kodak Black|Dope Boy Magic) -> 0 results
2026-03-11 20:24:51,691 [SIM] search_track(Kodak Black|Down With You) -> 0 results
2026-03-11 20:24:51,691 [SIM] search_track(Kodak Black|Follow Me) -> 0 results
2026-03-11 20:24:51,691 [SIM] search_track(Kodak Black|No Love For A Thug) -> 0 results
2026-03-11 20:24:51,691 [SIM] search_track(Kodak Black|Pistolz & Pearlz) -> 0 results
2026-03-11 20:24:51,691 [SIM] search_track(Kodak Black|Stay) -> 0 results
2026-03-11 20:24:51,691 [SIM] search_track(Kodak Black|X&O's) -> 0 results
2026-03-11 20:24:51,691 [SIM] search_track(Kodak Black|Flirting With Death) -> 0 results
2026-03-11 20:24:51,691 [SIM] search_track(Kodak Black|First Love) -> 0 results
2026-03-11 20:24:51,691 [SIM] search_track(Kodak Black|Misunderstood) -> 0 results
2026-03-11 20:24:51,691 [SIM] search_track(Kodak Black|Need a Break) -> 0 results
2026-03-11 20:24:51,691 [SIM] search_track(Kodak Black|The Recipe) -> 0 results
2026-03-11 20:24:51,691 [SIM] search_track(Kodak Black|Transportin') -> 0 results
2026-03-11 20:24:51,691 [SIM] search_track(Kodak Black|Up Late) -> 0 results
2026-03-11 20:24:51,701 [SIM] search_track(Kodak Black|Roll in Peace 2) -> 0 results
2026-03-11 20:24:51,701 [SIM] search_track(Kodak Black|Roll in Peace) -> 0 results
2026-03-11 20:24:51,701 [SIM] search_track(Kodak Black|2'CY) -> 0 results
2026-03-11 20:24:51,701 [SIM] search_track(Kodak Black|Closure) -> 0 results
2026-03-11 20:24:51,701 [SIM] search_track(Kodak Black|Easter In Miami) -> 0 results
2026-03-11 20:24:51,701 [SIM] search_track(Kodak Black|Eaze Your Mind) -> 0 results
2026-03-11 20:24:51,701 [SIM] search_track(Kodak Black|Falling Over) -> 0 results
2026-03-11 20:24:51,701 [SIM] search_track(Kodak Black|Institution) -> 0 results
2026-03-11 20:24:51,701 [SIM] search_track(Kodak Black|Last Day In) -> 0 results
2026-03-11 20:24:51,702 [SIM] search_track(Kodak Black|Nightmare Before Christmas) -> 0 results
2026-03-11 20:24:51,702 [SIM] search_track(Kodak Black|Senseless) -> 0 results
2026-03-11 20:24:51,702 [SIM] search_track(Kodak Black|Shampoo) -> 0 results
2026-03-11 20:24:51,702 [SIM] search_track(Kodak Black|Skrt) -> 0 results
2026-03-11 20:24:51,702 [SIM] search_track(Kodak Black|Tunnel Vision) -> 0 results
2026-03-11 20:24:51,702 [SIM] search_track(Kodak Black|Heart Mind) -> 0 results
2026-03-11 20:24:51,702 [SIM] search_track(Kodak Black|Still Get Chanel) -> 0 results
2026-03-11 20:24:51,702 [SIM] search_track(Kodak Black|When You See Me I'm White) -> 0 results
2026-03-11 20:24:51,702 [SIM] search_track(Kodak Black|Before I Go) -> 0 results
2026-03-11 20:24:51,702 [SIM] search_track(Kodak Black|Righteous Reapers) -> 0 results
2026-03-11 20:24:51,702 [SIM] search_track(KOTA The Friend|Mi Casa) -> 0 results
2026-03-11 20:24:51,702 [SIM] search_track(KOTA The Friend|Summerhouse) -> 0 results
2026-03-11 20:24:51,702 [SIM] search_track(KOTA The Friend|Long Beach) -> 0 results
2026-03-11 20:24:51,702 [SIM] search_track(KOTA The Friend|B.Q.E) -> 0 results
2026-03-11 20:24:51,702 [SIM] search_track(KOTA The Friend|Always) -> 0 results
2026-03-11 20:24:51,702 [SIM] search_track(KOTA The Friend|5 Percenters) -> 0 results
2026-03-11 20:24:51,712 [SIM] search_track(KOTA The Friend|GOOD NUMBERS) -> 0 results
2026-03-11 20:24:51,712 [SIM] search_track(KOTA The Friend|NO RAP ON SUNDAY) -> 0 results
2026-03-11 20:24:51,713 [SIM] search_track(KOTA The Friend|PNW) -> 0 results
2026-03-11 20:24:51,713 [SIM] search_track(KOTA The Friend|Tuesday) -> 0 results
2026-03-11 20:24:51,713 [SIM] search_track(KOTA The Friend|US vs. Everybody) -> 0 results
2026-03-11 20:24:51,713 [SIM] search_track(KOTA The Friend|MICHIGAN) -> 0 results
2026-03-11 20:24:51,713 [SIM] search_track(KOTA The Friend|Sunday In Brooklyn) -> 0 results
2026-03-11 20:24:51,713 [SIM] search_track(KOTA The Friend|HELLO) -> 0 results
2026-03-11 20:24:51,713 [SIM] search_track(KOTA The Friend|Cozy Girls) -> 0 results
2026-03-11 20:24:51,713 [SIM] search_track(KOTA The Friend|It's A Good Life) -> 0 results
2026-03-11 20:24:51,713 [SIM] search_track(KOTA The Friend|Solar Return II) -> 0 results
2026-03-11 20:24:51,713 [SIM] search_track(KOTA The Friend|Dear Fear) -> 0 results
2026-03-11 20:24:51,713 [SIM] search_track(KOTA The Friend|Face It) -> 0 results
2026-03-11 20:24:51,713 [SIM] search_track(KOTA The Friend|Good Friday) -> 0 results
2026-03-11 20:24:51,713 [SIM] search_track(KOTA The Friend|Grateful) -> 0 results
2026-03-11 20:24:51,713 [SIM] search_track(KOTA The Friend|I'm It) -> 0 results
2026-03-11 20:24:51,713 [SIM] search_track(KOTA The Friend|Luke Cage) -> 0 results
2026-03-11 20:24:51,713 [SIM] search_track(KRS-One|Hip Hop Lives) -> 0 results
2026-03-11 20:24:51,713 [SIM] search_track(KRS-One|Rising To The Top) -> 0 results
2026-03-11 20:24:51,713 [SIM] search_track(KRS-One|The Victory) -> 0 results
2026-03-11 20:24:51,713 [SIM] search_track(KRS-One|This Is What It Is) -> 0 results
2026-03-11 20:24:51,713 [SIM] search_track(KRS-One|I Been There) -> 0 results
2026-03-11 20:24:51,713 [SIM] search_track(KRS-One|Still Spittin') -> 0 results
2026-03-11 20:24:51,714 [SIM] search_track(KRS-One|You Gon Go?) -> 0 results
2026-03-11 20:24:51,714 [SIM] search_track(KRS-One|How Bad Do You Want It) -> 0 results
2026-03-11 20:24:51,724 [SIM] search_track(KRS-One|Keep Movin (True Story)) -> 0 results
2026-03-11 20:24:51,724 [SIM] search_track(KRS-One|Peter The Dreamer) -> 0 results
2026-03-11 20:24:51,724 [SIM] search_track(KRS-One|Somebody) -> 0 results
2026-03-11 20:24:51,724 [SIM] search_track(KRS-One|Stop It) -> 0 results
2026-03-11 20:24:51,724 [SIM] search_track(KRS-One|Supposed To Be) -> 0 results
2026-03-11 20:24:51,724 [SIM] search_track(KRS-One|That's It) -> 0 results
2026-03-11 20:24:51,724 [SIM] search_track(KRS-One|The Only One) -> 0 results
2026-03-11 20:24:51,724 [SIM] search_track(KRS-One|Freedom) -> 0 results
2026-03-11 20:24:51,724 [SIM] search_track(KRS-One|I Am There) -> 0 results
2026-03-11 20:24:51,724 [SIM] search_track(KRS-One|I'm On The Mic) -> 0 results
2026-03-11 20:24:51,724 [SIM] search_track(KRS-One|Life Interlude) -> 0 results
2026-03-11 20:24:51,724 [SIM] search_track(KRS-One|Disaster Kit) -> 0 results
2026-03-11 20:24:51,724 [SIM] search_track(KRS-One|The System Gotcha) -> 0 results
2026-03-11 20:24:51,724 [SIM] search_track(KRS-One|A Friend) -> 0 results
2026-03-11 20:24:51,724 [SIM] search_track(KRS-One|Just Like That) -> 0 results
2026-03-11 20:24:51,724 [SIM] search_track(KRS-One|Knowledge Reigns Supreme) -> 0 results
2026-03-11 20:24:51,724 [SIM] search_track(KRS-One|Hot) -> 0 results
2026-03-11 20:24:51,724 [SIM] search_track(KRS-One|Hush) -> 0 results
2026-03-11 20:24:51,724 [SIM] search_track(KRS-One|The Lessin) -> 0 results
2026-03-11 20:24:51,725 [SIM] search_track(KRS-One|The Raptism) -> 0 results
2026-03-11 20:24:51,725 [SIM] search_track(KRS-One|Be Original) -> 0 results
2026-03-11 20:24:51,725 [SIM] search_track(KRS-One|Forever Hip Hop) -> 0 results
2026-03-11 20:24:51,725 [SIM] search_track(KRS-One|Mic Check) -> 0 results
2026-03-11 20:24:51,725 [SIM] search_track(KRS-One|Open Your Mind) -> 0 results
2026-03-11 20:24:51,725 [SIM] search_track(KRS-One|Re Mind Yourself) -> 0 results
2026-03-11 20:24:51,735 [SIM] search_track(KRS-One|Amazin) -> 0 results
2026-03-11 20:24:51,735 [SIM] search_track(KRS-One|Clean Up Crew) -> 0 results
2026-03-11 20:24:51,735 [SIM] search_track(KRS-One|Connection) -> 0 results
2026-03-11 20:24:51,735 [SIM] search_track(KRS-One|Hear No Evil) -> 0 results
2026-03-11 20:24:51,735 [SIM] search_track(KRS-One|Murder 1) -> 0 results
2026-03-11 20:24:51,735 [SIM] search_track(KRS-One|Oh Really) -> 0 results
2026-03-11 20:24:51,735 [SIM] search_track(KRS-One|One Shot) -> 0 results
2026-03-11 20:24:51,735 [SIM] search_track(KRS-One|Past*Present*Future) -> 0 results
2026-03-11 20:24:51,735 [SIM] search_track(KRS-One|Robot) -> 0 results
2026-03-11 20:24:51,735 [SIM] search_track(KRS-One|Runnin Away) -> 0 results
2026-03-11 20:24:51,735 [SIM] search_track(KRS-One|Survival Skills) -> 0 results
2026-03-11 20:24:51,735 [SIM] search_track(KRS-One|The Way I Live) -> 0 results
2026-03-11 20:24:51,735 [SIM] search_track(KRS-One|Think of All the Things) -> 0 results
2026-03-11 20:24:51,736 [SIM] search_track(KRS-One|We Made It) -> 0 results
2026-03-11 20:24:51,736 [SIM] search_track(KRS-One|Can't Stop, Won't Stop) -> 0 results
2026-03-11 20:24:51,736 [SIM] search_track(KRS-One|Edutainment) -> 0 results
2026-03-11 20:24:51,736 [SIM] search_track(KRS-One|MC's Act Like They Don't Know) -> 0 results
2026-03-11 20:24:51,736 [SIM] search_track(KRS-One|Sound of da Police) -> 0 results
2026-03-11 20:24:51,736 [SIM] search_track(KRS-One|Step into a World) -> 0 results
2026-03-11 20:24:51,736 [SIM] search_track(KRS-One|The MC) -> 0 results
2026-03-11 20:24:51,736 [SIM] search_track(KRS-One|You Must Learn) -> 0 results
2026-03-11 20:24:51,736 [SIM] search_track(KRS-One|Essays on BDP-ism) -> 0 results
2026-03-11 20:24:51,736 [SIM] search_track(KRS-One|Original Lyrics) -> 0 results
2026-03-11 20:24:51,736 [SIM] search_track(KRS-One|Don't Ever Stop) -> 0 results
2026-03-11 20:24:51,736 [SIM] search_track(KRS-One|F*ck This) -> 0 results
2026-03-11 20:24:51,746 [SIM] search_track(KRS-One|Hip Hop Speaks From Heaven) -> 0 results
2026-03-11 20:24:51,746 [SIM] search_track(KRS-One|My Dreams) -> 0 results
2026-03-11 20:24:51,747 [SIM] search_track(KRS-One|Out for Fame) -> 0 results
2026-03-11 20:24:51,747 [SIM] search_track(KRS-One|The World Is MIND) -> 0 results
2026-03-11 20:24:51,747 [SIM] search_track(KRS-One|You Ain't Got Time) -> 0 results
2026-03-11 20:24:51,747 [SIM] search_track(KSI|Holiday) -> 0 results
2026-03-11 20:24:51,747 [SIM] search_track(KSI|Low) -> 0 results
2026-03-11 20:24:51,747 [SIM] search_track(KSI|The Moment) -> 0 results
2026-03-11 20:24:51,747 [SIM] search_track(KSI|Thick Of It) -> 0 results
2026-03-11 20:24:51,747 [SIM] search_track(KSI|Lose) -> 0 results
2026-03-11 20:24:51,747 [SIM] search_track(Kyle|Cmon) -> 0 results
2026-03-11 20:24:51,747 [SIM] search_track(Kyle|Do Not Answer) -> 0 results
2026-03-11 20:24:51,747 [SIM] search_track(Kyle|Love's theme song) -> 0 results
2026-03-11 20:24:51,747 [SIM] search_track(Kyle|Perfect) -> 0 results
2026-03-11 20:24:51,747 [SIM] search_track(Kyle|Personal) -> 0 results
2026-03-11 20:24:51,747 [SIM] search_track(Kyle|Shiesty) -> 0 results
2026-03-11 20:24:51,747 [SIM] search_track(Kyle|Sleepyhead) -> 0 results
2026-03-11 20:24:51,747 [SIM] search_track(Kyle|Sunday) -> 0 results
2026-03-11 20:24:51,747 [SIM] search_track(Kyle|Eternity) -> 0 results
2026-03-11 20:24:51,747 [SIM] search_track(Kyle|Unreplaceable) -> 0 results
2026-03-11 20:24:51,747 [SIM] search_track(Kyle|Optimistic) -> 0 results
2026-03-11 20:24:51,747 [SIM] search_track(Kyle|Thumb thru) -> 0 results
2026-03-11 20:24:51,747 [SIM] search_track(Kyle|Playinwitme) -> 0 results
2026-03-11 20:24:51,747 [SIM] search_track(Kyle|Hey Julie!) -> 0 results
2026-03-11 20:24:51,748 [SIM] search_track(Kyle|iSpy) -> 0 results
2026-03-11 20:24:51,758 [SIM] search_track(Kyle|Moment) -> 0 results
2026-03-11 20:24:51,758 [SIM] search_track(Kyle|ALL MY DREAMS) -> 0 results
2026-03-11 20:24:51,758 [SIM] search_track(Kyle|EVERY SINGLE NIGHT) -> 0 results
2026-03-11 20:24:51,758 [SIM] search_track(Kyle|GOOD NECK) -> 0 results
2026-03-11 20:24:51,758 [SIM] search_track(Kyle|I LIKE HOES) -> 0 results
2026-03-11 20:24:51,758 [SIM] search_track(Kyle|I REALLY HOPE) -> 0 results
2026-03-11 20:24:51,758 [SIM] search_track(Kyle|LONELY) -> 0 results
2026-03-11 20:24:51,758 [SIM] search_track(Kyle|T'D UP) -> 0 results
2026-03-11 20:24:51,758 [SIM] search_track(Kyle|Carefree) -> 0 results
2026-03-11 20:24:51,758 [SIM] search_track(Kyle|Girls, Girls, Girls) -> 0 results
2026-03-11 20:24:51,758 [SIM] search_track(Kyle|Just a Picture) -> 0 results
2026-03-11 20:24:51,758 [SIM] search_track(Kyle|Keep it Real) -> 0 results
2026-03-11 20:24:51,758 [SIM] search_track(Kyle|Nothing 2 Lose) -> 0 results
2026-03-11 20:24:51,758 [SIM] search_track(Kyle|Raining Love) -> 0 results
2026-03-11 20:24:51,758 [SIM] search_track(Kyle|What It Is) -> 0 results
2026-03-11 20:24:51,758 [SIM] search_track(Kyle|Somethin Bout U) -> 0 results
2026-03-11 20:24:51,759 [SIM] search_track(Kyle|YES!) -> 0 results
2026-03-11 20:24:51,759 [SIM] search_track(Lady Gaga|Shallow) -> 0 results
2026-03-11 20:24:51,759 [SIM] search_track(Lady Gaga|Paparazzi) -> 0 results
2026-03-11 20:24:51,759 [SIM] search_track(Lady Gaga|Poker Face) -> 0 results
2026-03-11 20:24:51,759 [SIM] search_track(Lady Gaga|Telephone) -> 0 results
2026-03-11 20:24:51,759 [SIM] search_track(Lady Gaga|Just Dance) -> 0 results
2026-03-11 20:24:51,759 [SIM] search_track(Lady Gaga|Starstruck) -> 0 results
2026-03-11 20:24:51,759 [SIM] search_track(Lana Del Rey|American) -> 0 results
2026-03-11 20:24:51,759 [SIM] search_track(Lana Del Rey|Bel Air) -> 0 results
2026-03-11 20:24:51,771 [SIM] search_track(Lana Del Rey|Blue Jeans) -> 0 results
2026-03-11 20:24:51,772 [SIM] search_track(Lana Del Rey|Blue Velvet) -> 0 results
2026-03-11 20:24:51,772 [SIM] search_track(Lana Del Rey|Body Electric) -> 0 results
2026-03-11 20:24:51,772 [SIM] search_track(Lana Del Rey|Born To Die) -> 0 results
2026-03-11 20:24:51,772 [SIM] search_track(Lana Del Rey|Burning Desire) -> 0 results
2026-03-11 20:24:51,772 [SIM] search_track(Lana Del Rey|Carmen) -> 0 results
2026-03-11 20:24:51,772 [SIM] search_track(Lana Del Rey|Cola) -> 0 results
2026-03-11 20:24:51,772 [SIM] search_track(Lana Del Rey|Dark Paradise) -> 0 results
2026-03-11 20:24:51,772 [SIM] search_track(Lana Del Rey|Diet Mountain Dew) -> 0 results
2026-03-11 20:24:51,772 [SIM] search_track(Lana Del Rey|Gods & Monsters) -> 0 results
2026-03-11 20:24:51,772 [SIM] search_track(Lana Del Rey|Lolita) -> 0 results
2026-03-11 20:24:51,772 [SIM] search_track(Lana Del Rey|Lucky Ones) -> 0 results
2026-03-11 20:24:51,772 [SIM] search_track(Lana Del Rey|Million Dollar Man) -> 0 results
2026-03-11 20:24:51,772 [SIM] search_track(Lana Del Rey|National Anthem) -> 0 results
2026-03-11 20:24:51,772 [SIM] search_track(Lana Del Rey|Off To The Races) -> 0 results
2026-03-11 20:24:51,772 [SIM] search_track(Lana Del Rey|Radio) -> 0 results
2026-03-11 20:24:51,772 [SIM] search_track(Lana Del Rey|Ride) -> 0 results
2026-03-11 20:24:51,772 [SIM] search_track(Lana Del Rey|Summertime Sadness) -> 0 results
2026-03-11 20:24:51,772 [SIM] search_track(Lana Del Rey|This Is What Makes Us Girls) -> 0 results
2026-03-11 20:24:51,772 [SIM] search_track(Lana Del Rey|Video Games) -> 0 results
2026-03-11 20:24:51,772 [SIM] search_track(Lana Del Rey|Without You) -> 0 results
2026-03-11 20:24:51,772 [SIM] search_track(Lana Del Rey|Yayo) -> 0 results
2026-03-11 20:24:51,773 [SIM] search_track(Lana Del Rey|Love) -> 0 results
2026-03-11 20:24:51,773 [SIM] search_track(Lana Del Rey|Groupie Love) -> 0 results
2026-03-11 20:24:51,773 [SIM] search_track(Lana Del Rey|Summer Bummer) -> 0 results
2026-03-11 20:24:51,783 [SIM] search_track(Lana Del Rey|Young And Beautiful) -> 0 results
2026-03-11 20:24:51,783 [SIM] search_track(Leonard Cohen|Suzanne) -> 0 results
2026-03-11 20:24:51,783 [SIM] search_track(Leonard Cohen|You Want It Darker) -> 0 results
2026-03-11 20:24:51,783 [SIM] search_track(Leonard Cohen|Everybody Knows) -> 0 results
2026-03-11 20:24:51,783 [SIM] search_track(Leonard Cohen|Hallelujah) -> 0 results
2026-03-11 20:24:51,783 [SIM] search_track(Lil Dicky|Earth) -> 0 results
2026-03-11 20:24:51,783 [SIM] search_track(Lil Dicky|Lemme Freak) -> 0 results
2026-03-11 20:24:51,783 [SIM] search_track(Lil Dicky|Freaky Friday) -> 0 results
2026-03-11 20:24:51,783 [SIM] search_track(Lil Dicky|$ave Dat Money) -> 0 results
2026-03-11 20:24:51,784 [SIM] search_track(Lil Dicky|We Good) -> 0 results
2026-03-11 20:24:51,784 [SIM] search_track(Lil Mosey|Blueberry Faygo) -> 0 results
2026-03-11 20:24:51,784 [SIM] search_track(Lil Mosey|Dreamin) -> 0 results
2026-03-11 20:24:51,784 [SIM] search_track(Lil Mosey|Jet To The West) -> 0 results
2026-03-11 20:24:51,784 [SIM] search_track(Lil Mosey|Live This Wild) -> 0 results
2026-03-11 20:24:51,784 [SIM] search_track(Lil Mosey|Rose Gold) -> 0 results
2026-03-11 20:24:51,784 [SIM] search_track(Lil Mosey|So Fast) -> 0 results
2026-03-11 20:24:51,784 [SIM] search_track(Lil Mosey|Speed Racin) -> 0 results
2026-03-11 20:24:51,784 [SIM] search_track(Lil Mosey|Stuck In A Dream) -> 0 results
2026-03-11 20:24:51,784 [SIM] search_track(Lil Mosey|Never Scared) -> 0 results
2026-03-11 20:24:51,784 [SIM] search_track(Lil Mosey|24/7) -> 0 results
2026-03-11 20:24:51,784 [SIM] search_track(Lil Mosey|<3) -> 0 results
2026-03-11 20:24:51,784 [SIM] search_track(Lil Mosey|Feel) -> 0 results
2026-03-11 20:24:51,784 [SIM] search_track(Lil Mosey|Heavily) -> 0 results
2026-03-11 20:24:51,784 [SIM] search_track(Lil Mosey|Loaded) -> 0 results
2026-03-11 20:24:51,784 [SIM] search_track(Lil Mosey|Love U Bby) -> 0 results
2026-03-11 20:24:51,795 [SIM] search_track(Lil Mosey|Margiela Pink) -> 0 results
2026-03-11 20:24:51,795 [SIM] search_track(Lil Mosey|By Yourself) -> 0 results
2026-03-11 20:24:51,795 [SIM] search_track(Lil Mosey|Planet) -> 0 results
2026-03-11 20:24:51,795 [SIM] search_track(Lil Mosey|Stuck in October) -> 0 results
2026-03-11 20:24:51,795 [SIM] search_track(Lil Mosey|This Time) -> 0 results
2026-03-11 20:24:51,795 [SIM] search_track(Lil Mosey|Boof Pack) -> 0 results
2026-03-11 20:24:51,795 [SIM] search_track(Lil Mosey|Burberry Headband) -> 0 results
2026-03-11 20:24:51,795 [SIM] search_track(Lil Mosey|Bust Down Cartier) -> 0 results
2026-03-11 20:24:51,795 [SIM] search_track(Lil Mosey|Greet Her) -> 0 results
2026-03-11 20:24:51,795 [SIM] search_track(Lil Mosey|Kamikaze) -> 0 results
2026-03-11 20:24:51,795 [SIM] search_track(Lil Mosey|Noticed) -> 0 results
2026-03-11 20:24:51,795 [SIM] search_track(Lil Mosey|Pull Up) -> 0 results
2026-03-11 20:24:51,796 [SIM] search_track(Lil Mosey|Rarri) -> 0 results
2026-03-11 20:24:51,796 [SIM] search_track(Lil Mosey|That's My Bitch) -> 0 results
2026-03-11 20:24:51,796 [SIM] search_track(Lil Mosey|Trapstar) -> 0 results
2026-03-11 20:24:51,796 [SIM] search_track(Lil Mosey|Yoppa) -> 0 results
2026-03-11 20:24:51,796 [SIM] search_track(Lil Mosey|Ain't It A Flex) -> 0 results
2026-03-11 20:24:51,796 [SIM] search_track(Lil Mosey|Anybody) -> 0 results
2026-03-11 20:24:51,796 [SIM] search_track(Lil Mosey|Enough) -> 0 results
2026-03-11 20:24:51,796 [SIM] search_track(Lil Mosey|Falling) -> 0 results
2026-03-11 20:24:51,796 [SIM] search_track(Lil Mosey|Not The Same God As Mine) -> 0 results
2026-03-11 20:24:51,796 [SIM] search_track(Lil Mosey|Problem Solvin) -> 0 results
2026-03-11 20:24:51,796 [SIM] search_track(Lil Mosey|Try Me) -> 0 results
2026-03-11 20:24:51,796 [SIM] search_track(Lil Mosey|Paid Up) -> 0 results
2026-03-11 20:24:51,796 [SIM] search_track(Lil Mosey|Sick Today) -> 0 results
2026-03-11 20:24:51,807 [SIM] search_track(Lil Nas X|Panini) -> 0 results
2026-03-11 20:24:51,807 [SIM] search_track(Lil Nas X|Old Town Road) -> 0 results
2026-03-11 20:24:51,807 [SIM] search_track(Lil Nas X|Rodeo) -> 0 results
2026-03-11 20:24:51,807 [SIM] search_track(Lil Tecca|Dark Thoughts) -> 0 results
2026-03-11 20:24:51,807 [SIM] search_track(Lil Tecca|Don’t Rush) -> 0 results
2026-03-11 20:24:51,807 [SIM] search_track(Lil Tecca|Favorite Lie) -> 0 results
2026-03-11 20:24:51,807 [SIM] search_track(Lil Tecca|Half The Plot) -> 0 results
2026-03-11 20:24:51,807 [SIM] search_track(Lil Tecca|Hollywood) -> 0 results
2026-03-11 20:24:51,807 [SIM] search_track(Lil Tecca|Irish Goodbye) -> 0 results
2026-03-11 20:24:51,807 [SIM] search_track(Lil Tecca|OWA OWA) -> 0 results
2026-03-11 20:24:51,807 [SIM] search_track(Lil Tecca|The Truth) -> 0 results
2026-03-11 20:24:51,807 [SIM] search_track(Lil Tecca|X Factor) -> 0 results
2026-03-11 20:24:51,807 [SIM] search_track(Lil Tecca|Blessing) -> 0 results
2026-03-11 20:24:51,807 [SIM] search_track(Lil Tecca|Fallin) -> 0 results
2026-03-11 20:24:51,807 [SIM] search_track(Lil Tecca|Faster) -> 0 results
2026-03-11 20:24:51,808 [SIM] search_track(Lil Tecca|When You Down) -> 0 results
2026-03-11 20:24:51,808 [SIM] search_track(Lil Tecca|Gist) -> 0 results
2026-03-11 20:24:51,808 [SIM] search_track(Lil Tecca|Need Me) -> 0 results
2026-03-11 20:24:51,808 [SIM] search_track(Lil Tecca|Real Discussions) -> 0 results
2026-03-11 20:24:51,808 [SIM] search_track(Lil Tecca|TEC) -> 0 results
2026-03-11 20:24:51,808 [SIM] search_track(Lil Tecca|Want It Bad) -> 0 results
2026-03-11 20:24:51,808 [SIM] search_track(Lil Tecca|HVN ON EARTH) -> 0 results
2026-03-11 20:24:51,808 [SIM] search_track(Lil Tecca|Amigo) -> 0 results
2026-03-11 20:24:51,808 [SIM] search_track(Lil Tecca|Bossanova) -> 0 results
2026-03-11 20:24:51,808 [SIM] search_track(Lil Tecca|Count Me Out) -> 0 results
2026-03-11 20:24:51,819 [SIM] search_track(Lil Tecca|Did It Again) -> 0 results
2026-03-11 20:24:51,819 [SIM] search_track(Lil Tecca|DUI) -> 0 results
2026-03-11 20:24:51,819 [SIM] search_track(Lil Tecca|Glo Up) -> 0 results
2026-03-11 20:24:51,819 [SIM] search_track(Lil Tecca|Left, Right) -> 0 results
2026-03-11 20:24:51,819 [SIM] search_track(Lil Tecca|Love Me) -> 0 results
2026-03-11 20:24:51,819 [SIM] search_track(Lil Tecca|Molly Girl) -> 0 results
2026-03-11 20:24:51,819 [SIM] search_track(Lil Tecca|Out Of Luck) -> 0 results
2026-03-11 20:24:51,819 [SIM] search_track(Lil Tecca|Phenom) -> 0 results
2026-03-11 20:24:51,819 [SIM] search_track(Lil Tecca|Ransom) -> 0 results
2026-03-11 20:24:51,819 [SIM] search_track(Lil Tecca|Senorita) -> 0 results
2026-03-11 20:24:51,819 [SIM] search_track(Lil Tecca|Shots) -> 0 results
2026-03-11 20:24:51,819 [SIM] search_track(Lil Tecca|Sidenote) -> 0 results
2026-03-11 20:24:51,819 [SIM] search_track(Lil Tecca|The Score) -> 0 results
2026-03-11 20:24:51,819 [SIM] search_track(Lil Tecca|Weatherman) -> 0 results
2026-03-11 20:24:51,819 [SIM] search_track(Lil Tecca|Ransom (Remix)) -> 0 results
2026-03-11 20:24:51,820 [SIM] search_track(Lil Tecca|CAUTION) -> 0 results
2026-03-11 20:24:51,820 [SIM] search_track(Lil Tecca|DID THAT) -> 0 results
2026-03-11 20:24:51,820 [SIM] search_track(Lil Tecca|EVERYWHERE I GO) -> 0 results
2026-03-11 20:24:51,820 [SIM] search_track(Lil Tecca|FEE) -> 0 results
2026-03-11 20:24:51,820 [SIM] search_track(Lil Tecca|INVESTIGATION) -> 0 results
2026-03-11 20:24:51,820 [SIM] search_track(Lil Tecca|LOT OF ME) -> 0 results
2026-03-11 20:24:51,820 [SIM] search_track(Lil Tecca|MONEY ON ME) -> 0 results
2026-03-11 20:24:51,820 [SIM] search_track(Lil Tecca|MY SIDE) -> 0 results
2026-03-11 20:24:51,820 [SIM] search_track(Lil Tecca|NADA) -> 0 results
2026-03-11 20:24:51,820 [SIM] search_track(Lil Tecca|NEVER LEFT) -> 0 results
2026-03-11 20:24:51,831 [SIM] search_track(Lil Tecca|NO DISCUSSION) -> 0 results
2026-03-11 20:24:51,831 [SIM] search_track(Lil Tecca|SHOOTERS) -> 0 results
2026-03-11 20:24:51,831 [SIM] search_track(Lil Tecca|WHATEVER) -> 0 results
2026-03-11 20:24:51,831 [SIM] search_track(Lil Tecca|YOU DON'T NEED ME NO MORE) -> 0 results
2026-03-11 20:24:51,831 [SIM] search_track(Lil Tecca|YOU GOTTA GO DO BETTER) -> 0 results
2026-03-11 20:24:51,831 [SIM] search_track(Lil Tecca|CHOPPA SHOOT THE LOUDEST) -> 0 results
2026-03-11 20:24:51,831 [SIM] search_track(Lil Tecca|REPEAT IT) -> 0 results
2026-03-11 20:24:51,831 [SIM] search_track(Lil Tecca|SEASIDE) -> 0 results
2026-03-11 20:24:51,831 [SIM] search_track(Lil Tecca|BANK TELLER) -> 0 results
2026-03-11 20:24:51,831 [SIM] search_track(Lil Tecca|ABOUT YOU) -> 0 results
2026-03-11 20:24:51,831 [SIM] search_track(Lil Uzi Vert|Baby Pluto) -> 0 results
2026-03-11 20:24:51,831 [SIM] search_track(Lil Uzi Vert|Futsal Shuffle 2020) -> 0 results
2026-03-11 20:24:51,831 [SIM] search_track(Lil Uzi Vert|Lo Mein) -> 0 results
2026-03-11 20:24:51,831 [SIM] search_track(Lil Uzi Vert|Moon Relate) -> 0 results
2026-03-11 20:24:51,832 [SIM] search_track(Lil Uzi Vert|Myron) -> 0 results
2026-03-11 20:24:51,832 [SIM] search_track(Lil Uzi Vert|P2) -> 0 results
2026-03-11 20:24:51,832 [SIM] search_track(Lil Uzi Vert|That Way) -> 0 results
2026-03-11 20:24:51,832 [SIM] search_track(Lil Uzi Vert|Bean (Kobe)) -> 0 results
2026-03-11 20:24:51,832 [SIM] search_track(Lil Uzi Vert|Leaders) -> 0 results
2026-03-11 20:24:51,832 [SIM] search_track(Lil Uzi Vert|Do What I Want) -> 0 results
2026-03-11 20:24:51,832 [SIM] search_track(Lil Uzi Vert|Erase Your Social) -> 0 results
2026-03-11 20:24:51,832 [SIM] search_track(Lil Uzi Vert|Sanguine Paradise) -> 0 results
2026-03-11 20:24:51,832 [SIM] search_track(Lil Uzi Vert|Two®) -> 0 results
2026-03-11 20:24:51,832 [SIM] search_track(Lil Uzi Vert|You Was Right) -> 0 results
2026-03-11 20:24:51,832 [SIM] search_track(Lil Uzi Vert|The Way Life Goes) -> 0 results
2026-03-11 20:24:51,844 [SIM] search_track(Lil Uzi Vert|Ballin) -> 0 results
2026-03-11 20:24:51,844 [SIM] search_track(Lil Wayne|God Bless Amerika) -> 0 results
2026-03-11 20:24:51,844 [SIM] search_track(Lil Wayne|Two Four (Kobe)) -> 0 results
2026-03-11 20:24:51,844 [SIM] search_track(Lil Wayne|Mrs. Officer) -> 0 results
2026-03-11 20:24:51,844 [SIM] search_track(Lil Wayne|Bless) -> 0 results
2026-03-11 20:24:51,844 [SIM] search_track(Lil Wayne|Right Above It) -> 0 results
2026-03-11 20:24:51,844 [SIM] search_track(Lil Wayne|Bleu Snappin') -> 0 results
2026-03-11 20:24:51,844 [SIM] search_track(Lil Wayne|Hands Up (My Last)) -> 0 results
2026-03-11 20:24:51,845 [SIM] search_track(Lil Wayne|Sorry 4 The Wait) -> 0 results
2026-03-11 20:24:51,845 [SIM] search_track(Lil Wayne|Tunechi's Room) -> 0 results
2026-03-11 20:24:51,845 [SIM] search_track(Lil Wayne|Twist Made Me) -> 0 results
2026-03-11 20:24:51,845 [SIM] search_track(Lil Wayne|Shine) -> 0 results
2026-03-11 20:24:51,845 [SIM] search_track(Lil Wayne|Hoes) -> 0 results
2026-03-11 20:24:51,845 [SIM] search_track(Lil Wayne|How To Love) -> 0 results
2026-03-11 20:24:51,845 [SIM] search_track(Lil Wayne|Mirror) -> 0 results
2026-03-11 20:24:51,845 [SIM] search_track(Lil Wayne|Let It All Work Out) -> 0 results
2026-03-11 20:24:51,845 [SIM] search_track(Lil Wayne|Famous) -> 0 results
2026-03-11 20:24:51,845 [SIM] search_track(Lil Wayne|Dope Niggaz) -> 0 results
2026-03-11 20:24:51,845 [SIM] search_track(Lil Wayne|Feelin' Like Tunechi) -> 0 results
2026-03-11 20:24:51,845 [SIM] search_track(Lil Wayne|Trust Fund) -> 0 results
2026-03-11 20:24:51,845 [SIM] search_track(Lil Yachty|One Night) -> 0 results
2026-03-11 20:24:51,845 [SIM] search_track(Lil Yachty|Poland) -> 0 results
2026-03-11 20:24:51,845 [SIM] search_track(Lil Yachty|Oprah's Bank Account) -> 0 results
2026-03-11 20:24:51,845 [SIM] search_track(Lil Yachty|Yacht Club) -> 0 results
2026-03-11 20:24:51,845 [SIM] search_track(Lil Yachty|Bring It Back) -> 0 results
2026-03-11 20:24:51,857 [SIM] search_track(Lil Yachty|FYI (Know Now)) -> 0 results
2026-03-11 20:24:51,857 [SIM] search_track(Lil Yachty|Made Of Glass) -> 0 results
2026-03-11 20:24:51,857 [SIM] search_track(Lil Yachty|Say My Name) -> 0 results
2026-03-11 20:24:51,857 [SIM] search_track(Lil Yachty|Forever Young) -> 0 results
2026-03-11 20:24:51,857 [SIM] search_track(Lil Yachty|Better) -> 0 results
2026-03-11 20:24:51,857 [SIM] search_track(Lil Yachty|All Around Me) -> 0 results
2026-03-11 20:24:51,857 [SIM] search_track(LL COOL J|Bath Salt) -> 0 results
2026-03-11 20:24:51,857 [SIM] search_track(LL COOL J|Jump On It) -> 0 results
2026-03-11 20:24:51,857 [SIM] search_track(LL COOL J|Remember Me) -> 0 results
2026-03-11 20:24:51,857 [SIM] search_track(LL COOL J|Waiting On You) -> 0 results
2026-03-11 20:24:51,857 [SIM] search_track(LL COOL J|Live For You) -> 0 results
2026-03-11 20:24:51,857 [SIM] search_track(LL COOL J|New Love) -> 0 results
2026-03-11 20:24:51,857 [SIM] search_track(LL COOL J|Something About You (Love The World)) -> 0 results
2026-03-11 20:24:51,857 [SIM] search_track(LL COOL J|We're The Greatest) -> 0 results
2026-03-11 20:24:51,858 [SIM] search_track(LL COOL J|Not Leaving You Tonight) -> 0 results
2026-03-11 20:24:51,858 [SIM] search_track(LL COOL J|Take It) -> 0 results
2026-03-11 20:24:51,858 [SIM] search_track(LL COOL J|Between The Sheetz) -> 0 results
2026-03-11 20:24:51,858 [SIM] search_track(LL COOL J|Closer) -> 0 results
2026-03-11 20:24:51,858 [SIM] search_track(LL COOL J|Give Me Love) -> 0 results
2026-03-11 20:24:51,858 [SIM] search_track(LL COOL J|Bartender Please) -> 0 results
2026-03-11 20:24:51,858 [SIM] search_track(LL COOL J|We Came To Party) -> 0 results
2026-03-11 20:24:51,858 [SIM] search_track(LL COOL J|Whaddup) -> 0 results
2026-03-11 20:24:51,858 [SIM] search_track(Londrelle|3:33 in Babylon) -> 0 results
2026-03-11 20:24:51,858 [SIM] search_track(Londrelle|Cast out Spirits) -> 0 results
2026-03-11 20:24:51,858 [SIM] search_track(Londrelle|God Will Rise) -> 0 results
2026-03-11 20:24:51,869 [SIM] search_track(Londrelle|Kingdom Child) -> 0 results
2026-03-11 20:24:51,869 [SIM] search_track(Londrelle|Legendary) -> 0 results
2026-03-11 20:24:51,869 [SIM] search_track(Londrelle|Only Love Is Real) -> 0 results
2026-03-11 20:24:51,869 [SIM] search_track(Londrelle|Pray for the Hood) -> 0 results
2026-03-11 20:24:51,869 [SIM] search_track(Londrelle|Stay Grounded) -> 0 results
2026-03-11 20:24:51,869 [SIM] search_track(Londrelle|You Are Enough) -> 0 results
2026-03-11 20:24:51,869 [SIM] search_track(Londrelle|Govinda Nights) -> 0 results
2026-03-11 20:24:51,870 [SIM] search_track(Lorde|Royals) -> 0 results
2026-03-11 20:24:51,870 [SIM] search_track(Lorde|Team) -> 0 results
2026-03-11 20:24:51,870 [SIM] search_track(Lorde|Tennis Court) -> 0 results
2026-03-11 20:24:51,870 [SIM] search_track(Lorde|White Teeth Teens) -> 0 results
2026-03-11 20:24:51,870 [SIM] search_track(Luh Kel|All In You) -> 0 results
2026-03-11 20:24:51,870 [SIM] search_track(Luh Kel|Feelin In Love) -> 0 results
2026-03-11 20:24:51,870 [SIM] search_track(Luh Kel|GTW2U) -> 0 results
2026-03-11 20:24:51,870 [SIM] search_track(Lukis Mac|Celebrate Your Blessings) -> 0 results
2026-03-11 20:24:51,870 [SIM] search_track(Lukis Mac|God Mode) -> 0 results
2026-03-11 20:24:51,870 [SIM] search_track(Lukis Mac|Heal My Soul) -> 0 results
2026-03-11 20:24:51,870 [SIM] search_track(Lukis Mac|I Am Free) -> 0 results
2026-03-11 20:24:51,870 [SIM] search_track(Lukis Mac|I'm Winning) -> 0 results
2026-03-11 20:24:51,870 [SIM] search_track(Lukis Mac|My Ego Is Dying) -> 0 results
2026-03-11 20:24:51,870 [SIM] search_track(Lukis Mac|New Level) -> 0 results
2026-03-11 20:24:51,870 [SIM] search_track(Lukis Mac|I'm Learning) -> 0 results
2026-03-11 20:24:51,870 [SIM] search_track(Lukis Mac|Only God Can See) -> 0 results
2026-03-11 20:24:51,870 [SIM] search_track(Lukis Mac|Love Is the Medicine) -> 0 results
2026-03-11 20:24:51,870 [SIM] search_track(Lukis Mac|Children of Earth) -> 0 results
2026-03-11 20:24:51,882 [SIM] search_track(Lukis Mac|I'm on One) -> 0 results
2026-03-11 20:24:51,882 [SIM] search_track(Lukis Mac|Less About the Hussle) -> 0 results
2026-03-11 20:24:51,882 [SIM] search_track(Lukis Mac|Prayer) -> 0 results
2026-03-11 20:24:51,882 [SIM] search_track(Lukis Mac|Self Growth) -> 0 results
2026-03-11 20:24:51,882 [SIM] search_track(Lukis Mac|Love Is Our Legacy) -> 0 results
2026-03-11 20:24:51,882 [SIM] search_track(Lukis Mac|Elevate) -> 0 results
2026-03-11 20:24:51,882 [SIM] search_track(Lukis Mac|The Universe Knows) -> 0 results
2026-03-11 20:24:51,882 [SIM] search_track(Lupe Fiasco|Superstar) -> 0 results
2026-03-11 20:24:51,882 [SIM] search_track(Lupe Fiasco|Hip-Hop Saved My Life) -> 0 results
2026-03-11 20:24:51,882 [SIM] search_track(Lupe Fiasco|The Show Goes On) -> 0 results
2026-03-11 20:24:51,882 [SIM] search_track(Mac DeMarco|Freaking Out The Neighborhood) -> 0 results
2026-03-11 20:24:51,882 [SIM] search_track(Mac DeMarco|My Kind Of Woman) -> 0 results
2026-03-11 20:24:51,882 [SIM] search_track(Mac DeMarco|Ode To Viceroy) -> 0 results
2026-03-11 20:24:51,882 [SIM] search_track(Mac DeMarco|Blue Boy) -> 0 results
2026-03-11 20:24:51,882 [SIM] search_track(Mac DeMarco|Chamber Of Reflection) -> 0 results
2026-03-11 20:24:51,882 [SIM] search_track(Mac DeMarco|Treat Her Better) -> 0 results
2026-03-11 20:24:51,882 [SIM] search_track(Mac DeMarco|Baby's Wearing Blue Jeans) -> 0 results
2026-03-11 20:24:51,882 [SIM] search_track(Mac Dre|Feelin' Myself) -> 0 results
2026-03-11 20:24:51,883 [SIM] search_track(Mac Dre|Get Stupid) -> 0 results
2026-03-11 20:24:51,883 [SIM] search_track(Mac Dre|Doin' What I Do) -> 0 results
2026-03-11 20:24:51,883 [SIM] search_track(Mac Dre|Not My Job) -> 0 results
2026-03-11 20:24:51,883 [SIM] search_track(Machine Gun Kelly|RAP DEVIL) -> 0 results
2026-03-11 20:24:51,883 [SIM] search_track(Machine Gun Kelly|Invincible) -> 0 results
2026-03-11 20:24:51,883 [SIM] search_track(Machine Gun Kelly|ay!) -> 0 results
2026-03-11 20:24:51,883 [SIM] search_track(Macklemore|Intentions) -> 0 results
2026-03-11 20:24:51,899 [SIM] search_track(Macklemore|Good Old Days) -> 0 results
2026-03-11 20:24:51,899 [SIM] search_track(Macklemore|How To Play the Flute) -> 0 results
2026-03-11 20:24:51,899 [SIM] search_track(Macklemore|Marmalade) -> 0 results
2026-03-11 20:24:51,899 [SIM] search_track(Macklemore|Wednesday Morning) -> 0 results
2026-03-11 20:24:51,899 [SIM] search_track(Macklemore|Otherside) -> 0 results
2026-03-11 20:24:51,899 [SIM] search_track(Macklemore|Can't Hold Us) -> 0 results
2026-03-11 20:24:51,899 [SIM] search_track(Macklemore|Wings) -> 0 results
2026-03-11 20:24:51,899 [SIM] search_track(Macklemore|Gold) -> 0 results
2026-03-11 20:24:51,899 [SIM] search_track(Macklemore|Make The Money) -> 0 results
2026-03-11 20:24:51,899 [SIM] search_track(Macklemore|Neon Cathedral) -> 0 results
2026-03-11 20:24:51,899 [SIM] search_track(Macklemore|Same Love) -> 0 results
2026-03-11 20:24:51,899 [SIM] search_track(Macklemore|Starting Over) -> 0 results
2026-03-11 20:24:51,899 [SIM] search_track(Macklemore|Ten Thousand Hours) -> 0 results
2026-03-11 20:24:51,899 [SIM] search_track(Macklemore|Thin Line) -> 0 results
2026-03-11 20:24:51,899 [SIM] search_track(Macklemore|Thrift Shop) -> 0 results
2026-03-11 20:24:51,899 [SIM] search_track(Macklemore|Victory Lap) -> 0 results
2026-03-11 20:24:51,900 [SIM] search_track(Macklemore|White Walls) -> 0 results
2026-03-11 20:24:51,900 [SIM] search_track(Macklemore|As Soon As I Wake Up) -> 0 results
2026-03-11 20:24:51,900 [SIM] search_track(Macklemore|City Don't Sleep) -> 0 results
2026-03-11 20:24:51,900 [SIM] search_track(Macklemore|Claiming the City) -> 0 results
2026-03-11 20:24:51,900 [SIM] search_track(Macklemore|Contradiction) -> 0 results
2026-03-11 20:24:51,900 [SIM] search_track(Macklemore|Ego) -> 0 results
2026-03-11 20:24:51,900 [SIM] search_track(Macklemore|Hold Your Head Up) -> 0 results
2026-03-11 20:24:51,900 [SIM] search_track(Macklemore|I Said Hey) -> 0 results
2026-03-11 20:24:51,900 [SIM] search_track(Macklemore|Inhale Deep) -> 0 results
2026-03-11 20:24:51,911 [SIM] search_track(Macklemore|Love Song) -> 0 results
2026-03-11 20:24:51,912 [SIM] search_track(Macklemore|My Language) -> 0 results
2026-03-11 20:24:51,912 [SIM] search_track(Macklemore|The Magic) -> 0 results
2026-03-11 20:24:51,912 [SIM] search_track(Macklemore|Dance Off) -> 0 results
2026-03-11 20:24:51,912 [SIM] search_track(Macklemore|Buckshot) -> 0 results
2026-03-11 20:24:51,912 [SIM] search_track(Macklemore|Downtown) -> 0 results
2026-03-11 20:24:51,912 [SIM] search_track(Mariah Carey|Always Be My Baby) -> 0 results
2026-03-11 20:24:51,912 [SIM] search_track(Mariah Carey|Hero) -> 0 results
2026-03-11 20:24:51,912 [SIM] search_track(Mariah Carey|Honey) -> 0 results
2026-03-11 20:24:51,912 [SIM] search_track(Mariah Carey|Love Takes Time) -> 0 results
2026-03-11 20:24:51,912 [SIM] search_track(Mariah Carey|Touch My Body) -> 0 results
2026-03-11 20:24:51,912 [SIM] search_track(Mariah Carey|We Belong Together) -> 0 results
2026-03-11 20:24:51,912 [SIM] search_track(Mariah Carey|One Sweet Day) -> 0 results
2026-03-11 20:24:51,912 [SIM] search_track(Mariah Carey|Fantasy) -> 0 results
2026-03-11 20:24:51,912 [SIM] search_track(Maroon 5|Daylight) -> 0 results
2026-03-11 20:24:51,912 [SIM] search_track(Maroon 5|Love Somebody) -> 0 results
2026-03-11 20:24:51,912 [SIM] search_track(Maroon 5|One More Night) -> 0 results
2026-03-11 20:24:51,912 [SIM] search_track(Maroon 5|Moves Like Jagger) -> 0 results
2026-03-11 20:24:51,912 [SIM] search_track(Maroon 5|Payphone) -> 0 results
2026-03-11 20:24:51,912 [SIM] search_track(Maroon 5|Girls Like You) -> 0 results
2026-03-11 20:24:51,912 [SIM] search_track(Maroon 5|What Lovers Do) -> 0 results
2026-03-11 20:24:51,912 [SIM] search_track(Maroon 5|Memories) -> 0 results
2026-03-11 20:24:51,913 [SIM] search_track(Maroon 5|Sugar) -> 0 results
2026-03-11 20:24:51,913 [SIM] search_track(Maroon 5|Wake Up Call) -> 0 results
2026-03-11 20:24:51,913 [SIM] search_track(Maroon 5|Beautiful Mistakes) -> 0 results
2026-03-11 20:24:51,925 [SIM] search_track(Maroon 5|She Will Be Loved) -> 0 results
2026-03-11 20:24:51,925 [SIM] search_track(Maroon 5|This Love) -> 0 results
2026-03-11 20:24:51,925 [SIM] search_track(Megan Thee Stallion|Girls in the Hood) -> 0 results
2026-03-11 20:24:51,925 [SIM] search_track(Megan Thee Stallion|Outside) -> 0 results
2026-03-11 20:24:51,925 [SIM] search_track(Megan Thee Stallion|Go Crazy) -> 0 results
2026-03-11 20:24:51,925 [SIM] search_track(Megan Thee Stallion|B.I.T.C.H.) -> 0 results
2026-03-11 20:24:51,925 [SIM] search_track(Megan Thee Stallion|Hot Girl Summer) -> 0 results
2026-03-11 20:24:51,925 [SIM] search_track(Metro Boomin|Around Me) -> 0 results
2026-03-11 20:24:51,925 [SIM] search_track(Metro Boomin|Superhero (Heroes & Villains)) -> 0 results
2026-03-11 20:24:51,925 [SIM] search_track(Metro Boomin|Too Many Nights) -> 0 results
2026-03-11 20:24:51,925 [SIM] search_track(Metro Boomin|On Time) -> 0 results
2026-03-11 20:24:51,925 [SIM] search_track(Metro Boomin|Creepin') -> 0 results
2026-03-11 20:24:51,925 [SIM] search_track(Michael Jackson|Hold My Hand (with Akon)) -> 0 results
2026-03-11 20:24:51,926 [SIM] search_track(Michael Jackson|Bad) -> 0 results
2026-03-11 20:24:51,926 [SIM] search_track(Michael Jackson|Black or White) -> 0 results
2026-03-11 20:24:51,926 [SIM] search_track(Michael Jackson|Man in the Mirror) -> 0 results
2026-03-11 20:24:51,926 [SIM] search_track(Michael Jackson|Rock with You) -> 0 results
2026-03-11 20:24:51,926 [SIM] search_track(Michael Jackson|Smooth Criminal) -> 0 results
2026-03-11 20:24:51,926 [SIM] search_track(Michael Jackson|Thriller) -> 0 results
2026-03-11 20:24:51,926 [SIM] search_track(Michael Jackson|You Are Not Alone) -> 0 results
2026-03-11 20:24:51,926 [SIM] search_track(MIKA|Any Other World) -> 0 results
2026-03-11 20:24:51,926 [SIM] search_track(MIKA|Big Girl (You Are Beautiful)) -> 0 results
2026-03-11 20:24:51,926 [SIM] search_track(MIKA|Happy Ending) -> 0 results
2026-03-11 20:24:51,926 [SIM] search_track(MIKA|Lollipop) -> 0 results
2026-03-11 20:24:51,926 [SIM] search_track(MIKA|Love Today) -> 0 results
2026-03-11 20:24:51,938 [SIM] search_track(MIKA|Relax, Take It Easy) -> 0 results
2026-03-11 20:24:51,938 [SIM] search_track(MIKA|Stuck In The Middle) -> 0 results
2026-03-11 20:24:51,938 [SIM] search_track(mike.|Closer) -> 0 results
2026-03-11 20:24:51,938 [SIM] search_track(mike.|music when i'm high) -> 0 results
2026-03-11 20:24:51,939 [SIM] search_track(mike.|oasis) -> 0 results
2026-03-11 20:24:51,939 [SIM] search_track(mike.|woke up new) -> 0 results
2026-03-11 20:24:51,939 [SIM] search_track(mike.|2 birds) -> 0 results
2026-03-11 20:24:51,939 [SIM] search_track(mike.|days go bye) -> 0 results
2026-03-11 20:24:51,939 [SIM] search_track(mike.|life got crazy) -> 0 results
2026-03-11 20:24:51,939 [SIM] search_track(mike.|rodman) -> 0 results
2026-03-11 20:24:51,939 [SIM] search_track(mike.|what i know) -> 0 results
2026-03-11 20:24:51,939 [SIM] search_track(Mike Posner|Bow Chicka Wow Wow) -> 0 results
2026-03-11 20:24:51,939 [SIM] search_track(Mike Posner|Cooler Than Me) -> 0 results
2026-03-11 20:24:51,939 [SIM] search_track(Mike Posner|Gone In September) -> 0 results
2026-03-11 20:24:51,939 [SIM] search_track(Mike Posner|Save Your Goodbye) -> 0 results
2026-03-11 20:24:51,939 [SIM] search_track(Mike Posner|Be As You Are) -> 0 results
2026-03-11 20:24:51,939 [SIM] search_track(Mike Posner|I Took A Pill In Ibiza (Seeb Remix)) -> 0 results
2026-03-11 20:24:51,939 [SIM] search_track(Mike Posner|In The Arms Of A Stranger (Brian Kierulf Remix)) -> 0 results
2026-03-11 20:24:51,939 [SIM] search_track(Mike Posner|Drug Dealer Girl) -> 0 results
2026-03-11 20:24:51,939 [SIM] search_track(Mike Posner|The Way It Used to Be) -> 0 results
2026-03-11 20:24:51,939 [SIM] search_track(Mike Posner|Top of the World) -> 0 results
2026-03-11 20:24:51,939 [SIM] search_track(Miley Cyrus|We Can't Stop) -> 0 results
2026-03-11 20:24:51,939 [SIM] search_track(Miley Cyrus|Wrecking Ball) -> 0 results
2026-03-11 20:24:51,939 [SIM] search_track(Miley Cyrus|Party In The U.S.A.) -> 0 results
2026-03-11 20:24:51,939 [SIM] search_track(MKTO|American Dream) -> 0 results
2026-03-11 20:24:51,951 [SIM] search_track(MKTO|Classic) -> 0 results
2026-03-11 20:24:51,951 [SIM] search_track(MKTO|Thank You) -> 0 results
2026-03-11 20:24:51,951 [SIM] search_track(MKTO|Could Be Me) -> 0 results
2026-03-11 20:24:51,951 [SIM] search_track(Modern Talking|Brother Louie) -> 0 results
2026-03-11 20:24:51,951 [SIM] search_track(Modern Talking|Cheri Cheri Lady) -> 0 results
2026-03-11 20:24:51,952 [SIM] search_track(Modern Talking|Geronimo's Cadillac) -> 0 results
2026-03-11 20:24:51,952 [SIM] search_track(Modern Talking|You Can Win If You Want) -> 0 results
2026-03-11 20:24:51,952 [SIM] search_track(Modern Talking|You're My Heart, You're My Soul) -> 0 results
2026-03-11 20:24:51,952 [SIM] search_track(Money Man|New York) -> 0 results
2026-03-11 20:24:51,952 [SIM] search_track(Money Man|Fans Go Crazy) -> 0 results
2026-03-11 20:24:51,952 [SIM] search_track(Money Man|LLC) -> 0 results
2026-03-11 20:24:51,952 [SIM] search_track(Moneybagg Yo|Scorpio) -> 0 results
2026-03-11 20:24:51,952 [SIM] search_track(Moneybagg Yo|Wockesha) -> 0 results
2026-03-11 20:24:51,952 [SIM] search_track(Moneybagg Yo|All Dat) -> 0 results
2026-03-11 20:24:51,952 [SIM] search_track(Moneybagg Yo|Rocky Road) -> 0 results
2026-03-11 20:24:51,952 [SIM] search_track(Moneybagg Yo|Hard For The Next) -> 0 results
2026-03-11 20:24:51,952 [SIM] search_track(Morgan Wallen|180 (Lifestyle)) -> 0 results
2026-03-11 20:24:51,952 [SIM] search_track(Morgan Wallen|Ain’t That Some) -> 0 results
2026-03-11 20:24:51,952 [SIM] search_track(Morgan Wallen|F150-50) -> 0 results
2026-03-11 20:24:51,952 [SIM] search_track(Morgan Wallen|Hope That’s True) -> 0 results
2026-03-11 20:24:51,952 [SIM] search_track(Morgan Wallen|Last Night) -> 0 results
2026-03-11 20:24:51,952 [SIM] search_track(Morgan Wallen|Me To Me) -> 0 results
2026-03-11 20:24:51,952 [SIM] search_track(Morgan Wallen|Neon Star (Country Boy Lullaby)) -> 0 results
2026-03-11 20:24:51,952 [SIM] search_track(Morgan Wallen|One Thing At A Time) -> 0 results
2026-03-11 20:24:51,952 [SIM] search_track(Morgan Wallen|Outlook) -> 0 results
2026-03-11 20:24:51,964 [SIM] search_track(Morgan Wallen|Sunrise) -> 0 results
2026-03-11 20:24:51,964 [SIM] search_track(Morgan Wallen|Thought You Should Know) -> 0 results
2026-03-11 20:24:51,964 [SIM] search_track(Morgan Wallen|Cowgirls) -> 0 results
2026-03-11 20:24:51,964 [SIM] search_track(Morgan Wallen|In The Bible) -> 0 results
2026-03-11 20:24:51,964 [SIM] search_track(Morgan Wallen|Love Somebody) -> 0 results
2026-03-11 20:24:51,965 [SIM] search_track(MOUNT WESTMORE|Activated) -> 0 results
2026-03-11 20:24:51,965 [SIM] search_track(MOUNT WESTMORE|Big Subwoofer) -> 0 results
2026-03-11 20:24:51,965 [SIM] search_track(MOUNT WESTMORE|California) -> 0 results
2026-03-11 20:24:51,965 [SIM] search_track(MOUNT WESTMORE|Do My Best) -> 0 results
2026-03-11 20:24:51,965 [SIM] search_track(MOUNT WESTMORE|Free Game) -> 0 results
2026-03-11 20:24:51,965 [SIM] search_track(MOUNT WESTMORE|Ghetto Gutter) -> 0 results
2026-03-11 20:24:51,965 [SIM] search_track(MOUNT WESTMORE|I Got Pull) -> 0 results
2026-03-11 20:24:51,965 [SIM] search_track(MOUNT WESTMORE|Lace You Up) -> 0 results
2026-03-11 20:24:51,965 [SIM] search_track(MOUNT WESTMORE|Motto) -> 0 results
2026-03-11 20:24:51,965 [SIM] search_track(MOUNT WESTMORE|Up & Down) -> 0 results
2026-03-11 20:24:51,965 [SIM] search_track(MOUNT WESTMORE|Too Big) -> 0 results
2026-03-11 20:24:51,965 [SIM] search_track(Muse|Resistance) -> 0 results
2026-03-11 20:24:51,965 [SIM] search_track(Muse|Undisclosed Desires) -> 0 results
2026-03-11 20:24:51,965 [SIM] search_track(Muse|Uprising) -> 0 results
2026-03-11 20:24:51,965 [SIM] search_track(Mustard|7 to 7) -> 0 results
2026-03-11 20:24:51,965 [SIM] search_track(Mustard|Pray For Me) -> 0 results
2026-03-11 20:24:51,965 [SIM] search_track(Mustard|Up Now) -> 0 results
2026-03-11 20:24:51,965 [SIM] search_track(Mustard|Mines) -> 0 results
2026-03-11 20:24:51,965 [SIM] search_track(Mustard|One Bad Decision) -> 0 results
2026-03-11 20:24:51,965 [SIM] search_track(Mustard|Show Me the Way) -> 0 results
2026-03-11 20:24:51,977 [SIM] search_track(Mustard|Yak's Prayer) -> 0 results
2026-03-11 20:24:51,977 [SIM] search_track(Mustard|Ghetto) -> 0 results
2026-03-11 20:24:51,977 [SIM] search_track(Mustard|One of Them Ones) -> 0 results
2026-03-11 20:24:51,978 [SIM] search_track(Mustard|Truth Is) -> 0 results
2026-03-11 20:24:51,978 [SIM] search_track(Mustard|Pressured Up) -> 0 results
2026-03-11 20:24:51,978 [SIM] search_track(Mustard|Parking Lot) -> 0 results
2026-03-11 20:24:51,978 [SIM] search_track(Mustard|Ballin’) -> 0 results
2026-03-11 20:24:51,978 [SIM] search_track(N.W.A|8 Ball (Remix)) -> 0 results
2026-03-11 20:24:51,978 [SIM] search_track(N.W.A|Compton's N The House (Remix)) -> 0 results
2026-03-11 20:24:51,978 [SIM] search_track(N.W.A|Dopeman (Remix)) -> 0 results
2026-03-11 20:24:51,978 [SIM] search_track(N.W.A|Express Yourself) -> 0 results
2026-03-11 20:24:51,978 [SIM] search_track(N.W.A|Fuck Tha Police) -> 0 results
2026-03-11 20:24:51,978 [SIM] search_track(N.W.A|Gangsta Gangsta) -> 0 results
2026-03-11 20:24:51,978 [SIM] search_track(N.W.A|I Ain't Tha 1) -> 0 results
2026-03-11 20:24:51,978 [SIM] search_track(N.W.A|If It Ain't Ruff) -> 0 results
2026-03-11 20:24:51,978 [SIM] search_track(N.W.A|Parental Discretion Iz Advised) -> 0 results
2026-03-11 20:24:51,978 [SIM] search_track(N.W.A|Quiet On Tha Set) -> 0 results
2026-03-11 20:24:51,978 [SIM] search_track(N.W.A|Something 2 Dance 2) -> 0 results
2026-03-11 20:24:51,978 [SIM] search_track(N.W.A|Something Like That) -> 0 results
2026-03-11 20:24:51,978 [SIM] search_track(N.W.A|Straight Outta Compton) -> 0 results
2026-03-11 20:24:51,978 [SIM] search_track(N.W.A|Alwayz Into Somethin') -> 0 results
2026-03-11 20:24:51,978 [SIM] search_track(N.W.A|Chin Check) -> 0 results
2026-03-11 20:24:51,978 [SIM] search_track(Nas|I Can) -> 0 results
2026-03-11 20:24:51,978 [SIM] search_track(Nas|One Mic) -> 0 results
2026-03-11 20:24:51,979 [SIM] search_track(Nas|Wave Gods) -> 0 results
2026-03-11 20:24:51,990 [SIM] search_track(Natasha Bedingfield|Angel) -> 0 results
2026-03-11 20:24:51,990 [SIM] search_track(Natasha Bedingfield|Pocketful of Sunshine) -> 0 results
2026-03-11 20:24:51,990 [SIM] search_track(Natasha Bedingfield|Put Your Arms Around Me) -> 0 results
2026-03-11 20:24:51,991 [SIM] search_track(Natasha Bedingfield|Love Like This) -> 0 results
2026-03-11 20:24:51,991 [SIM] search_track(Natasha Bedingfield|These Words) -> 0 results
2026-03-11 20:24:51,991 [SIM] search_track(Natasha Bedingfield|Unwritten) -> 0 results
2026-03-11 20:24:51,991 [SIM] search_track(Natasha Bedingfield|Wild Horses) -> 0 results
2026-03-11 20:24:51,991 [SIM] search_track(NAV|Held Me Down) -> 0 results
2026-03-11 20:24:51,991 [SIM] search_track(NAV|A$AP Ferg) -> 0 results
2026-03-11 20:24:51,991 [SIM] search_track(NAV|Wrong Decisions) -> 0 results
2026-03-11 20:24:51,991 [SIM] search_track(Ne-Yo|Because Of You) -> 0 results
2026-03-11 20:24:51,991 [SIM] search_track(Ne-Yo|Go On Girl) -> 0 results
2026-03-11 20:24:51,991 [SIM] search_track(Ne-Yo|I Ain't Gotta Tell You) -> 0 results
2026-03-11 20:24:51,991 [SIM] search_track(Ne-Yo|It Just Ain't Right) -> 0 results
2026-03-11 20:24:51,991 [SIM] search_track(Ne-Yo|Sexy Love) -> 0 results
2026-03-11 20:24:51,991 [SIM] search_track(Ne-Yo|So Sick) -> 0 results
2026-03-11 20:24:51,991 [SIM] search_track(Ne-Yo|Closer) -> 0 results
2026-03-11 20:24:51,991 [SIM] search_track(Ne-Yo|Miss Independent) -> 0 results
2026-03-11 20:24:51,991 [SIM] search_track(Nelly|Just A Dream) -> 0 results
2026-03-11 20:24:51,991 [SIM] search_track(Nelly|Birthday Girl) -> 0 results
2026-03-11 20:24:51,991 [SIM] search_track(Nelly|Ride Wit Me) -> 0 results
2026-03-11 20:24:51,991 [SIM] search_track(Nelly|Dilemma) -> 0 results
2026-03-11 20:24:51,991 [SIM] search_track(Nic D|Better) -> 0 results
2026-03-11 20:24:51,991 [SIM] search_track(Nic D|Concrete) -> 0 results
2026-03-11 20:24:51,992 [SIM] search_track(Nic D|Down Town Things) -> 0 results
2026-03-11 20:24:52,003 [SIM] search_track(Nic D|Good For Something) -> 0 results
2026-03-11 20:24:52,004 [SIM] search_track(Nic D|While You Alive) -> 0 results
2026-03-11 20:24:52,004 [SIM] search_track(Nic D|Who You Are) -> 0 results
2026-03-11 20:24:52,004 [SIM] search_track(Nic D|Air Force Ones) -> 0 results
2026-03-11 20:24:52,004 [SIM] search_track(Nic D|bonita) -> 0 results
2026-03-11 20:24:52,004 [SIM] search_track(Nic D|Crazy Steep) -> 0 results
2026-03-11 20:24:52,004 [SIM] search_track(Nic D|Fine Apple) -> 0 results
2026-03-11 20:24:52,004 [SIM] search_track(Nic D|Forgot To Miss Me) -> 0 results
2026-03-11 20:24:52,004 [SIM] search_track(Nic D|Icee Pop) -> 0 results
2026-03-11 20:24:52,004 [SIM] search_track(Nic D|If Love Had A Sound) -> 0 results
2026-03-11 20:24:52,004 [SIM] search_track(Nic D|Missin' Out) -> 0 results
2026-03-11 20:24:52,004 [SIM] search_track(Nic D|Serotonin) -> 0 results
2026-03-11 20:24:52,004 [SIM] search_track(Nic D|You Got Me Like) -> 0 results
2026-03-11 20:24:52,004 [SIM] search_track(Nic D|3 Nights in Nashville) -> 0 results
2026-03-11 20:24:52,004 [SIM] search_track(Nic D|God Made Me) -> 0 results
2026-03-11 20:24:52,004 [SIM] search_track(Nic D|Daytona) -> 0 results
2026-03-11 20:24:52,004 [SIM] search_track(Nic D|Sundown) -> 0 results
2026-03-11 20:24:52,004 [SIM] search_track(Nic D|Did Me) -> 0 results
2026-03-11 20:24:52,004 [SIM] search_track(Nic D|Might Be The Move) -> 0 results
2026-03-11 20:24:52,004 [SIM] search_track(Nic D|Neva Know) -> 0 results
2026-03-11 20:24:52,004 [SIM] search_track(Nic D|What You Mean) -> 0 results
2026-03-11 20:24:52,005 [SIM] search_track(Nickelback|Next Contestant) -> 0 results
2026-03-11 20:24:52,005 [SIM] search_track(Nickelback|How You Remind Me) -> 0 results
2026-03-11 20:24:52,005 [SIM] search_track(Nickelback|If Everyone Cared) -> 0 results
2026-03-11 20:24:52,005 [SIM] search_track(Nickelback|Photograph) -> 0 results
2026-03-11 20:24:52,017 [SIM] search_track(Nickelback|When We Stand Together) -> 0 results
2026-03-11 20:24:52,017 [SIM] search_track(Nicki Minaj|I’m The Best) -> 0 results
2026-03-11 20:24:52,017 [SIM] search_track(Nicki Minaj|Moment 4 Life) -> 0 results
2026-03-11 20:24:52,017 [SIM] search_track(Nicki Minaj|Blazin) -> 0 results
2026-03-11 20:24:52,017 [SIM] search_track(Nicki Minaj|Fly) -> 0 results
2026-03-11 20:24:52,017 [SIM] search_track(Nicki Minaj|Barbie Dangerous) -> 0 results
2026-03-11 20:24:52,017 [SIM] search_track(Nicki Minaj|Fallin 4 U) -> 0 results
2026-03-11 20:24:52,017 [SIM] search_track(Nicki Minaj|Just The Memories) -> 0 results
2026-03-11 20:24:52,018 [SIM] search_track(Nicki Minaj|Last Time I Saw You) -> 0 results
2026-03-11 20:24:52,018 [SIM] search_track(Nicki Minaj|Pink Birthday) -> 0 results
2026-03-11 20:24:52,018 [SIM] search_track(Nicki Minaj|Pink Friday Girls) -> 0 results
2026-03-11 20:24:52,018 [SIM] search_track(Nicki Minaj|Needle) -> 0 results
2026-03-11 20:24:52,018 [SIM] search_track(Nicki Minaj|Nicki Hendrix) -> 0 results
2026-03-11 20:24:52,018 [SIM] search_track(Nicki Minaj|Let Me Calm Down) -> 0 results
2026-03-11 20:24:52,018 [SIM] search_track(Nicki Minaj|RNB) -> 0 results
2026-03-11 20:24:52,018 [SIM] search_track(Nicki Minaj|Cowgirl) -> 0 results
2026-03-11 20:24:52,018 [SIM] search_track(Nicki Minaj|Love Me Enough) -> 0 results
2026-03-11 20:24:52,018 [SIM] search_track(Nicki Minaj|Starships) -> 0 results
2026-03-11 20:24:52,018 [SIM] search_track(Nicki Minaj|Super Bass) -> 0 results
2026-03-11 20:24:52,018 [SIM] search_track(Nicki Minaj|Super Freaky Girl) -> 0 results
2026-03-11 20:24:52,018 [SIM] search_track(Nicki Minaj|Bed) -> 0 results
2026-03-11 20:24:52,018 [SIM] search_track(Nicki Minaj|High School) -> 0 results
2026-03-11 20:24:52,018 [SIM] search_track(Nicki Minaj|Freedom) -> 0 results
2026-03-11 20:24:52,018 [SIM] search_track(Nicki Minaj|Yikes) -> 0 results
2026-03-11 20:24:52,018 [SIM] search_track(Nicki Minaj|Majesty) -> 0 results
2026-03-11 20:24:52,031 [SIM] search_track(Nicki Minaj|Barbie World) -> 0 results
2026-03-11 20:24:52,031 [SIM] search_track(Nimo|Being Kind) -> 0 results
2026-03-11 20:24:52,031 [SIM] search_track(Nimo|Keep Loving) -> 0 results
2026-03-11 20:24:52,031 [SIM] search_track(Nimo|Prayer) -> 0 results
2026-03-11 20:24:52,031 [SIM] search_track(Nimo|Grateful) -> 0 results
2026-03-11 20:24:52,031 [SIM] search_track(Nimo|Planting Seeds) -> 0 results
2026-03-11 20:24:52,031 [SIM] search_track(Nimo|To My People) -> 0 results
2026-03-11 20:24:52,031 [SIM] search_track(Nimo|Beautiful) -> 0 results
2026-03-11 20:24:52,031 [SIM] search_track(Nimo|Dear God) -> 0 results
2026-03-11 20:24:52,031 [SIM] search_track(Nimo|Graduation) -> 0 results
2026-03-11 20:24:52,031 [SIM] search_track(Nimo|Ode to Women) -> 0 results
2026-03-11 20:24:52,032 [SIM] search_track(NLE Choppa|100 Grapes) -> 0 results
2026-03-11 20:24:52,032 [SIM] search_track(NLE Choppa|Body Catchers) -> 0 results
2026-03-11 20:24:52,032 [SIM] search_track(NLE Choppa|Bryson) -> 0 results
2026-03-11 20:24:52,032 [SIM] search_track(NLE Choppa|Done) -> 0 results
2026-03-11 20:24:52,032 [SIM] search_track(NLE Choppa|Intro) -> 0 results
2026-03-11 20:24:52,032 [SIM] search_track(NLE Choppa|Love Tonight) -> 0 results
2026-03-11 20:24:52,032 [SIM] search_track(NLE Choppa|Man Down) -> 0 results
2026-03-11 20:24:52,032 [SIM] search_track(NLE Choppa|Paradise) -> 0 results
2026-03-11 20:24:52,032 [SIM] search_track(NLE Choppa|Picture Me Grapin’) -> 0 results
2026-03-11 20:24:52,032 [SIM] search_track(NLE Choppa|Taliban) -> 0 results
2026-03-11 20:24:52,032 [SIM] search_track(NLE Choppa|Twin Flame) -> 0 results
2026-03-11 20:24:52,032 [SIM] search_track(NLE Choppa|Moonlight) -> 0 results
2026-03-11 20:24:52,032 [SIM] search_track(NLE Choppa|Hear Me) -> 0 results
2026-03-11 20:24:52,032 [SIM] search_track(NLE Choppa|Champions) -> 0 results
2026-03-11 20:24:52,045 [SIM] search_track(NLE Choppa|College Girls) -> 0 results
2026-03-11 20:24:52,045 [SIM] search_track(NLE Choppa|Drop Shit) -> 0 results
2026-03-11 20:24:52,045 [SIM] search_track(NLE Choppa|Little Miss) -> 0 results
2026-03-11 20:24:52,045 [SIM] search_track(NLE Choppa|Mmm Hmm) -> 0 results
2026-03-11 20:24:52,045 [SIM] search_track(NLE Choppa|Protect) -> 0 results
2026-03-11 20:24:52,045 [SIM] search_track(NLE Choppa|Stickin And Movin) -> 0 results
2026-03-11 20:24:52,045 [SIM] search_track(NLE Choppa|Yak Flow) -> 0 results
2026-03-11 20:24:52,045 [SIM] search_track(NLE Choppa|Walk Em Down) -> 0 results
2026-03-11 20:24:52,045 [SIM] search_track(NLE Choppa|Make Em Say) -> 0 results
2026-03-11 20:24:52,045 [SIM] search_track(NLE Choppa|Jumpin) -> 0 results
2026-03-11 20:24:52,045 [SIM] search_track(Operator Please|Just A Song About Ping Pong) -> 0 results
2026-03-11 20:24:52,045 [SIM] search_track(Operator Please|Logic) -> 0 results
2026-03-11 20:24:52,045 [SIM] search_track(Operator Please|Two For My Seconds) -> 0 results
2026-03-11 20:24:52,045 [SIM] search_track(OutKast|B.O.B. (Bombs Over Baghdad)) -> 0 results
2026-03-11 20:24:52,045 [SIM] search_track(OutKast|Ms. Jackson) -> 0 results
2026-03-11 20:24:52,045 [SIM] search_track(OutKast|Rosa Parks) -> 0 results
2026-03-11 20:24:52,046 [SIM] search_track(OutKast|So Fresh, So Clean) -> 0 results
2026-03-11 20:24:52,046 [SIM] search_track(OutKast|Git Up, Git Out) -> 0 results
2026-03-11 20:24:52,046 [SIM] search_track(OutKast|The Whole World) -> 0 results
2026-03-11 20:24:52,046 [SIM] search_track(OutKast|Hey Ya!) -> 0 results
2026-03-11 20:24:52,046 [SIM] search_track(OutKast|Roses) -> 0 results
2026-03-11 20:24:52,046 [SIM] search_track(OutKast|The Way You Move) -> 0 results
2026-03-11 20:24:52,046 [SIM] search_track(Owl City|Fireflies) -> 0 results
2026-03-11 20:24:52,046 [SIM] search_track(Owl City|Hello Seattle) -> 0 results
2026-03-11 20:24:52,046 [SIM] search_track(Owl City|On The Wing) -> 0 results
2026-03-11 20:24:52,058 [SIM] search_track(Owl City|Vanilla Twilight) -> 0 results
2026-03-11 20:24:52,059 [SIM] search_track(Owl City|When Can I See You Again?) -> 0 results
2026-03-11 20:24:52,059 [SIM] search_track(Owl City|Good Time) -> 0 results
2026-03-11 20:24:52,059 [SIM] search_track(Ozzy Osbourne|Mama, I'm Coming Home) -> 0 results
2026-03-11 20:24:52,059 [SIM] search_track(Ozzy Osbourne|Road to Nowhere) -> 0 results
2026-03-11 20:24:52,059 [SIM] search_track(Ozzy Osbourne|Dreamer) -> 0 results
2026-03-11 20:24:52,059 [SIM] search_track(Petula Clark|A Sign of the Times) -> 0 results
2026-03-11 20:24:52,059 [SIM] search_track(Petula Clark|Don't Sleep In the Subway) -> 0 results
2026-03-11 20:24:52,059 [SIM] search_track(Petula Clark|Downtown) -> 0 results
2026-03-11 20:24:52,059 [SIM] search_track(Petula Clark|I Couldn't Live Without Your Love) -> 0 results
2026-03-11 20:24:52,059 [SIM] search_track(Petula Clark|My Love) -> 0 results
2026-03-11 20:24:52,059 [SIM] search_track(Phil Collins|One More Night (2016 Remaster)) -> 0 results
2026-03-11 20:24:52,059 [SIM] search_track(Phil Collins|Take Me Home (2016 Remaster)) -> 0 results
2026-03-11 20:24:52,059 [SIM] search_track(Phil Collins|I Wish It Would Rain Down (2016 Remaster)) -> 0 results
2026-03-11 20:24:52,059 [SIM] search_track(Phil Collins|In the Air Tonight (2015 Remaster)) -> 0 results
2026-03-11 20:24:52,059 [SIM] search_track(Pink Floyd|Another Brick in the Wall) -> 0 results
2026-03-11 20:24:52,059 [SIM] search_track(Pink Floyd|Comfortably Numb) -> 0 results
2026-03-11 20:24:52,059 [SIM] search_track(Pink Floyd|Hey You) -> 0 results
2026-03-11 20:24:52,059 [SIM] search_track(Pink Floyd|High Hopes) -> 0 results
2026-03-11 20:24:52,059 [SIM] search_track(PinkPantheress|Mosquito) -> 0 results
2026-03-11 20:24:52,059 [SIM] search_track(PinkPantheress|Nice to meet you) -> 0 results
2026-03-11 20:24:52,060 [SIM] search_track(PinkPantheress|Boy's a liar Pt. 2) -> 0 results
2026-03-11 20:24:52,060 [SIM] search_track(PinkPantheress|Angel (From Barbie The Album)) -> 0 results
2026-03-11 20:24:52,060 [SIM] search_track(PinkPantheress|Illegal) -> 0 results
2026-03-11 20:24:52,060 [SIM] search_track(PinkPantheress|Where you are) -> 0 results
2026-03-11 20:24:52,072 [SIM] search_track(PinkPantheress|I Must Apologise) -> 0 results
2026-03-11 20:24:52,072 [SIM] search_track(PinkPantheress|Nineteen) -> 0 results
2026-03-11 20:24:52,072 [SIM] search_track(Pitbull|Hotel Room Service) -> 0 results
2026-03-11 20:24:52,072 [SIM] search_track(Pitbull|International Love) -> 0 results
2026-03-11 20:24:52,072 [SIM] search_track(Pitbull|Feel This Moment) -> 0 results
2026-03-11 20:24:52,072 [SIM] search_track(Pitbull|Timber) -> 0 results
2026-03-11 20:24:52,072 [SIM] search_track(Pitbull|Give Me Everything) -> 0 results
2026-03-11 20:24:52,073 [SIM] search_track(Pitbull|Hey Baby (Drop It to the Floor)) -> 0 results
2026-03-11 20:24:52,073 [SIM] search_track(Pitbull|Fun) -> 0 results
2026-03-11 20:24:52,073 [SIM] search_track(Pleasure P|Boyfriend #2) -> 0 results
2026-03-11 20:24:52,073 [SIM] search_track(Pleasure P|Did You Wrong) -> 0 results
2026-03-11 20:24:52,073 [SIM] search_track(Pleasure P|Under) -> 0 results
2026-03-11 20:24:52,073 [SIM] search_track(Pleasure P|I'm a Beast) -> 0 results
2026-03-11 20:24:52,073 [SIM] search_track(Plies|I Got Motion) -> 0 results
2026-03-11 20:24:52,073 [SIM] search_track(Plies|Want It, Need It) -> 0 results
2026-03-11 20:24:52,073 [SIM] search_track(Plies|Shawty) -> 0 results
2026-03-11 20:24:52,073 [SIM] search_track(Plies|Hypnotized) -> 0 results
2026-03-11 20:24:52,073 [SIM] search_track(Plies|All Thee Above) -> 0 results
2026-03-11 20:24:52,073 [SIM] search_track(Plies|Bust It Baby Pt. 2) -> 0 results
2026-03-11 20:24:52,073 [SIM] search_track(POLO G|Black Hearted) -> 0 results
2026-03-11 20:24:52,073 [SIM] search_track(POLO G|GNF (OKOKOK)) -> 0 results
2026-03-11 20:24:52,073 [SIM] search_track(POLO G|Painting Pictures) -> 0 results
2026-03-11 20:24:52,073 [SIM] search_track(POLO G|RAPSTAR) -> 0 results
2026-03-11 20:24:52,073 [SIM] search_track(POLO G|So Real) -> 0 results
2026-03-11 20:24:52,073 [SIM] search_track(POLO G|Toxic) -> 0 results
2026-03-11 20:24:52,086 [SIM] search_track(POLO G|Zooted Freestyle) -> 0 results
2026-03-11 20:24:52,086 [SIM] search_track(POLO G|Party Lyfe) -> 0 results
2026-03-11 20:24:52,086 [SIM] search_track(POLO G|Go Part 1) -> 0 results
2026-03-11 20:24:52,086 [SIM] search_track(POLO G|GANG GANG) -> 0 results
2026-03-11 20:24:52,086 [SIM] search_track(POLO G|For the Love of New York) -> 0 results
2026-03-11 20:24:52,086 [SIM] search_track(POLO G|Clueless) -> 0 results
2026-03-11 20:24:52,086 [SIM] search_track(POLO G|Heart of a Giant) -> 0 results
2026-03-11 20:24:52,086 [SIM] search_track(POLO G|Fame & Riches) -> 0 results
2026-03-11 20:24:52,086 [SIM] search_track(POLO G|Broken Guitars) -> 0 results
2026-03-11 20:24:52,086 [SIM] search_track(POLO G|Bad Man (Smooth Criminal)) -> 0 results
2026-03-11 20:24:52,086 [SIM] search_track(POLO G|Martin & Gina) -> 0 results
2026-03-11 20:24:52,087 [SIM] search_track(POLO G|Through Da Storm) -> 0 results
2026-03-11 20:24:52,087 [SIM] search_track(POLO G|Thug Memorials) -> 0 results
2026-03-11 20:24:52,087 [SIM] search_track(POLO G|First Place) -> 0 results
2026-03-11 20:24:52,087 [SIM] search_track(Pop Smoke|Beat The Speaker) -> 0 results
2026-03-11 20:24:52,087 [SIM] search_track(Pop Smoke|Woo Baby) -> 0 results
2026-03-11 20:24:52,087 [SIM] search_track(Pop Smoke|Back Door) -> 0 results
2026-03-11 20:24:52,087 [SIM] search_track(Pop Smoke|Dior) -> 0 results
2026-03-11 20:24:52,087 [SIM] search_track(Pop Smoke|Gangstas) -> 0 results
2026-03-11 20:24:52,087 [SIM] search_track(Pop Smoke|Got It On Me) -> 0 results
2026-03-11 20:24:52,087 [SIM] search_track(Pop Smoke|Something Special) -> 0 results
2026-03-11 20:24:52,087 [SIM] search_track(Pop Smoke|What You Know Bout Love) -> 0 results
2026-03-11 20:24:52,087 [SIM] search_track(Pop Smoke|The Woo) -> 0 results
2026-03-11 20:24:52,087 [SIM] search_track(Pop Smoke|For The Night) -> 0 results
2026-03-11 20:24:52,087 [SIM] search_track(Pop Smoke|Hello) -> 0 results
2026-03-11 20:24:52,100 [SIM] search_track(Pop Smoke|Enjoy Yourself) -> 0 results
2026-03-11 20:24:52,100 [SIM] search_track(Pop Smoke|Mood Swings) -> 0 results
2026-03-11 20:24:52,101 [SIM] search_track(Post Malone|Chemical) -> 0 results
2026-03-11 20:24:52,101 [SIM] search_track(Post Malone|Mourning) -> 0 results
2026-03-11 20:24:52,101 [SIM] search_track(Post Malone|Novacandy) -> 0 results
2026-03-11 20:24:52,101 [SIM] search_track(Post Malone|Overdrive) -> 0 results
2026-03-11 20:24:52,101 [SIM] search_track(Post Malone|Too Cool To Die) -> 0 results
2026-03-11 20:24:52,101 [SIM] search_track(Post Malone|Candy Paint) -> 0 results
2026-03-11 20:24:52,101 [SIM] search_track(Post Malone|Psycho) -> 0 results
2026-03-11 20:24:52,101 [SIM] search_track(Post Malone|Fallin’ In Love) -> 0 results
2026-03-11 20:24:52,101 [SIM] search_track(Post Malone|Yours) -> 0 results
2026-03-11 20:24:52,101 [SIM] search_track(Post Malone|Pour Me A Drink) -> 0 results
2026-03-11 20:24:52,101 [SIM] search_track(Post Malone|Guy For That) -> 0 results
2026-03-11 20:24:52,101 [SIM] search_track(Post Malone|I Had Some Help) -> 0 results
2026-03-11 20:24:52,101 [SIM] search_track(Post Malone|Circles) -> 0 results
2026-03-11 20:24:52,101 [SIM] search_track(Post Malone|I'm Gonna Be) -> 0 results
2026-03-11 20:24:52,101 [SIM] search_track(Post Malone|Enemies) -> 0 results
2026-03-11 20:24:52,101 [SIM] search_track(Post Malone|On The Road) -> 0 results
2026-03-11 20:24:52,101 [SIM] search_track(Post Malone|Sunflower) -> 0 results
2026-03-11 20:24:52,101 [SIM] search_track(Post Malone|Goodbyes) -> 0 results
2026-03-11 20:24:52,101 [SIM] search_track(Post Malone|Go Flex) -> 0 results
2026-03-11 20:24:52,101 [SIM] search_track(Post Malone|White Iverson) -> 0 results
2026-03-11 20:24:52,102 [SIM] search_track(Post Malone|Congratulations) -> 0 results
2026-03-11 20:24:52,102 [SIM] search_track(Post Malone|Wrapped Around Your Finger) -> 0 results
2026-03-11 20:24:52,102 [SIM] search_track(Post Malone|I Like You (A Happier Song)) -> 0 results
2026-03-11 20:24:52,115 [SIM] search_track(Post Malone|I Cannot Be (A Sadder Song)) -> 0 results
2026-03-11 20:24:52,115 [SIM] search_track(Post Malone|Cooped Up) -> 0 results
2026-03-11 20:24:52,115 [SIM] search_track(Post Malone|Wasting Angels) -> 0 results
2026-03-11 20:24:52,115 [SIM] search_track(Post Malone|One Right Now) -> 0 results
2026-03-11 20:24:52,115 [SIM] search_track(Protoje|Answer to Your Name) -> 0 results
2026-03-11 20:24:52,115 [SIM] search_track(Protoje|Stylin') -> 0 results
2026-03-11 20:24:52,115 [SIM] search_track(Protoje|Who Knows) -> 0 results
2026-03-11 20:24:52,116 [SIM] search_track(Protoje|Sudden Flight) -> 0 results
2026-03-11 20:24:52,116 [SIM] search_track(Protoje|Bout Noon) -> 0 results
2026-03-11 20:24:52,116 [SIM] search_track(Protoje|No Lipstick) -> 0 results
2026-03-11 20:24:52,116 [SIM] search_track(Queen|Don't Stop Me Now) -> 0 results
2026-03-11 20:24:52,116 [SIM] search_track(Queen|We Are The Champions) -> 0 results
2026-03-11 20:24:52,116 [SIM] search_track(Queen|We Will Rock You) -> 0 results
2026-03-11 20:24:52,116 [SIM] search_track(R. Kelly|Heaven I Need a Hug) -> 0 results
2026-03-11 20:24:52,116 [SIM] search_track(R. Kelly|The Storm Is Over Now) -> 0 results
2026-03-11 20:24:52,116 [SIM] search_track(R. Kelly|I Believe I Can Fly) -> 0 results
2026-03-11 20:24:52,116 [SIM] search_track(R. Kelly|I Wish) -> 0 results
2026-03-11 20:24:52,116 [SIM] search_track(R. Kelly|Number One) -> 0 results
2026-03-11 20:24:52,116 [SIM] search_track(R. Kelly|I'm a Flirt) -> 0 results
2026-03-11 20:24:52,116 [SIM] search_track(R. Kelly|Same Girl) -> 0 results
2026-03-11 20:24:52,116 [SIM] search_track(Ramones|I Wanna Be Sedated (2002 Remaster)) -> 0 results
2026-03-11 20:24:52,116 [SIM] search_track(Ramones|I Wanna Be Your Boyfriend (2001 Remaster)) -> 0 results
2026-03-11 20:24:52,116 [SIM] search_track(Ramones|Pet Sematary (2002 Remaster)) -> 0 results
2026-03-11 20:24:52,116 [SIM] search_track(Ramones|Bonzo Goes to Bitburg) -> 0 results
2026-03-11 20:24:52,116 [SIM] search_track(Rappin' 4-Tay|Ain't Nobody Coachin') -> 0 results
2026-03-11 20:24:52,129 [SIM] search_track(Rappin' 4-Tay|Lay Ya Gunz Down) -> 0 results
2026-03-11 20:24:52,130 [SIM] search_track(Rappin' 4-Tay|One Nite) -> 0 results
2026-03-11 20:24:52,130 [SIM] search_track(Rappin' 4-Tay|Playaz Dedication) -> 0 results
2026-03-11 20:24:52,130 [SIM] search_track(Rappin' 4-Tay|What Fo') -> 0 results
2026-03-11 20:24:52,130 [SIM] search_track(Rappin' 4-Tay|I'll Be Around) -> 0 results
2026-03-11 20:24:52,130 [SIM] search_track(Rappin' 4-Tay|Playaz Club) -> 0 results
2026-03-11 20:24:52,130 [SIM] search_track(Rappin' 4-Tay|25-2-Life) -> 0 results
2026-03-11 20:24:52,130 [SIM] search_track(Rappin' 4-Tay|Ain't No Playa (Playaz Sh*t)) -> 0 results
2026-03-11 20:24:52,130 [SIM] search_track(Rappin' 4-Tay|I Paid My Dues) -> 0 results
2026-03-11 20:24:52,130 [SIM] search_track(Rappin' 4-Tay|Never Talk Down) -> 0 results
2026-03-11 20:24:52,130 [SIM] search_track(Rappin' 4-Tay|Off Parole) -> 0 results
2026-03-11 20:24:52,130 [SIM] search_track(Rappin' 4-Tay|Introduction to Mackin') -> 0 results
2026-03-11 20:24:52,130 [SIM] search_track(Rappin' 4-Tay|Problems) -> 0 results
2026-03-11 20:24:52,130 [SIM] search_track(Rappin' 4-Tay|Sometimes) -> 0 results
2026-03-11 20:24:52,130 [SIM] search_track(Rexx Life Raj|A Few More Reasons) -> 0 results
2026-03-11 20:24:52,130 [SIM] search_track(Rexx Life Raj|Cleanse) -> 0 results
2026-03-11 20:24:52,130 [SIM] search_track(Rexx Life Raj|Dandelion Root) -> 0 results
2026-03-11 20:24:52,130 [SIM] search_track(Rexx Life Raj|I'd Rather Go Alone) -> 0 results
2026-03-11 20:24:52,130 [SIM] search_track(Rexx Life Raj|If They Told Me) -> 0 results
2026-03-11 20:24:52,130 [SIM] search_track(Rexx Life Raj|Slow Down) -> 0 results
2026-03-11 20:24:52,130 [SIM] search_track(Rexx Life Raj|Hook Mitchell) -> 0 results
2026-03-11 20:24:52,131 [SIM] search_track(Rexx Life Raj|Burb3rry Coat) -> 0 results
2026-03-11 20:24:52,131 [SIM] search_track(Rexx Life Raj|Whirlwind) -> 0 results
2026-03-11 20:24:52,131 [SIM] search_track(Rexx Life Raj|Summers Around The Corner) -> 0 results
2026-03-11 20:24:52,131 [SIM] search_track(Rexx Life Raj|Your Way) -> 0 results
2026-03-11 20:24:52,144 [SIM] search_track(Rexx Life Raj|Moonwalk) -> 0 results
2026-03-11 20:24:52,144 [SIM] search_track(Rexx Life Raj|Falling) -> 0 results
2026-03-11 20:24:52,144 [SIM] search_track(Rexx Life Raj|All Over Again) -> 0 results
2026-03-11 20:24:52,144 [SIM] search_track(Rexx Life Raj|Already Mine) -> 0 results
2026-03-11 20:24:52,144 [SIM] search_track(Rexx Life Raj|Better Man) -> 0 results
2026-03-11 20:24:52,144 [SIM] search_track(Rexx Life Raj|Dim My Light) -> 0 results
2026-03-11 20:24:52,144 [SIM] search_track(Rexx Life Raj|I'm Not An Apprentice) -> 0 results
2026-03-11 20:24:52,144 [SIM] search_track(Rexx Life Raj|Narrated By Me) -> 0 results
2026-03-11 20:24:52,145 [SIM] search_track(Rexx Life Raj|That's Not Your Path) -> 0 results
2026-03-11 20:24:52,145 [SIM] search_track(Rexx Life Raj|Blame The Bad Bitch) -> 0 results
2026-03-11 20:24:52,145 [SIM] search_track(Rexx Life Raj|Couple Months In LA) -> 0 results
2026-03-11 20:24:52,145 [SIM] search_track(Rexx Life Raj|Settled) -> 0 results
2026-03-11 20:24:52,145 [SIM] search_track(Rexx Life Raj|Waiting for You) -> 0 results
2026-03-11 20:24:52,145 [SIM] search_track(Rhino!|Larry Lobster) -> 0 results
2026-03-11 20:24:52,145 [SIM] search_track(Rhino!|Mo Salah) -> 0 results
2026-03-11 20:24:52,145 [SIM] search_track(Rhino!|Okay!) -> 0 results
2026-03-11 20:24:52,145 [SIM] search_track(Rhino!|Orlando) -> 0 results
2026-03-11 20:24:52,145 [SIM] search_track(Rhino!|Snowman) -> 0 results
2026-03-11 20:24:52,145 [SIM] search_track(Rhino!|Til' 2) -> 0 results
2026-03-11 20:24:52,145 [SIM] search_track(Rhino!|Fasho) -> 0 results
2026-03-11 20:24:52,145 [SIM] search_track(Rhino!|Nowhere To Be Found) -> 0 results
2026-03-11 20:24:52,145 [SIM] search_track(Rhino!|Scuse Me) -> 0 results
2026-03-11 20:24:52,145 [SIM] search_track(Rhino!|Hot Topic) -> 0 results
2026-03-11 20:24:52,145 [SIM] search_track(Rhino!|HOUSTON) -> 0 results
2026-03-11 20:24:52,145 [SIM] search_track(Rhino!|Money Pit) -> 0 results
2026-03-11 20:24:52,159 [SIM] search_track(Rhino!|RX-7) -> 0 results
2026-03-11 20:24:52,159 [SIM] search_track(Rhino!|MIKEY) -> 0 results
2026-03-11 20:24:52,159 [SIM] search_track(Rhino!|Got Me) -> 0 results
2026-03-11 20:24:52,159 [SIM] search_track(Rhino!|Close Friends) -> 0 results
2026-03-11 20:24:52,159 [SIM] search_track(Rhino!|I.O.U) -> 0 results
2026-03-11 20:24:52,159 [SIM] search_track(Rhino!|IFFY) -> 0 results
2026-03-11 20:24:52,159 [SIM] search_track(Rhino!|Ink Master) -> 0 results
2026-03-11 20:24:52,159 [SIM] search_track(Rhino!|On The Way!) -> 0 results
2026-03-11 20:24:52,159 [SIM] search_track(Rhino!|Phases) -> 0 results
2026-03-11 20:24:52,159 [SIM] search_track(Rhino!|Shaun White) -> 0 results
2026-03-11 20:24:52,159 [SIM] search_track(Rhino!|Syracuse) -> 0 results
2026-03-11 20:24:52,159 [SIM] search_track(Rhino!|Think First) -> 0 results
2026-03-11 20:24:52,159 [SIM] search_track(Rhino!|Japanese Denim) -> 0 results
2026-03-11 20:24:52,159 [SIM] search_track(Rhino!|TRASH) -> 0 results
2026-03-11 20:24:52,159 [SIM] search_track(Rich The Kid|Red) -> 0 results
2026-03-11 20:24:52,160 [SIM] search_track(Rich The Kid|Money Talk) -> 0 results
2026-03-11 20:24:52,160 [SIM] search_track(Rich The Kid|Motion) -> 0 results
2026-03-11 20:24:52,160 [SIM] search_track(Rich The Kid|Plug Walk) -> 0 results
2026-03-11 20:24:52,160 [SIM] search_track(Rick Ross|Pirates) -> 0 results
2026-03-11 20:24:52,160 [SIM] search_track(Rick Ross|3 Kings) -> 0 results
2026-03-11 20:24:52,160 [SIM] search_track(Rick Ross|Hustlin') -> 0 results
2026-03-11 20:24:52,160 [SIM] search_track(Rick Ross|Blow) -> 0 results
2026-03-11 20:24:52,160 [SIM] search_track(Rick Ross|Gold Roses) -> 0 results
2026-03-11 20:24:52,160 [SIM] search_track(Rick Ross|Outlawz) -> 0 results
2026-03-11 20:24:52,160 [SIM] search_track(Riff Raff|Air Canada) -> 0 results
2026-03-11 20:24:52,174 [SIM] search_track(Riff Raff|Jumpin out the Gym) -> 0 results
2026-03-11 20:24:52,174 [SIM] search_track(Riff Raff|How To Be The Man) -> 0 results
2026-03-11 20:24:52,174 [SIM] search_track(Riff Raff|Introducing The Icon) -> 0 results
2026-03-11 20:24:52,174 [SIM] search_track(Riff Raff|Kokayne) -> 0 results
2026-03-11 20:24:52,174 [SIM] search_track(Riff Raff|Time) -> 0 results
2026-03-11 20:24:52,174 [SIM] search_track(Riff Raff|Tip Toe Wing In My Jawwwdinz) -> 0 results
2026-03-11 20:24:52,174 [SIM] search_track(Riff Raff|Versace Python) -> 0 results
2026-03-11 20:24:52,174 [SIM] search_track(Riff Raff|VIP Pass To My Heart) -> 0 results
2026-03-11 20:24:52,174 [SIM] search_track(Riff Raff|Cool It Down) -> 0 results
2026-03-11 20:24:52,174 [SIM] search_track(Riff Raff|Lava Glaciers) -> 0 results
2026-03-11 20:24:52,174 [SIM] search_track(Riff Raff|Aquaberry Dolphin) -> 0 results
2026-03-11 20:24:52,174 [SIM] search_track(Riff Raff|Maybe You Love Me) -> 0 results
2026-03-11 20:24:52,174 [SIM] search_track(Riff Raff|4 Million) -> 0 results
2026-03-11 20:24:52,174 [SIM] search_track(Riff Raff|Carlos Slim) -> 0 results
2026-03-11 20:24:52,175 [SIM] search_track(Riff Raff|Husky) -> 0 results
2026-03-11 20:24:52,175 [SIM] search_track(Riff Raff|WHAT DOES iT MEAN TO BE A QUEEN) -> 0 results
2026-03-11 20:24:52,175 [SIM] search_track(Riff Raff|Silhouette of the Pinnacle) -> 0 results
2026-03-11 20:24:52,175 [SIM] search_track(Riff Raff|As If Life Didn't Tear Us Apart) -> 0 results
2026-03-11 20:24:52,175 [SIM] search_track(Riff Raff|Lay by the Stars & Sleep by the Ocean) -> 0 results
2026-03-11 20:24:52,175 [SIM] search_track(Riff Raff|Foreign Land) -> 0 results
2026-03-11 20:24:52,175 [SIM] search_track(Riff Raff|Prada Plasterd) -> 0 results
2026-03-11 20:24:52,175 [SIM] search_track(Riff Raff|Freeze Dried) -> 0 results
2026-03-11 20:24:52,175 [SIM] search_track(Riff Raff|Lil Mama I'm Sorry) -> 0 results
2026-03-11 20:24:52,175 [SIM] search_track(Rihanna|Don't Stop The Music) -> 0 results
2026-03-11 20:24:52,175 [SIM] search_track(Rihanna|Shut Up And Drive) -> 0 results
2026-03-11 20:24:52,189 [SIM] search_track(Rihanna|Take A Bow) -> 0 results
2026-03-11 20:24:52,189 [SIM] search_track(Rihanna|Umbrella) -> 0 results
2026-03-11 20:24:52,189 [SIM] search_track(Rihanna|Cheers (Drink To That)) -> 0 results
2026-03-11 20:24:52,189 [SIM] search_track(Rihanna|Only Girl (In The World)) -> 0 results
2026-03-11 20:24:52,189 [SIM] search_track(Rihanna|What's My Name?) -> 0 results
2026-03-11 20:24:52,190 [SIM] search_track(Rihanna|Love The Way You Lie (Pt. 2)) -> 0 results
2026-03-11 20:24:52,190 [SIM] search_track(Rihanna|We Ride) -> 0 results
2026-03-11 20:24:52,190 [SIM] search_track(Rihanna|Where Have You Been) -> 0 results
2026-03-11 20:24:52,190 [SIM] search_track(Rihanna|We Found Love) -> 0 results
2026-03-11 20:24:52,190 [SIM] search_track(Rihanna|Talk That Talk) -> 0 results
2026-03-11 20:24:52,190 [SIM] search_track(Rihanna|Diamonds) -> 0 results
2026-03-11 20:24:52,190 [SIM] search_track(Rihanna|Love Without Tragedy) -> 0 results
2026-03-11 20:24:52,190 [SIM] search_track(Rihanna|What Now) -> 0 results
2026-03-11 20:24:52,190 [SIM] search_track(Rihanna|Nobody's Business) -> 0 results
2026-03-11 20:24:52,190 [SIM] search_track(Rihanna|Right Now) -> 0 results
2026-03-11 20:24:52,190 [SIM] search_track(Rihanna|Loveeeeeee Song) -> 0 results
2026-03-11 20:24:52,190 [SIM] search_track(Rihanna|Stay) -> 0 results
2026-03-11 20:24:52,190 [SIM] search_track(Rob Thomas|Ever the Same) -> 0 results
2026-03-11 20:24:52,190 [SIM] search_track(Rob Thomas|Lonely No More) -> 0 results
2026-03-11 20:24:52,190 [SIM] search_track(Rob Thomas|This Is How a Heart Breaks) -> 0 results
2026-03-11 20:24:52,190 [SIM] search_track(Rob Thomas|When the Heartache Ends) -> 0 results
2026-03-11 20:24:52,190 [SIM] search_track(Rod Wave|Keep Going) -> 0 results
2026-03-11 20:24:52,190 [SIM] search_track(Rod Wave|Yungen) -> 0 results
2026-03-11 20:24:52,190 [SIM] search_track(Rod Wave|Got It Right) -> 0 results
2026-03-11 20:24:52,190 [SIM] search_track(Rod Wave|MJ Story) -> 0 results
2026-03-11 20:24:52,204 [SIM] search_track(Rod Wave|Back Lit) -> 0 results
2026-03-11 20:24:52,204 [SIM] search_track(Rod Wave|Boyz Don't Cry) -> 0 results
2026-03-11 20:24:52,204 [SIM] search_track(Rod Wave|Call Your Friends) -> 0 results
2026-03-11 20:24:52,205 [SIM] search_track(Rod Wave|Checkmate) -> 0 results
2026-03-11 20:24:52,205 [SIM] search_track(Rod Wave|Come See Me) -> 0 results
2026-03-11 20:24:52,205 [SIM] search_track(Rod Wave|Crazy) -> 0 results
2026-03-11 20:24:52,205 [SIM] search_track(Rod Wave|Fight The Feeling) -> 0 results
2026-03-11 20:24:52,205 [SIM] search_track(Rod Wave|Great Gatsby) -> 0 results
2026-03-11 20:24:52,205 [SIM] search_track(Rod Wave|HG4) -> 0 results
2026-03-11 20:24:52,205 [SIM] search_track(Rod Wave|Keep It G) -> 0 results
2026-03-11 20:24:52,205 [SIM] search_track(Rod Wave|Long Journey) -> 0 results
2026-03-11 20:24:52,205 [SIM] search_track(Rod Wave|Love For A Thug) -> 0 results
2026-03-11 20:24:52,205 [SIM] search_track(Rod Wave|Love Story/Interlude) -> 0 results
2026-03-11 20:24:52,205 [SIM] search_track(Rod Wave|Pass You By) -> 0 results
2026-03-11 20:24:52,205 [SIM] search_track(Rod Wave|Rap Beef) -> 0 results
2026-03-11 20:24:52,205 [SIM] search_track(Rod Wave|Turks & Caicos) -> 0 results
2026-03-11 20:24:52,205 [SIM] search_track(Rod Wave|2018) -> 0 results
2026-03-11 20:24:52,205 [SIM] search_track(Rod Wave|Nostalgia) -> 0 results
2026-03-11 20:24:52,205 [SIM] search_track(Rod Wave|Girl Of My Dreams) -> 0 results
2026-03-11 20:24:52,205 [SIM] search_track(Rod Wave|Rags2Riches) -> 0 results
2026-03-11 20:24:52,205 [SIM] search_track(Rod Wave|Heart On Ice) -> 0 results
2026-03-11 20:24:52,205 [SIM] search_track(Rod Wave|True Story) -> 0 results
2026-03-11 20:24:52,205 [SIM] search_track(Rod Wave|Calabasas) -> 0 results
2026-03-11 20:24:52,205 [SIM] search_track(Rod Wave|All I Got) -> 0 results
2026-03-11 20:24:52,205 [SIM] search_track(Rod Wave|Cuban Links) -> 0 results
2026-03-11 20:24:52,221 [SIM] search_track(Roddy Ricch|25 million) -> 0 results
2026-03-11 20:24:52,222 [SIM] search_track(Roddy Ricch|more than a trend) -> 0 results
2026-03-11 20:24:52,222 [SIM] search_track(Roddy Ricch|rollercoastin) -> 0 results
2026-03-11 20:24:52,222 [SIM] search_track(Roddy Ricch|hibachi) -> 0 results
2026-03-11 20:24:52,222 [SIM] search_track(Roddy Ricch|Real Talk) -> 0 results
2026-03-11 20:24:52,222 [SIM] search_track(Roddy Ricch|The Box) -> 0 results
2026-03-11 20:24:52,222 [SIM] search_track(Roddy Ricch|High Fashion) -> 0 results
2026-03-11 20:24:52,222 [SIM] search_track(Roddy Ricch|Lonely Road) -> 0 results
2026-03-11 20:24:52,222 [SIM] search_track(Russ|Back From London Freestyle) -> 0 results
2026-03-11 20:24:52,222 [SIM] search_track(Russ|Never Again) -> 0 results
2026-03-11 20:24:52,222 [SIM] search_track(Russ|Waves) -> 0 results
2026-03-11 20:24:52,222 [SIM] search_track(Russ|2006) -> 0 results
2026-03-11 20:24:52,222 [SIM] search_track(Russ|A LOT MORE) -> 0 results
2026-03-11 20:24:52,222 [SIM] search_track(Russ|CAN'T GO ON) -> 0 results
2026-03-11 20:24:52,222 [SIM] search_track(Russ|CIVIL WAR) -> 0 results
2026-03-11 20:24:52,222 [SIM] search_track(Russ|MOMMA) -> 0 results
2026-03-11 20:24:52,222 [SIM] search_track(Russ|NEED A MINUTE) -> 0 results
2026-03-11 20:24:52,222 [SIM] search_track(Russ|NIGHTTIME (Interlude)) -> 0 results
2026-03-11 20:24:52,222 [SIM] search_track(Russ|NO TEARS LEFT) -> 0 results
2026-03-11 20:24:52,222 [SIM] search_track(Russ|PARANOID) -> 0 results
2026-03-11 20:24:52,223 [SIM] search_track(Russ|PATIENCE) -> 0 results
2026-03-11 20:24:52,223 [SIM] search_track(Russ|SHOTS) -> 0 results
2026-03-11 20:24:52,223 [SIM] search_track(Russ|SUMMER AT 7) -> 0 results
2026-03-11 20:24:52,223 [SIM] search_track(Russ|YOU COULDA LEFT ME ALONE) -> 0 results
2026-03-11 20:24:52,223 [SIM] search_track(Russ|I THOUGHT YOU GOT ME) -> 0 results
2026-03-11 20:24:52,237 [SIM] search_track(Russ|BEST ON EARTH) -> 0 results
2026-03-11 20:24:52,237 [SIM] search_track(Russ|SKY) -> 0 results
2026-03-11 20:24:52,237 [SIM] search_track(Russ|ASSHOLE) -> 0 results
2026-03-11 20:24:52,238 [SIM] search_track(Russ|FOOT ON THE GAS) -> 0 results
2026-03-11 20:24:52,238 [SIM] search_track(Russ|ALL TO YOU) -> 0 results
2026-03-11 20:24:52,238 [SIM] search_track(Russ|GUESS WHAT) -> 0 results
2026-03-11 20:24:52,238 [SIM] search_track(Russ|3AM) -> 0 results
2026-03-11 20:24:52,238 [SIM] search_track(Russ|10 Year Freestyle) -> 0 results
2026-03-11 20:24:52,238 [SIM] search_track(Russ|3:15 (Breathe)) -> 0 results
2026-03-11 20:24:52,238 [SIM] search_track(Russ|Ain't Nobody Takin My Baby) -> 0 results
2026-03-11 20:24:52,238 [SIM] search_track(Russ|AINT GOIN BACK) -> 0 results
2026-03-11 20:24:52,238 [SIM] search_track(Russ|Alone) -> 0 results
2026-03-11 20:24:52,238 [SIM] search_track(Russ|Back To Life) -> 0 results
2026-03-11 20:24:52,238 [SIM] search_track(Russ|Bankrupt) -> 0 results
2026-03-11 20:24:52,238 [SIM] search_track(Russ|BREAK!) -> 0 results
2026-03-11 20:24:52,238 [SIM] search_track(Russ|Can't Be Me) -> 0 results
2026-03-11 20:24:52,238 [SIM] search_track(Russ|Can't Let Go) -> 0 results
2026-03-11 20:24:52,238 [SIM] search_track(Russ|Cheers) -> 0 results
2026-03-11 20:24:52,238 [SIM] search_track(Russ|CROWN) -> 0 results
2026-03-11 20:24:52,238 [SIM] search_track(Russ|Drives) -> 0 results
2026-03-11 20:24:52,238 [SIM] search_track(Russ|Fire) -> 0 results
2026-03-11 20:24:52,238 [SIM] search_track(Russ|For the Stunt) -> 0 results
2026-03-11 20:24:52,238 [SIM] search_track(Russ|Freed Up) -> 0 results
2026-03-11 20:24:52,238 [SIM] search_track(Russ|Get Up & Get It) -> 0 results
2026-03-11 20:24:52,238 [SIM] search_track(Russ|Gimme Love) -> 0 results
2026-03-11 20:24:52,253 [SIM] search_track(Russ|Give Up) -> 0 results
2026-03-11 20:24:52,253 [SIM] search_track(Russ|Gone) -> 0 results
2026-03-11 20:24:52,253 [SIM] search_track(Russ|HANDSOMER) -> 0 results
2026-03-11 20:24:52,253 [SIM] search_track(Russ|Hard For Me) -> 0 results
2026-03-11 20:24:52,253 [SIM] search_track(Russ|I Love Me) -> 0 results
2026-03-11 20:24:52,253 [SIM] search_track(Russ|In The Dirt) -> 0 results
2026-03-11 20:24:52,253 [SIM] search_track(Russ|Lucky) -> 0 results
2026-03-11 20:24:52,253 [SIM] search_track(Russ|RENT FREE) -> 0 results
2026-03-11 20:24:52,253 [SIM] search_track(Russ|September 16) -> 0 results
2026-03-11 20:24:52,253 [SIM] search_track(Russ|SSX Tricky) -> 0 results
2026-03-11 20:24:52,254 [SIM] search_track(Russ|STATUS) -> 0 results
2026-03-11 20:24:52,254 [SIM] search_track(Russ|Take It All in) -> 0 results
2026-03-11 20:24:52,254 [SIM] search_track(Russ|That's My Girl) -> 0 results
2026-03-11 20:24:52,254 [SIM] search_track(Russ|We Just Havent Met Yet) -> 0 results
2026-03-11 20:24:52,254 [SIM] search_track(Russ|Your Favorite Rapper) -> 0 results
2026-03-11 20:24:52,254 [SIM] search_track(Russ|Are You Entertained) -> 0 results
2026-03-11 20:24:52,254 [SIM] search_track(Russ|Best Friend) -> 0 results
2026-03-11 20:24:52,254 [SIM] search_track(Russ|ON 10) -> 0 results
2026-03-11 20:24:52,254 [SIM] search_track(Russ|April 7) -> 0 results
2026-03-11 20:24:52,254 [SIM] search_track(Russ|Crazy) -> 0 results
2026-03-11 20:24:52,254 [SIM] search_track(Russ|Cyclone) -> 0 results
2026-03-11 20:24:52,254 [SIM] search_track(Russ|Embrace) -> 0 results
2026-03-11 20:24:52,254 [SIM] search_track(Russ|Forever) -> 0 results
2026-03-11 20:24:52,254 [SIM] search_track(Russ|Go Up) -> 0 results
2026-03-11 20:24:52,254 [SIM] search_track(Russ|How’d You Do It) -> 0 results
2026-03-11 20:24:52,269 [SIM] search_track(Russ|I Want You) -> 0 results
2026-03-11 20:24:52,269 [SIM] search_track(Russ|La La La) -> 0 results
2026-03-11 20:24:52,269 [SIM] search_track(Russ|Lonely Road) -> 0 results
2026-03-11 20:24:52,269 [SIM] search_track(Russ|Movin) -> 0 results
2026-03-11 20:24:52,269 [SIM] search_track(Russ|Pent up in a Penthouse) -> 0 results
2026-03-11 20:24:52,269 [SIM] search_track(Russ|Right Now) -> 0 results
2026-03-11 20:24:52,269 [SIM] search_track(Russ|Superman) -> 0 results
2026-03-11 20:24:52,269 [SIM] search_track(Russ|Tell Me Who) -> 0 results
2026-03-11 20:24:52,269 [SIM] search_track(Russ|Trying) -> 0 results
2026-03-11 20:24:52,269 [SIM] search_track(Russ|User Guide) -> 0 results
2026-03-11 20:24:52,269 [SIM] search_track(Russ|West) -> 0 results
2026-03-11 20:24:52,269 [SIM] search_track(Russ|Worried) -> 0 results
2026-03-11 20:24:52,269 [SIM] search_track(Russ|Shut Me Up) -> 0 results
2026-03-11 20:24:52,270 [SIM] search_track(Russ|Gettin to It) -> 0 results
2026-03-11 20:24:52,270 [SIM] search_track(Russ|Recognize) -> 0 results
2026-03-11 20:24:52,270 [SIM] search_track(S Club 7|Bring It All Back) -> 0 results
2026-03-11 20:24:52,270 [SIM] search_track(S Club 7|Bring The House Down) -> 0 results
2026-03-11 20:24:52,270 [SIM] search_track(S Club 7|Don't Stop Movin') -> 0 results
2026-03-11 20:24:52,270 [SIM] search_track(S Club 7|S Club Party) -> 0 results
2026-03-11 20:24:52,270 [SIM] search_track(Sabrina Carpenter|Espresso) -> 0 results
2026-03-11 20:24:52,270 [SIM] search_track(Sabrina Carpenter|Feather) -> 0 results
2026-03-11 20:24:52,270 [SIM] search_track(Sabrina Carpenter|Nonsense) -> 0 results
2026-03-11 20:24:52,270 [SIM] search_track(Scorey|Catch Me If You Can) -> 0 results
2026-03-11 20:24:52,270 [SIM] search_track(Scorey|Dior You) -> 0 results
2026-03-11 20:24:52,270 [SIM] search_track(Scorey|Guardian Angel) -> 0 results
2026-03-11 20:24:52,285 [SIM] search_track(Scorey|Love Letter) -> 0 results
2026-03-11 20:24:52,285 [SIM] search_track(Scorey|Rock N Roll) -> 0 results
2026-03-11 20:24:52,285 [SIM] search_track(Scorey|Die Young) -> 0 results
2026-03-11 20:24:52,285 [SIM] search_track(Scorey|Girls Love Rod Wave) -> 0 results
2026-03-11 20:24:52,285 [SIM] search_track(Scorey|No Names) -> 0 results
2026-03-11 20:24:52,285 [SIM] search_track(Scorey|Wildlife) -> 0 results
2026-03-11 20:24:52,285 [SIM] search_track(Sean Paul|Like Glue) -> 0 results
2026-03-11 20:24:52,285 [SIM] search_track(Sean Paul|Temperature) -> 0 results
2026-03-11 20:24:52,285 [SIM] search_track(Sean Paul|Got 2 Luv U) -> 0 results
2026-03-11 20:24:52,285 [SIM] search_track(Selena Gomez|Kill Em With Kindness) -> 0 results
2026-03-11 20:24:52,285 [SIM] search_track(Selena Gomez|Same Old Love) -> 0 results
2026-03-11 20:24:52,285 [SIM] search_track(Selena Gomez|Good For You) -> 0 results
2026-03-11 20:24:52,285 [SIM] search_track(Selena Gomez|Look At Her Now) -> 0 results
2026-03-11 20:24:52,285 [SIM] search_track(Selena Gomez|Bluest Flame) -> 0 results
2026-03-11 20:24:52,286 [SIM] search_track(Selena Gomez|Wolves) -> 0 results
2026-03-11 20:24:52,286 [SIM] search_track(Selena Gomez|Love You Like A Love Song) -> 0 results
2026-03-11 20:24:52,286 [SIM] search_track(Shaggy|Boombastic) -> 0 results
2026-03-11 20:24:52,286 [SIM] search_track(Shaggy|Hope) -> 0 results
2026-03-11 20:24:52,286 [SIM] search_track(Shaggy|Angel) -> 0 results
2026-03-11 20:24:52,286 [SIM] search_track(Shaggy|Luv Me, Luv Me) -> 0 results
2026-03-11 20:24:52,286 [SIM] search_track(Shakira|Whenever, Wherever) -> 0 results
2026-03-11 20:24:52,286 [SIM] search_track(Shakira|Waka Waka) -> 0 results
2026-03-11 20:24:52,286 [SIM] search_track(Shakira|Hips Don't Lie) -> 0 results
2026-03-11 20:24:52,286 [SIM] search_track(Short Stack|Heartbreak Made Me A Killer) -> 0 results
2026-03-11 20:24:52,286 [SIM] search_track(Short Stack|Planets) -> 0 results
2026-03-11 20:24:52,300 [SIM] search_track(Short Stack|We Dance To A Different Disco, Honey) -> 0 results
2026-03-11 20:24:52,300 [SIM] search_track(Shy Glizzy|Movies) -> 0 results
2026-03-11 20:24:52,300 [SIM] search_track(Shy Glizzy|Poppin My Shit) -> 0 results
2026-03-11 20:24:52,300 [SIM] search_track(Shy Glizzy|Underrated) -> 0 results
2026-03-11 20:24:52,301 [SIM] search_track(Shy Glizzy|Whippin' Up) -> 0 results
2026-03-11 20:24:52,301 [SIM] search_track(Shy Glizzy|No Days Off) -> 0 results
2026-03-11 20:24:52,301 [SIM] search_track(Shy Glizzy|Fools Fall N Love) -> 0 results
2026-03-11 20:24:52,301 [SIM] search_track(Side A|Forevermore) -> 0 results
2026-03-11 20:24:52,301 [SIM] search_track(Side A|Only You) -> 0 results
2026-03-11 20:24:52,301 [SIM] search_track(Side A|So Many Questions) -> 0 results
2026-03-11 20:24:52,301 [SIM] search_track(Simple Plan|This Song Saved My Life) -> 0 results
2026-03-11 20:24:52,301 [SIM] search_track(Simple Plan|Astronaut) -> 0 results
2026-03-11 20:24:52,301 [SIM] search_track(Simple Plan|Jet Lag) -> 0 results
2026-03-11 20:24:52,301 [SIM] search_track(Simple Plan|Perfect) -> 0 results
2026-03-11 20:24:52,301 [SIM] search_track(Simple Plan|Welcome to My Life) -> 0 results
2026-03-11 20:24:52,301 [SIM] search_track(Simple Plan|When I'm Gone) -> 0 results
2026-03-11 20:24:52,301 [SIM] search_track(Skrillex|Ease My Mind) -> 0 results
2026-03-11 20:24:52,301 [SIM] search_track(Skrillex|Way Back) -> 0 results
2026-03-11 20:24:52,301 [SIM] search_track(Skrillex|Bangarang) -> 0 results
2026-03-11 20:24:52,301 [SIM] search_track(Sleepy Hallow|Cupid's Guidance) -> 0 results
2026-03-11 20:24:52,301 [SIM] search_track(Sleepy Hallow|Luv Em All) -> 0 results
2026-03-11 20:24:52,301 [SIM] search_track(Sleepy Hallow|2055) -> 0 results
2026-03-11 20:24:52,301 [SIM] search_track(Snoop Dogg|Thank You) -> 0 results
2026-03-11 20:24:52,301 [SIM] search_track(Snoop Dogg|Gunz N Smoke) -> 0 results
2026-03-11 20:24:52,301 [SIM] search_track(Snoop Dogg|Gorgeous) -> 0 results
2026-03-11 20:24:52,316 [SIM] search_track(Snoop Dogg|Another Part Of Me) -> 0 results
2026-03-11 20:24:52,316 [SIM] search_track(Snoop Dogg|Sandwich Bag) -> 0 results
2026-03-11 20:24:52,316 [SIM] search_track(Snoop Dogg|Sensual Seduction) -> 0 results
2026-03-11 20:24:52,316 [SIM] search_track(Snoop Dogg|Riders On The Storm) -> 0 results
2026-03-11 20:24:52,316 [SIM] search_track(Snoop Dogg|Young, Wild & Free) -> 0 results
2026-03-11 20:24:52,316 [SIM] search_track(Snoop Dogg|Boss' Life) -> 0 results
2026-03-11 20:24:52,316 [SIM] search_track(Snoop Dogg|Imagine) -> 0 results
2026-03-11 20:24:52,316 [SIM] search_track(Snoop Dogg|That's That Shit) -> 0 results
2026-03-11 20:24:52,316 [SIM] search_track(Snoop Dogg|Still A G Thang) -> 0 results
2026-03-11 20:24:52,316 [SIM] search_track(Snoop Dogg|Bitch Please) -> 0 results
2026-03-11 20:24:52,316 [SIM] search_track(Snow Patrol|Chasing Cars) -> 0 results
2026-03-11 20:24:52,316 [SIM] search_track(Snow Patrol|Hands Open) -> 0 results
2026-03-11 20:24:52,316 [SIM] search_track(Snow Patrol|Called Out In The Dark) -> 0 results
2026-03-11 20:24:52,317 [SIM] search_track(T-Pain|Best Love Song) -> 0 results
2026-03-11 20:24:52,317 [SIM] search_track(T-Pain|I'm Sprung) -> 0 results
2026-03-11 20:24:52,317 [SIM] search_track(T-Pain|Bartender) -> 0 results
2026-03-11 20:24:52,317 [SIM] search_track(T-Pain|Up Down (Do This All Day)) -> 0 results
2026-03-11 20:24:52,317 [SIM] search_track(T-Pain|Can't Believe It) -> 0 results
2026-03-11 20:24:52,317 [SIM] search_track(T-Pain|5 O'Clock) -> 0 results
2026-03-11 20:24:52,317 [SIM] search_track(T-Pain|I'm N Luv (Wit a Stripper)) -> 0 results
2026-03-11 20:24:52,317 [SIM] search_track(T-Pain|Buy U a Drank (Shawty Snappin')) -> 0 results
2026-03-11 20:24:52,317 [SIM] search_track(T-Pain|Club Husband) -> 0 results
2026-03-11 20:24:52,317 [SIM] search_track(T-Pain|Dan Bilzerian) -> 0 results
2026-03-11 20:24:52,317 [SIM] search_track(T.I.|Live Your Life) -> 0 results
2026-03-11 20:24:52,317 [SIM] search_track(T.I.|My Life Your Entertainment) -> 0 results
2026-03-11 20:24:52,332 [SIM] search_track(T.I.|Whatever You Like) -> 0 results
2026-03-11 20:24:52,332 [SIM] search_track(T.I.|Bring Em Out) -> 0 results
2026-03-11 20:24:52,332 [SIM] search_track(T.I.|What You Know) -> 0 results
2026-03-11 20:24:52,332 [SIM] search_track(T.I.|Got Your Back) -> 0 results
2026-03-11 20:24:52,332 [SIM] search_track(T.I.|Hello) -> 0 results
2026-03-11 20:24:52,332 [SIM] search_track(T.I.|Popped Off) -> 0 results
2026-03-11 20:24:52,332 [SIM] search_track(Taio Cruz|Break Your Heart) -> 0 results
2026-03-11 20:24:52,332 [SIM] search_track(Taio Cruz|Dynamite) -> 0 results
2026-03-11 20:24:52,332 [SIM] search_track(Taio Cruz|Troublemaker) -> 0 results
2026-03-11 20:24:52,332 [SIM] search_track(Taio Cruz|Hangover) -> 0 results
2026-03-11 20:24:52,332 [SIM] search_track(Talib Kweli|Everything Man) -> 0 results
2026-03-11 20:24:52,332 [SIM] search_track(Talib Kweli|Hostile Gospel, Pt. 1 (Deliver Us)) -> 0 results
2026-03-11 20:24:52,332 [SIM] search_track(Talib Kweli|In the Mood) -> 0 results
2026-03-11 20:24:52,332 [SIM] search_track(Talib Kweli|The Perfect Beat) -> 0 results
2026-03-11 20:24:52,332 [SIM] search_track(Taylor Swift|Blank Space) -> 0 results
2026-03-11 20:24:52,332 [SIM] search_track(Taylor Swift|Shake It Off) -> 0 results
2026-03-11 20:24:52,332 [SIM] search_track(Taylor Swift|Fearless) -> 0 results
2026-03-11 20:24:52,332 [SIM] search_track(Taylor Swift|Fifteen) -> 0 results
2026-03-11 20:24:52,333 [SIM] search_track(Taylor Swift|Love Story) -> 0 results
2026-03-11 20:24:52,333 [SIM] search_track(Taylor Swift|You Belong With Me) -> 0 results
2026-03-11 20:24:52,333 [SIM] search_track(Taylor Swift|Anti-Hero) -> 0 results
2026-03-11 20:24:52,333 [SIM] search_track(Taylor Swift|Bejeweled) -> 0 results
2026-03-11 20:24:52,333 [SIM] search_track(Taylor Swift|Glitch) -> 0 results
2026-03-11 20:24:52,333 [SIM] search_track(Taylor Swift|Karma) -> 0 results
2026-03-11 20:24:52,333 [SIM] search_track(Taylor Swift|Would've, Could've, Should've) -> 0 results
2026-03-11 20:24:52,348 [SIM] search_track(Taylor Swift|Back To December) -> 0 results
2026-03-11 20:24:52,348 [SIM] search_track(Taylor Swift|Stay Stay Stay) -> 0 results
2026-03-11 20:24:52,348 [SIM] search_track(Taylor Swift|Teardrops On My Guitar) -> 0 results
2026-03-11 20:24:52,348 [SIM] search_track(Taylor Swift|We Are Never Ever Getting Back Together) -> 0 results
2026-03-11 20:24:52,348 [SIM] search_track(TeeManay|Go Girl) -> 0 results
2026-03-11 20:24:52,348 [SIM] search_track(TeeManay|Killin Me) -> 0 results
2026-03-11 20:24:52,348 [SIM] search_track(TeeManay|Selfish) -> 0 results
2026-03-11 20:24:52,348 [SIM] search_track(The Black Eyed Peas|Hey Mama) -> 0 results
2026-03-11 20:24:52,348 [SIM] search_track(The Black Eyed Peas|Shut Up) -> 0 results
2026-03-11 20:24:52,348 [SIM] search_track(The Black Eyed Peas|Where Is The Love?) -> 0 results
2026-03-11 20:24:52,348 [SIM] search_track(The Black Eyed Peas|Don't Lie) -> 0 results
2026-03-11 20:24:52,348 [SIM] search_track(The Black Eyed Peas|Don't Phunk With My Heart) -> 0 results
2026-03-11 20:24:52,348 [SIM] search_track(The Black Eyed Peas|My Humps) -> 0 results
2026-03-11 20:24:52,349 [SIM] search_track(The Black Eyed Peas|Pump It) -> 0 results
2026-03-11 20:24:52,349 [SIM] search_track(The Black Eyed Peas|Do It Like This) -> 0 results
2026-03-11 20:24:52,349 [SIM] search_track(The Black Eyed Peas|Don’t Stop The Party) -> 0 results
2026-03-11 20:24:52,349 [SIM] search_track(The Black Eyed Peas|Just Can’t Get Enough) -> 0 results
2026-03-11 20:24:52,349 [SIM] search_track(The Black Eyed Peas|Love You Long Time) -> 0 results
2026-03-11 20:24:52,349 [SIM] search_track(The Black Eyed Peas|Play It Loud) -> 0 results
2026-03-11 20:24:52,349 [SIM] search_track(The Black Eyed Peas|The Time (Dirty Bit)) -> 0 results
2026-03-11 20:24:52,349 [SIM] search_track(The Black Eyed Peas|Alive) -> 0 results
2026-03-11 20:24:52,349 [SIM] search_track(The Black Eyed Peas|Boom Boom Pow) -> 0 results
2026-03-11 20:24:52,349 [SIM] search_track(The Black Eyed Peas|I Gotta Feeling) -> 0 results
2026-03-11 20:24:52,349 [SIM] search_track(The Black Eyed Peas|Imma Be) -> 0 results
2026-03-11 20:24:52,349 [SIM] search_track(The Black Eyed Peas|Meet Me Halfway) -> 0 results
2026-03-11 20:24:52,364 [SIM] search_track(The Black Sorrows|Better Times) -> 0 results
2026-03-11 20:24:52,364 [SIM] search_track(The Black Sorrows|Brown Eyed Girl) -> 0 results
2026-03-11 20:24:52,365 [SIM] search_track(The Black Sorrows|Come On, Come On) -> 0 results
2026-03-11 20:24:52,365 [SIM] search_track(The Black Sorrows|Harley & Rose) -> 0 results
2026-03-11 20:24:52,365 [SIM] search_track(The Black Sorrows|Hold It Up To The Mirror) -> 0 results
2026-03-11 20:24:52,365 [SIM] search_track(The Black Sorrows|The Chosen Ones) -> 0 results
2026-03-11 20:24:52,365 [SIM] search_track(The Clash|London Calling) -> 0 results
2026-03-11 20:24:52,365 [SIM] search_track(The Clash|Should I Stay or Should I Go) -> 0 results
2026-03-11 20:24:52,365 [SIM] search_track(The Clash|The Guns of Brixton) -> 0 results
2026-03-11 20:24:52,365 [SIM] search_track(The Clash|Train in Vain (Stand by Me)) -> 0 results
2026-03-11 20:24:52,365 [SIM] search_track(The Game|My Life) -> 0 results
2026-03-11 20:24:52,365 [SIM] search_track(The Game|Plug) -> 0 results
2026-03-11 20:24:52,365 [SIM] search_track(The Game|Drug Test) -> 0 results
2026-03-11 20:24:52,365 [SIM] search_track(The Game|West Coast Kings) -> 0 results
2026-03-11 20:24:52,365 [SIM] search_track(The Game|Hate It Or Love It) -> 0 results
2026-03-11 20:24:52,365 [SIM] search_track(The Game|How We Do) -> 0 results
2026-03-11 20:24:52,365 [SIM] search_track(The Kid LAROI|BABY I'M BACK) -> 0 results
2026-03-11 20:24:52,365 [SIM] search_track(The Kid LAROI|Forever & Again) -> 0 results
2026-03-11 20:24:52,365 [SIM] search_track(The Kid LAROI|SO DONE) -> 0 results
2026-03-11 20:24:52,365 [SIM] search_track(The Kid LAROI|Diva) -> 0 results
2026-03-11 20:24:52,365 [SIM] search_track(The Kid LAROI|STILL CHOSE YOU) -> 0 results
2026-03-11 20:24:52,365 [SIM] search_track(The Kid LAROI|GO) -> 0 results
2026-03-11 20:24:52,365 [SIM] search_track(The Kid LAROI|STAY) -> 0 results
2026-03-11 20:24:52,365 [SIM] search_track(The Kid LAROI|FEEL SOMETHING) -> 0 results
2026-03-11 20:24:52,366 [SIM] search_track(The Kinks|This Time Tomorrow) -> 0 results
2026-03-11 20:24:52,380 [SIM] search_track(The Kinks|Tired of Waiting for You) -> 0 results
2026-03-11 20:24:52,380 [SIM] search_track(The Kinks|You Really Got Me) -> 0 results
2026-03-11 20:24:52,381 [SIM] search_track(The Notorious B.I.G.|Party On The West Coast) -> 0 results
2026-03-11 20:24:52,381 [SIM] search_track(The Notorious B.I.G.|Big Poppa) -> 0 results
2026-03-11 20:24:52,381 [SIM] search_track(The Notorious B.I.G.|Hypnotize) -> 0 results
2026-03-11 20:24:52,381 [SIM] search_track(The Notorious B.I.G.|Juicy) -> 0 results
2026-03-11 20:24:52,381 [SIM] search_track(The Notorious B.I.G.|Niggas Bleed) -> 0 results
2026-03-11 20:24:52,381 [SIM] search_track(The Notorious B.I.G.|One More Chance) -> 0 results
2026-03-11 20:24:52,381 [SIM] search_track(The Notorious B.I.G.|Ten Crack Commandments) -> 0 results
2026-03-11 20:24:52,381 [SIM] search_track(The Notorious B.I.G.|Unbelievable) -> 0 results
2026-03-11 20:24:52,381 [SIM] search_track(The Notorious B.I.G.|Warning) -> 0 results
2026-03-11 20:24:52,381 [SIM] search_track(The Notorious B.I.G.|Who Shot Ya?) -> 0 results
2026-03-11 20:24:52,381 [SIM] search_track(The Notorious B.I.G.|Nasty Girl) -> 0 results
2026-03-11 20:24:52,381 [SIM] search_track(The Notorious B.I.G.|Notorious Thugs) -> 0 results
2026-03-11 20:24:52,381 [SIM] search_track(The Notorious B.I.G.|Running Your Mouth) -> 0 results
2026-03-11 20:24:52,381 [SIM] search_track(The Notorious B.I.G.|Dead Wrong) -> 0 results
2026-03-11 20:24:52,381 [SIM] search_track(The Notorious B.I.G.|Want That Old Thing Back) -> 0 results
2026-03-11 20:24:52,381 [SIM] search_track(The Notorious B.I.G.|Get Money) -> 0 results
2026-03-11 20:24:52,381 [SIM] search_track(The Notorious B.I.G.|Notorious B.I.G.) -> 0 results
2026-03-11 20:24:52,381 [SIM] search_track(The Notorious B.I.G.|Fuck You Tonight) -> 0 results
2026-03-11 20:24:52,381 [SIM] search_track(The Notorious B.I.G.|Miss U) -> 0 results
2026-03-11 20:24:52,381 [SIM] search_track(The Notorious B.I.G.|Sky's the Limit) -> 0 results
2026-03-11 20:24:52,381 [SIM] search_track(The Notorious B.I.G.|Mo Money Mo Problems) -> 0 results
2026-03-11 20:24:52,381 [SIM] search_track(The Polish Ambassador|Let the Rhythm Just) -> 0 results
2026-03-11 20:24:52,382 [SIM] search_track(The Polish Ambassador|Lost & Found) -> 0 results
2026-03-11 20:24:52,396 [SIM] search_track(The Polish Ambassador|Shine Bright) -> 0 results
2026-03-11 20:24:52,397 [SIM] search_track(The Polish Ambassador|The Caged Bird Sings) -> 0 results
2026-03-11 20:24:52,397 [SIM] search_track(The Polish Ambassador|Kumite) -> 0 results
2026-03-11 20:24:52,397 [SIM] search_track(The Script|If You Could See Me Now) -> 0 results
2026-03-11 20:24:52,397 [SIM] search_track(The Script|Hall of Fame) -> 0 results
2026-03-11 20:24:52,397 [SIM] search_track(The Script|The Man Who Can't Be Moved) -> 0 results
2026-03-11 20:24:52,397 [SIM] search_track(The Veronicas|Lolita) -> 0 results
2026-03-11 20:24:52,397 [SIM] search_track(The Veronicas|You Ruin Me) -> 0 results
2026-03-11 20:24:52,397 [SIM] search_track(The Veronicas|Always) -> 0 results
2026-03-11 20:24:52,397 [SIM] search_track(The Veronicas|Born Bob Dylan) -> 0 results
2026-03-11 20:24:52,397 [SIM] search_track(The Veronicas|Cold) -> 0 results
2026-03-11 20:24:52,397 [SIM] search_track(The Veronicas|Cruel) -> 0 results
2026-03-11 20:24:52,397 [SIM] search_track(The Veronicas|Did You Miss Me (I'm a Veronica)) -> 0 results
2026-03-11 20:24:52,397 [SIM] search_track(The Veronicas|If You Love Someone) -> 0 results
2026-03-11 20:24:52,397 [SIM] search_track(The Veronicas|Let Me Out) -> 0 results
2026-03-11 20:24:52,397 [SIM] search_track(The Veronicas|Line of Fire) -> 0 results
2026-03-11 20:24:52,397 [SIM] search_track(The Veronicas|Mad Love) -> 0 results
2026-03-11 20:24:52,397 [SIM] search_track(The Veronicas|More Like Me) -> 0 results
2026-03-11 20:24:52,397 [SIM] search_track(The Veronicas|Sanctified) -> 0 results
2026-03-11 20:24:52,398 [SIM] search_track(The Veronicas|Teenage Millionaire) -> 0 results
2026-03-11 20:24:52,398 [SIM] search_track(The Veronicas|You and Me) -> 0 results
2026-03-11 20:24:52,398 [SIM] search_track(The Wombats|Give Me a Try) -> 0 results
2026-03-11 20:24:52,398 [SIM] search_track(The Wombats|Kill the Director) -> 0 results
2026-03-11 20:24:52,398 [SIM] search_track(The Wombats|Your Body Is a Weapon) -> 0 results
2026-03-11 20:24:52,398 [SIM] search_track(The Wombats|1996) -> 0 results
2026-03-11 20:24:52,413 [SIM] search_track(The Wombats|Techno Fan) -> 0 results
2026-03-11 20:24:52,413 [SIM] search_track(Too Short|Gettin' It) -> 0 results
2026-03-11 20:24:52,413 [SIM] search_track(Too Short|Burn Rubber) -> 0 results
2026-03-11 20:24:52,413 [SIM] search_track(Too Short|I'm a Player) -> 0 results
2026-03-11 20:24:52,413 [SIM] search_track(Too Short|The Ghetto) -> 0 results
2026-03-11 20:24:52,413 [SIM] search_track(Toosii|Favorite Song) -> 0 results
2026-03-11 20:24:52,414 [SIM] search_track(Toosii|Fuk You Mean) -> 0 results
2026-03-11 20:24:52,414 [SIM] search_track(Toosii|Heartaches) -> 0 results
2026-03-11 20:24:52,414 [SIM] search_track(Tove Lo|Habits (Stay High)) -> 0 results
2026-03-11 20:24:52,414 [SIM] search_track(Tove Lo|Talking Body) -> 0 results
2026-03-11 20:24:52,414 [SIM] search_track(Tove Lo|Cool Girl) -> 0 results
2026-03-11 20:24:52,414 [SIM] search_track(Travie McCoy|We'll Be Alright) -> 0 results
2026-03-11 20:24:52,414 [SIM] search_track(Travie McCoy|Billionaire) -> 0 results
2026-03-11 20:24:52,414 [SIM] search_track(Travie McCoy|Keep on Keeping On) -> 0 results
2026-03-11 20:24:52,414 [SIM] search_track(Travie McCoy|Rough Water) -> 0 results
2026-03-11 20:24:52,414 [SIM] search_track(Travie McCoy|Golden) -> 0 results
2026-03-11 20:24:52,414 [SIM] search_track(Trey Songz|Not for Long) -> 0 results
2026-03-11 20:24:52,414 [SIM] search_track(Trey Songz|Touchin, Lovin) -> 0 results
2026-03-11 20:24:52,414 [SIM] search_track(Trey Songz|Can't Help but Wait) -> 0 results
2026-03-11 20:24:52,414 [SIM] search_track(Trey Songz|Missin' You) -> 0 results
2026-03-11 20:24:52,414 [SIM] search_track(Trey Songz|Role Play) -> 0 results
2026-03-11 20:24:52,414 [SIM] search_track(Twista|Sunshine) -> 0 results
2026-03-11 20:24:52,414 [SIM] search_track(Twista|Hope (Album Version)) -> 0 results
2026-03-11 20:24:52,414 [SIM] search_track(Twista|Overnight Celebrity) -> 0 results
2026-03-11 20:24:52,414 [SIM] search_track(Twista|So Sexy Chapter II (Like This)) -> 0 results
2026-03-11 20:24:52,431 [SIM] search_track(Twista|So Sexy) -> 0 results
2026-03-11 20:24:52,431 [SIM] search_track(Twista|Hope) -> 0 results
2026-03-11 20:24:52,431 [SIM] search_track(Tyga|Booty Dancer) -> 0 results
2026-03-11 20:24:52,431 [SIM] search_track(Tyga|Sheikh Talk) -> 0 results
2026-03-11 20:24:52,431 [SIM] search_track(Tyga|Freaky Deaky) -> 0 results
2026-03-11 20:24:52,431 [SIM] search_track(Tyga|Sunshine) -> 0 results
2026-03-11 20:24:52,431 [SIM] search_track(Tyga|FREAK) -> 0 results
2026-03-11 20:24:52,431 [SIM] search_track(Tyga|Taste) -> 0 results
2026-03-11 20:24:52,431 [SIM] search_track(Tyla Yaweh|Gemini) -> 0 results
2026-03-11 20:24:52,431 [SIM] search_track(Tyla Yaweh|High Right Now) -> 0 results
2026-03-11 20:24:52,431 [SIM] search_track(Tyla Yaweh|They Ain't You) -> 0 results
2026-03-11 20:24:52,432 [SIM] search_track(Tyla Yaweh|Salute) -> 0 results
2026-03-11 20:24:52,432 [SIM] search_track(Tyla Yaweh|I Think I Luv Her) -> 0 results
2026-03-11 20:24:52,432 [SIM] search_track(Tyla Yaweh|All the Smoke) -> 0 results
2026-03-11 20:24:52,432 [SIM] search_track(Tyla Yaweh|Tommy Lee) -> 0 results
2026-03-11 20:24:52,432 [SIM] search_track(Tyla Yaweh|High Right Now (Remix)) -> 0 results
2026-03-11 20:24:52,432 [SIM] search_track(Unkle Adams|Beast Mode) -> 0 results
2026-03-11 20:24:52,432 [SIM] search_track(Unkle Adams|Friends Over Enemies) -> 0 results
2026-03-11 20:24:52,432 [SIM] search_track(Unkle Adams|I Am Stronger) -> 0 results
2026-03-11 20:24:52,432 [SIM] search_track(Usher|Monstar) -> 0 results
2026-03-11 20:24:52,432 [SIM] search_track(Usher|More) -> 0 results
2026-03-11 20:24:52,432 [SIM] search_track(Usher|U Got It Bad) -> 0 results
2026-03-11 20:24:52,432 [SIM] search_track(Usher|DJ Got Us Fallin' In Love) -> 0 results
2026-03-11 20:24:52,432 [SIM] search_track(Usher|Hey Daddy (Daddy's Home)) -> 0 results
2026-03-11 20:24:52,432 [SIM] search_track(Usher|My Boo) -> 0 results
2026-03-11 20:24:52,448 [SIM] search_track(Vee tha Rula|Go Hard) -> 0 results
2026-03-11 20:24:52,448 [SIM] search_track(Vee tha Rula|Bullshit) -> 0 results
2026-03-11 20:24:52,448 [SIM] search_track(Vee tha Rula|D.O.A.) -> 0 results
2026-03-11 20:24:52,448 [SIM] search_track(Vwillz|Baby Baby) -> 0 results
2026-03-11 20:24:52,448 [SIM] search_track(Vwillz|Eyes on You) -> 0 results
2026-03-11 20:24:52,448 [SIM] search_track(Vwillz|Top Floor) -> 0 results
2026-03-11 20:24:52,448 [SIM] search_track(Vwillz|BRIDE AT A BAR) -> 0 results
2026-03-11 20:24:52,448 [SIM] search_track(Vwillz|Central Park) -> 0 results
2026-03-11 20:24:52,448 [SIM] search_track(Wale|My Love) -> 0 results
2026-03-11 20:24:52,449 [SIM] search_track(Wale|On Chill) -> 0 results
2026-03-11 20:24:52,449 [SIM] search_track(Wale|Poke It Out) -> 0 results
2026-03-11 20:24:52,449 [SIM] search_track(Weezer|Buddy Holly) -> 0 results
2026-03-11 20:24:52,449 [SIM] search_track(Weezer|Island In The Sun) -> 0 results
2026-03-11 20:24:52,449 [SIM] search_track(Weezer|The Good Life) -> 0 results
2026-03-11 20:24:52,449 [SIM] search_track("Weird Al" Yankovic|Amish Paradise ("Gangsta's Paradise" Parody)) -> 0 results
2026-03-11 20:24:52,449 [SIM] search_track("Weird Al" Yankovic|eBay ("I Want It That Way" Parody)) -> 0 results
2026-03-11 20:24:52,449 [SIM] search_track("Weird Al" Yankovic|Like a Surgeon ("Like a Virgin" Parody)) -> 0 results
2026-03-11 20:24:52,449 [SIM] search_track("Weird Al" Yankovic|The Saga Begins ("American Pie" Parody)) -> 0 results
2026-03-11 20:24:52,449 [SIM] search_track("Weird Al" Yankovic|White & Nerdy ("Ridin'" Parody)) -> 0 results
2026-03-11 20:24:52,449 [SIM] search_track(Will Smith|Gettin' Jiggy Wit It) -> 0 results
2026-03-11 20:24:52,449 [SIM] search_track(Will Smith|Just The Two Of Us) -> 0 results
2026-03-11 20:24:52,449 [SIM] search_track(Will Smith|Men In Black) -> 0 results
2026-03-11 20:24:52,449 [SIM] search_track(Will Smith|Miami) -> 0 results
2026-03-11 20:24:52,449 [SIM] search_track(Will Smith|Yes Yes Y'All) -> 0 results
2026-03-11 20:24:52,449 [SIM] search_track(Will Smith|Girls Ain't Nothing But Trouble) -> 0 results
2026-03-11 20:24:52,465 [SIM] search_track(Will Smith|Parents Just Don't Understand) -> 0 results
2026-03-11 20:24:52,465 [SIM] search_track(Will Smith|Summertime) -> 0 results
2026-03-11 20:24:52,465 [SIM] search_track(Will Smith|The Fresh Prince of Bel-Air) -> 0 results
2026-03-11 20:24:52,465 [SIM] search_track(Will Smith|Party Starter) -> 0 results
2026-03-11 20:24:52,465 [SIM] search_track(Will Smith|Switch) -> 0 results
2026-03-11 20:24:52,465 [SIM] search_track(Will Smith|Afro Angel) -> 0 results
2026-03-11 20:24:52,466 [SIM] search_track(Will Smith|Freakin' It) -> 0 results
2026-03-11 20:24:52,466 [SIM] search_track(Will Smith|La Fiesta) -> 0 results
2026-03-11 20:24:52,466 [SIM] search_track(Will Smith|Partners) -> 0 results
2026-03-11 20:24:52,466 [SIM] search_track(Will Smith|So Fresh) -> 0 results
2026-03-11 20:24:52,466 [SIM] search_track(Will Smith|No More) -> 0 results
2026-03-11 20:24:52,466 [SIM] search_track(Will Smith|Wild Wild West) -> 0 results
2026-03-11 20:24:52,466 [SIM] search_track(Will Smith|Can You Feel Me?) -> 0 results
2026-03-11 20:24:52,466 [SIM] search_track(Will Smith|The Rain) -> 0 results
2026-03-11 20:24:52,466 [SIM] search_track(Will Smith|Uuhhh) -> 0 results
2026-03-11 20:24:52,466 [SIM] search_track(Will Smith|Da Butta) -> 0 results
2026-03-11 20:24:52,466 [SIM] search_track(Will Smith|Who Am I) -> 0 results
2026-03-11 20:24:52,466 [SIM] search_track(Will Smith|I'm Comin) -> 0 results
2026-03-11 20:24:52,466 [SIM] search_track(Wiz Khalifa|How The Story Goes) -> 0 results
2026-03-11 20:24:52,466 [SIM] search_track(Wiz Khalifa|No Singles) -> 0 results
2026-03-11 20:24:52,466 [SIM] search_track(Wiz Khalifa|Everyday) -> 0 results
2026-03-11 20:24:52,466 [SIM] search_track(Wiz Khalifa|Ready For Love) -> 0 results
2026-03-11 20:24:52,466 [SIM] search_track(Wiz Khalifa|Bad Ass Bitches) -> 0 results
2026-03-11 20:24:52,466 [SIM] search_track(Wiz Khalifa|High Maintenance) -> 0 results
2026-03-11 20:24:52,466 [SIM] search_track(Wiz Khalifa|Homies) -> 0 results
2026-03-11 20:24:52,482 [SIM] search_track(Wiz Khalifa|Keys) -> 0 results
2026-03-11 20:24:52,482 [SIM] search_track(Wiz Khalifa|Memory Lane) -> 0 results
2026-03-11 20:24:52,482 [SIM] search_track(Wiz Khalifa|MVP) -> 0 results
2026-03-11 20:24:52,482 [SIM] search_track(Wiz Khalifa|Nobody Knows) -> 0 results
2026-03-11 20:24:52,483 [SIM] search_track(Wiz Khalifa|Something Real) -> 0 results
2026-03-11 20:24:52,483 [SIM] search_track(Wiz Khalifa|Thank Him) -> 0 results
2026-03-11 20:24:52,483 [SIM] search_track(Wiz Khalifa|We Don’t Go Out To Nightclubs Anymore) -> 0 results
2026-03-11 20:24:52,483 [SIM] search_track(Wiz Khalifa|We're Not Even) -> 0 results
2026-03-11 20:24:52,483 [SIM] search_track(Wiz Khalifa|Big Daddy Wiz) -> 0 results
2026-03-11 20:24:52,483 [SIM] search_track(Wiz Khalifa|1000 Women) -> 0 results
2026-03-11 20:24:52,483 [SIM] search_track(Wiz Khalifa|Black And Yellow) -> 0 results
2026-03-11 20:24:52,483 [SIM] search_track(Wiz Khalifa|Million Dollar Moment) -> 0 results
2026-03-11 20:24:52,483 [SIM] search_track(Wiz Khalifa|Still Wiz) -> 0 results
2026-03-11 20:24:52,483 [SIM] search_track(Wiz Khalifa|When I Grow Up) -> 0 results
2026-03-11 20:24:52,483 [SIM] search_track(Wiz Khalifa|Let It Go) -> 0 results
2026-03-11 20:24:52,483 [SIM] search_track(Wiz Khalifa|See You Again) -> 0 results
2026-03-11 20:24:52,483 [SIM] search_track(Wiz Khalifa|My Favorite Song) -> 0 results
2026-03-11 20:24:52,483 [SIM] search_track(Wiz Khalifa|Something New) -> 0 results
2026-03-11 20:24:52,483 [SIM] search_track(Xzibit|Paparazzi) -> 0 results
2026-03-11 20:24:52,483 [SIM] search_track(Xzibit|The Foundation) -> 0 results
2026-03-11 20:24:52,483 [SIM] search_track(Xzibit|Don't Approach Me) -> 0 results
2026-03-11 20:24:52,483 [SIM] search_track(Xzibit|Beware Of Us) -> 0 results
2026-03-11 20:24:52,483 [SIM] search_track(Xzibit|Symphony In X Major) -> 0 results
2026-03-11 20:24:52,483 [SIM] search_track(YG|BOMPTOWN FINEST) -> 0 results
2026-03-11 20:24:52,483 [SIM] search_track(YG|Laugh Now Kry Later!) -> 0 results
2026-03-11 20:24:52,500 [SIM] search_track(YG|LOVE MAKE) -> 0 results
2026-03-11 20:24:52,500 [SIM] search_track(YG|Sign Language) -> 0 results
2026-03-11 20:24:52,500 [SIM] search_track(YG|Toxic) -> 0 results
2026-03-11 20:24:52,500 [SIM] search_track(YG|Run) -> 0 results
2026-03-11 20:24:52,501 [SIM] search_track(YNW Melly|Legendary) -> 0 results
2026-03-11 20:24:52,501 [SIM] search_track(YNW Melly|Mixed Personalities) -> 0 results
2026-03-11 20:24:52,501 [SIM] search_track(YNW Melly|Thugged Out) -> 0 results
2026-03-11 20:24:52,501 [SIM] search_track(YNW Melly|Dedication) -> 0 results
2026-03-11 20:24:52,501 [SIM] search_track(YNW Melly|Lovey Dovey) -> 0 results
2026-03-11 20:24:52,501 [SIM] search_track(YNW Melly|Save Me) -> 0 results
2026-03-11 20:24:52,501 [SIM] search_track(Young Dubliners|Follow Me Up To Carlow) -> 0 results
2026-03-11 20:24:52,501 [SIM] search_track(Young Dubliners|I'll Tell Me Ma) -> 0 results
2026-03-11 20:24:52,501 [SIM] search_track(Young Dubliners|If I Should Fall From Grace With God) -> 0 results
2026-03-11 20:24:52,501 [SIM] search_track(Young Dubliners|The Foggy Dew) -> 0 results
2026-03-11 20:24:52,501 [SIM] search_track(Young Dubliners|The Rocky Road To Dublin) -> 0 results
2026-03-11 20:24:52,501 [SIM] search_track(Young Jeezy|Put On) -> 0 results
2026-03-11 20:24:52,501 [SIM] search_track(Young Jeezy|Soul Survivor) -> 0 results
2026-03-11 20:24:52,501 [SIM] search_track(Young Jeezy|My President) -> 0 results
2026-03-11 20:24:52,501 [SIM] search_track(Young Money|Every Girl) -> 0 results
2026-03-11 20:24:52,501 [SIM] search_track(Young Money|BedRock) -> 0 results
2026-03-11 20:24:52,501 [SIM] search_track(Young Money|Trophies) -> 0 results
2026-03-11 20:24:52,501 [SIM] search_track(Young Thug|Hate The Game) -> 0 results
2026-03-11 20:24:52,501 [SIM] search_track(Young Thug|Hot) -> 0 results
2026-03-11 20:24:52,501 [SIM] search_track(Young Thug|The London) -> 0 results
2026-03-11 20:24:52,501 [SIM] search_track(YoungBoy Never Broke Again|Came A Long Way) -> 0 results
2026-03-11 20:24:52,518 [SIM] search_track(YoungBoy Never Broke Again|Don't Hurt Me) -> 0 results
2026-03-11 20:24:52,518 [SIM] search_track(YoungBoy Never Broke Again|Guitar Hero) -> 0 results
2026-03-11 20:24:52,518 [SIM] search_track(YoungBoy Never Broke Again|Better Than Ever) -> 0 results
2026-03-11 20:24:52,518 [SIM] search_track(YoungBoy Never Broke Again|HTAFL) -> 0 results
2026-03-11 20:24:52,518 [SIM] search_track(YoungBoy Never Broke Again|I Love It) -> 0 results
2026-03-11 20:24:52,518 [SIM] search_track(YoungBoy Never Broke Again|Lose Me) -> 0 results
2026-03-11 20:24:52,518 [SIM] search_track(YoungBoy Never Broke Again|Nurse) -> 0 results
2026-03-11 20:24:52,519 [SIM] search_track(YoungBoy Never Broke Again|Ben Lomond Mountain) -> 0 results
2026-03-11 20:24:52,519 [SIM] search_track(YoungBoy Never Broke Again|Get Right) -> 0 results
2026-03-11 20:24:52,519 [SIM] search_track(YoungBoy Never Broke Again|King Of The Jungle) -> 0 results
2026-03-11 20:24:52,519 [SIM] search_track(YoungBoy Never Broke Again|Rain) -> 0 results
2026-03-11 20:24:52,519 [SIM] search_track(YoungBoy Never Broke Again|Right Now) -> 0 results
2026-03-11 20:24:52,519 [SIM] search_track(YoungBoy Never Broke Again|Rose Gold) -> 0 results
2026-03-11 20:24:52,519 [SIM] search_track(YoungBoy Never Broke Again|Sedated) -> 0 results
2026-03-11 20:24:52,519 [SIM] search_track(YoungBoy Never Broke Again|I Admit) -> 0 results
2026-03-11 20:24:52,519 [SIM] search_track(YoungBoy Never Broke Again|Dedicated) -> 0 results
2026-03-11 20:24:52,519 [SIM] search_track(YoungBoy Never Broke Again|Goals) -> 0 results
2026-03-11 20:24:52,519 [SIM] search_track(YoungBoy Never Broke Again|Kacey Talk) -> 0 results
2026-03-11 20:24:52,519 [SIM] search_track(YoungBoy Never Broke Again|No Time) -> 0 results
2026-03-11 20:24:52,519 [SIM] search_track(YoungBoy Never Broke Again|No Where) -> 0 results
2026-03-11 20:24:52,519 [SIM] search_track(YoungBoy Never Broke Again|No. 9) -> 0 results
2026-03-11 20:24:52,519 [SIM] search_track(YoungBoy Never Broke Again|Proud of Myself) -> 0 results
2026-03-11 20:24:52,519 [SIM] search_track(YoungBoy Never Broke Again|Purge Me) -> 0 results
2026-03-11 20:24:52,519 [SIM] search_track(YoungBoy Never Broke Again|Swag On Point) -> 0 results
2026-03-11 20:24:52,519 [SIM] search_track(YoungBoy Never Broke Again|Trouble Calling) -> 0 results
2026-03-11 20:24:52,536 [SIM] search_track(YoungBoy Never Broke Again|Wagwan) -> 0 results
2026-03-11 20:24:52,536 [SIM] search_track(YoungBoy Never Broke Again|My Go To) -> 0 results
2026-03-11 20:24:52,536 [SIM] search_track(YoungBoy Never Broke Again|I Am Who They Say I Am) -> 0 results
2026-03-11 20:24:52,536 [SIM] search_track(YoungBoy Never Broke Again|Don't Rate Me) -> 0 results
2026-03-11 20:24:52,536 [SIM] search_track(YoungBoy Never Broke Again|Black Ball) -> 0 results
2026-03-11 20:24:52,536 [SIM] search_track(Yung Bleu|Vent) -> 0 results
2026-03-11 20:24:52,536 [SIM] search_track(Yung Bleu|Bad Lil Vibe) -> 0 results
2026-03-11 20:24:52,536 [SIM] search_track(Yung Bleu|Don't Forget Me) -> 0 results
2026-03-11 20:24:52,536 [SIM] search_track(Yung Bleu|Hard To Find) -> 0 results
2026-03-11 20:24:52,536 [SIM] search_track(Yung Bleu|No Good Decisions) -> 0 results
2026-03-11 20:24:52,537 [SIM] search_track(Yung Bleu|Rich Killaz) -> 0 results
2026-03-11 20:24:52,537 [SIM] search_track(Yung Bleu|The Real Side) -> 0 results
2026-03-11 20:24:52,537 [SIM] search_track(Yung Bleu|What Type of Games) -> 0 results
2026-03-11 20:24:52,537 [SIM] search_track(Yung Bleu|One Of Those Nights) -> 0 results
2026-03-11 20:24:52,537 [SIM] search_track(Yung Bleu|Life Worth Living) -> 0 results
2026-03-11 20:24:52,537 [SIM] search_track(Yung Bleu|Freak Freak) -> 0 results
2026-03-11 20:24:52,537 [SIM] search_track(Yung Bleu|Soul Child) -> 0 results
2026-03-11 20:24:52,537 [SIM] search_track(Yung Bleu|Your Love Is Dangerous) -> 0 results
2026-03-11 20:24:52,537 [SIM] search_track(Yung Bleu|Walk Through The Fire) -> 0 results
2026-03-11 20:24:52,537 [SIM] search_track(Yung Bleu|Love In The Way) -> 0 results
2026-03-11 20:24:52,537 [SIM] search_track(Yung Bleu|Feel It Inside) -> 0 results
2026-03-11 20:24:52,537 [SIM] search_track(Yung Bleu|Fire Inside) -> 0 results
2026-03-11 20:24:52,537 [SIM] search_track(Yung Gravy|Back On That Horse) -> 0 results
2026-03-11 20:24:52,537 [SIM] search_track(Yung Gravy|Clementine) -> 0 results
2026-03-11 20:24:52,537 [SIM] search_track(Yung Gravy|DMPB) -> 0 results
2026-03-11 20:24:52,554 [SIM] search_track(Yung Gravy|Lone Ranger) -> 0 results
2026-03-11 20:24:52,554 [SIM] search_track(Yung Gravy|My Day 1's) -> 0 results
2026-03-11 20:24:52,554 [SIM] search_track(Yung Gravy|Cop A Truck) -> 0 results
2026-03-11 20:24:52,554 [SIM] search_track(Yung Gravy|White Claw) -> 0 results
2026-03-11 20:24:52,554 [SIM] search_track(Yung Gravy|My Garage) -> 0 results
2026-03-11 20:24:52,554 [SIM] search_track(Yung Gravy|Betty (Get Money)) -> 0 results
2026-03-11 20:24:52,554 [SIM] search_track(Yung Gravy|Mr. Clean) -> 0 results
2026-03-11 20:24:52,554 [SIM] search_track(Yung Gravy|Goodness Gracious) -> 0 results
2026-03-11 20:24:52,554 [SIM] search_track(Yung Gravy|C’est La Vie) -> 0 results
2026-03-11 20:24:52,554 [SIM] search_track(Zara Larsson|Weak Heart) -> 0 results
2026-03-11 20:24:52,554 [SIM] search_track(Zara Larsson|Lush Life) -> 0 results
2026-03-11 20:24:52,554 [SIM] search_track(Zara Larsson|Never Forget You) -> 0 results
2026-03-11 20:24:52,554 [SIM] search_track(Zara Larsson|So Good) -> 0 results
2026-03-11 20:24:52,555 [SIM] search_track(Garry Sandhu|Dil De De) -> 0 results
2026-03-11 20:24:52,555 [SIM] search_track(Panjabi MC|Beware of the Boys) -> 0 results
2026-03-11 20:24:52,555 [SIM] search_track(Shekhar Ravjiani|Ishq Wala Love) -> 0 results
2026-03-11 20:24:52,555 [SIM] search_track(Vishal-Shekhar|Desi Girl) -> 0 results
2026-03-11 20:24:52,555 [SIM] search_track(Craig Douglas|Our Favourite Melodies) -> 0 results
2026-03-11 20:24:52,555 [SIM] search_track(Helen Shapiro|Let's Talk About Love) -> 0 results
2026-03-11 20:24:52,555 [SIM] search_track(Kenny Lynch|Up on The Roof) -> 0 results
2026-03-11 20:24:52,555 [SIM] search_track(Shane Fenton and the Fentones|Cindy's Birthday) -> 0 results
2026-03-11 20:24:52,555 [SIM] search_track(The Shadows|Wonderful Land) -> 0 results
2026-03-11 20:24:52,555 [SIM] search_track(Arrested Development|Mr Wendal) -> 0 results
2026-03-11 20:24:52,555 [SIM] search_track(Brotherhood|One Shot) -> 0 results
2026-03-11 20:24:52,555 [SIM] search_track(Frankie and Co.|King Of New York) -> 0 results
2026-03-11 20:24:52,572 [SIM] search_track(Guru|Love Sick) -> 0 results
2026-03-11 20:24:52,572 [SIM] search_track(Guru|No Time To Play) -> 0 results
2026-03-11 20:24:52,572 [SIM] search_track(Ice T|That's How I'm Livin') -> 0 results
2026-03-11 20:24:52,572 [SIM] search_track(Luniz|I Got 5 On It) -> 0 results
2026-03-11 20:24:52,572 [SIM] search_track(Mantronix|Bassline) -> 0 results
2026-03-11 20:24:52,572 [SIM] search_track(Mantronix|Get a Life) -> 0 results
2026-03-11 20:24:52,572 [SIM] search_track(Monie Love|It's a Shame (My Sister)) -> 0 results
2026-03-11 20:24:52,573 [SIM] search_track(Worlds Famous Supreme Team|Hey DJ) -> 0 results
2026-03-11 20:24:52,573 [SIM] search_track(2Pac|Before I Leave) -> 0 results
2026-03-11 20:24:52,573 [SIM] search_track(2Pac|Better Dayz (Remix)) -> 0 results
2026-03-11 20:24:52,573 [SIM] search_track(2Pac|Desperate) -> 0 results
2026-03-11 20:24:52,573 [SIM] search_track(2Pac|Died in Your Arms) -> 0 results
2026-03-11 20:24:52,573 [SIM] search_track(2Pac|Fight til the End) -> 0 results
2026-03-11 20:24:52,573 [SIM] search_track(2Pac|Gave You My Heart) -> 0 results
2026-03-11 20:24:52,573 [SIM] search_track(2Pac|In My Heart) -> 0 results
2026-03-11 20:24:52,573 [SIM] search_track(2Pac|Listen to Your Heart) -> 0 results
2026-03-11 20:24:52,573 [SIM] search_track(2Pac|Memories) -> 0 results
2026-03-11 20:24:52,573 [SIM] search_track(2Pac|My Block) -> 0 results
2026-03-11 20:24:52,573 [SIM] search_track(2Pac|Never Had A Friend Like Me) -> 0 results
2026-03-11 20:24:52,573 [SIM] search_track(2Pac|Old School (Lofi)) -> 0 results
2026-03-11 20:24:52,573 [SIM] search_track(2Pac|Punk Police) -> 0 results
2026-03-11 20:24:52,573 [SIM] search_track(2Pac|Remember Me) -> 0 results
2026-03-11 20:24:52,573 [SIM] search_track(2Pac|Scarface) -> 0 results
2026-03-11 20:24:52,573 [SIM] search_track(2Pac|Smile Now Cry Later) -> 0 results
2026-03-11 20:24:52,573 [SIM] search_track(2Pac|Still Love You) -> 0 results
2026-03-11 20:24:52,590 [SIM] search_track(2Pac|The Taking) -> 0 results
2026-03-11 20:24:52,591 [SIM] search_track(2Pac|Trust Me) -> 0 results
2026-03-11 20:24:52,591 [SIM] search_track(2Pac|When I'm Gone (Remix)) -> 0 results
2026-03-11 20:24:52,591 [SIM] search_track(2Pac|My Life Be Like) -> 0 results
2026-03-11 20:24:52,591 [SIM] search_track(2Pac|Real Thugs) -> 0 results
2026-03-11 20:24:52,591 [SIM] search_track(2Pac|Thug Nation) -> 0 results
2026-03-11 20:24:52,591 [SIM] search_track(2Pac|Do You Feel Me) -> 0 results
2026-03-11 20:24:52,591 [SIM] search_track(2Pac|Enemies) -> 0 results
2026-03-11 20:24:52,591 [SIM] search_track(2Pac|I'll Be Missing You) -> 0 results
2026-03-11 20:24:52,591 [SIM] search_track(Eminem|I'm Back (Remix)) -> 0 results
2026-03-11 20:24:52,591 [SIM] search_track(Ice Cube|Built for This) -> 0 results
2026-03-11 20:24:52,591 [SIM] search_track(Ice Cube|West Side Connection) -> 0 results
2026-03-11 20:24:52,591 [SIM] search_track(¡Mayday!|Run Up) -> 0 results
2026-03-11 20:24:52,591 [SIM] search_track($Not|Whipski) -> 0 results
2026-03-11 20:24:52,591 [SIM] search_track(03 Greedo|Substance) -> 0 results
2026-03-11 20:24:52,591 [SIM] search_track(2 Chainz|We Own It (Fast & Furious)) -> 0 results
2026-03-11 20:24:52,591 [SIM] search_track(2KBABY|Luigi) -> 0 results
2026-03-11 20:24:52,591 [SIM] search_track(2KBABY|Like This) -> 0 results
2026-03-11 20:24:52,591 [SIM] search_track(3OH!3|Starstrukk) -> 0 results
2026-03-11 20:24:52,592 [SIM] search_track(4 Non Blondes|What's Up?) -> 0 results
2026-03-11 20:24:52,592 [SIM] search_track(42 Dugg|Hold Me Down) -> 0 results
2026-03-11 20:24:52,592 [SIM] search_track(42 Dugg|4 Da Gang) -> 0 results
2026-03-11 20:24:52,592 [SIM] search_track(48May|Leather and Tattoos) -> 0 results
2026-03-11 20:24:52,592 [SIM] search_track(7th Floor Freeze|Pray II God) -> 0 results
2026-03-11 20:24:52,592 [SIM] search_track(A Boogie wit da Hoodie|Flood My Wrist) -> 0 results
2026-03-11 20:24:52,609 [SIM] search_track(A Boogie wit da Hoodie|Let's Go Away) -> 0 results
2026-03-11 20:24:52,609 [SIM] search_track(A Touch Of Class|Around the World (La La La La La)) -> 0 results
2026-03-11 20:24:52,609 [SIM] search_track(A$AP Rocky|Fashion Killa) -> 0 results
2026-03-11 20:24:52,609 [SIM] search_track(A$AP Rocky|Palace) -> 0 results
2026-03-11 20:24:52,609 [SIM] search_track(A-Jay|Dead Presidents) -> 0 results
2026-03-11 20:24:52,609 [SIM] search_track(A. R. Rahman|Jai Ho! (You Are My Destiny)) -> 0 results
2026-03-11 20:24:52,610 [SIM] search_track(Abhi The Nomad|Good Luck) -> 0 results
2026-03-11 20:24:52,610 [SIM] search_track(Abhi The Nomad|Rockstar) -> 0 results
2026-03-11 20:24:52,610 [SIM] search_track(AFROJACK|Take Over Control) -> 0 results
2026-03-11 20:24:52,610 [SIM] search_track(Air Supply|Making Love Out of Nothing at All) -> 0 results
2026-03-11 20:24:52,610 [SIM] search_track(Alabama 3|Mansion On The Hill) -> 0 results
2026-03-11 20:24:52,610 [SIM] search_track(Alicia Keys|No One) -> 0 results
2026-03-11 20:24:52,610 [SIM] search_track(Alicia Keys|Underdog) -> 0 results
2026-03-11 20:24:52,610 [SIM] search_track(Alien Ant Farm|Smooth Criminal) -> 0 results
2026-03-11 20:24:52,610 [SIM] search_track(Alison Wonderland|U Don’t Know) -> 0 results
2026-03-11 20:24:52,610 [SIM] search_track(American Hi-Fi|Flavor Of The Week) -> 0 results
2026-03-11 20:24:52,610 [SIM] search_track(Amy Winehouse|Rehab) -> 0 results
2026-03-11 20:24:52,610 [SIM] search_track(Anastacia|Sick and Tired) -> 0 results
2026-03-11 20:24:52,610 [SIM] search_track(Andra|Without You) -> 0 results
2026-03-11 20:24:52,610 [SIM] search_track(Andy Grammer|Keep Your Head Up) -> 0 results
2026-03-11 20:24:52,610 [SIM] search_track(Angus & Julia Stone|Big Jet Plane) -> 0 results
2026-03-11 20:24:52,610 [SIM] search_track(Anne-Marie|2002) -> 0 results
2026-03-11 20:24:52,610 [SIM] search_track(Anne-Marie|Alarm) -> 0 results
2026-03-11 20:24:52,610 [SIM] search_track(Anuel AA|Wakanda) -> 0 results
2026-03-11 20:24:52,610 [SIM] search_track(AQUA STONE THRONE|Excellent Choices) -> 0 results
2026-03-11 20:24:52,627 [SIM] search_track(Armani White|BILLIE EILISH.) -> 0 results
2026-03-11 20:24:52,627 [SIM] search_track(AronChupa|I'm an Albatraoz) -> 0 results
2026-03-11 20:24:52,627 [SIM] search_track(Arrested Development|People Everyday) -> 0 results
2026-03-11 20:24:52,627 [SIM] search_track(Ashanti|Foolish) -> 0 results
2026-03-11 20:24:52,628 [SIM] search_track(Ashanti|Body On Me) -> 0 results
2026-03-11 20:24:52,628 [SIM] search_track(ATEEZ|WORK Pt.4 - ATEEZ X G-Eazy) -> 0 results
2026-03-11 20:24:52,628 [SIM] search_track(Atomic Kitten|The Tide Is High) -> 0 results
2026-03-11 20:24:52,628 [SIM] search_track(Ava MakeBelieve|Pass Out) -> 0 results
2026-03-11 20:24:52,628 [SIM] search_track(AWOLNATION|Sail) -> 0 results
2026-03-11 20:24:52,628 [SIM] search_track(B-Lovee|No Secrets) -> 0 results
2026-03-11 20:24:52,628 [SIM] search_track(Baby Bash|Suga Suga) -> 0 results
2026-03-11 20:24:52,628 [SIM] search_track(BABY GRAVY|Super Smash Bros.) -> 0 results
2026-03-11 20:24:52,628 [SIM] search_track(baby jayy|Good Morning) -> 0 results
2026-03-11 20:24:52,628 [SIM] search_track(Baby Keem|ORANGE SODA) -> 0 results
2026-03-11 20:24:52,628 [SIM] search_track(Baby Rich|No Chances (Remix)) -> 0 results
2026-03-11 20:24:52,628 [SIM] search_track(Babyface Ray|Guardian Angel) -> 0 results
2026-03-11 20:24:52,628 [SIM] search_track(Baccara|Yes Sir, I Can Boogie) -> 0 results
2026-03-11 20:24:52,628 [SIM] search_track(Bankrol Hayden|Come Through) -> 0 results
2026-03-11 20:24:52,628 [SIM] search_track(Bas|The Jackie) -> 0 results
2026-03-11 20:24:52,628 [SIM] search_track(Bazanji|Real Me) -> 0 results
2026-03-11 20:24:52,628 [SIM] search_track(Bazzi|Beautiful) -> 0 results
2026-03-11 20:24:52,628 [SIM] search_track(Bazzi|Mine) -> 0 results
2026-03-11 20:24:52,628 [SIM] search_track(bbno$|lil' freak) -> 0 results
2026-03-11 20:24:52,628 [SIM] search_track(Beanie Sigel|Feel It In The Air) -> 0 results
2026-03-11 20:24:52,628 [SIM] search_track(Belly|Better Believe) -> 0 results
2026-03-11 20:24:52,645 [SIM] search_track(Belly|Dust) -> 0 results
2026-03-11 20:24:52,645 [SIM] search_track(Bemax|Sweet Little Bumble Bee) -> 0 results
2026-03-11 20:24:52,646 [SIM] search_track(Benny Benassi|Cinema) -> 0 results
2026-03-11 20:24:52,646 [SIM] search_track(benny blanco|Eastside) -> 0 results
2026-03-11 20:24:52,646 [SIM] search_track(Benny The Butcher|Johnny P's Caddy) -> 0 results
2026-03-11 20:24:52,646 [SIM] search_track(Better Than Ezra|Good) -> 0 results
2026-03-11 20:24:52,646 [SIM] search_track(Big Havi|9 Times Out Of 10) -> 0 results
2026-03-11 20:24:52,646 [SIM] search_track(Big Joe Louis & Soul Investigators|Go-Go Train) -> 0 results
2026-03-11 20:24:52,646 [SIM] search_track(Big Pun|Still Not a Player) -> 0 results
2026-03-11 20:24:52,646 [SIM] search_track(Big Syke|Enjoy N Life) -> 0 results
2026-03-11 20:24:52,646 [SIM] search_track(Big Syke|Good Timez) -> 0 results
2026-03-11 20:24:52,646 [SIM] search_track(BigWalkDog|Love of the Money) -> 0 results
2026-03-11 20:24:52,646 [SIM] search_track(Bill Blass|Thankyou) -> 0 results
2026-03-11 20:24:52,646 [SIM] search_track(Billie Eilish|BIRDS OF A FEATHER) -> 0 results
2026-03-11 20:24:52,646 [SIM] search_track(Billy Idol|Dancing With Myself) -> 0 results
2026-03-11 20:24:52,646 [SIM] search_track(Binki|Landline) -> 0 results
2026-03-11 20:24:52,646 [SIM] search_track(Bizarre|Rockstar) -> 0 results
2026-03-11 20:24:52,646 [SIM] search_track(Bizarre|Coming Home) -> 0 results
2026-03-11 20:24:52,646 [SIM] search_track(Black Yungin'|YA YA YA) -> 0 results
2026-03-11 20:24:52,646 [SIM] search_track(Blackstreet|No Diggity) -> 0 results
2026-03-11 20:24:52,646 [SIM] search_track(Blaine|Bastard) -> 0 results
2026-03-11 20:24:52,646 [SIM] search_track(Blue Oyster Cult|(Don't Fear) The Reaper) -> 0 results
2026-03-11 20:24:52,646 [SIM] search_track(Bluejuice|Broken Leg) -> 0 results
2026-03-11 20:24:52,647 [SIM] search_track(Blxst|Sometimes) -> 0 results
2026-03-11 20:24:52,647 [SIM] search_track(Blxst|Fck Boys) -> 0 results
2026-03-11 20:24:52,663 [SIM] search_track(Bob Marley & The Wailers|Buffalo Soldier) -> 0 results
2026-03-11 20:24:52,664 [SIM] search_track(Bow Wow|Girlfriend) -> 0 results
2026-03-11 20:24:52,664 [SIM] search_track(Brookfield Duece|Fixture) -> 0 results
2026-03-11 20:24:52,664 [SIM] search_track(Bryce Vine|La La Land) -> 0 results
2026-03-11 20:24:52,664 [SIM] search_track(Bryson Tiller|Whatever She Wants) -> 0 results
2026-03-11 20:24:52,664 [SIM] search_track(Bugus|Soft Life) -> 0 results
2026-03-11 20:24:52,664 [SIM] search_track(Busta Rhymes|I Know What You Want) -> 0 results
2026-03-11 20:24:52,664 [SIM] search_track(Busy Signal|Sweet Love (Night Shift)) -> 0 results
2026-03-11 20:24:52,664 [SIM] search_track(Cage The Elephant|Ain't No Rest for the Wicked) -> 0 results
2026-03-11 20:24:52,664 [SIM] search_track(Caleborate|Contact) -> 0 results
2026-03-11 20:24:52,664 [SIM] search_track(Capital STEEZ Archive|Stars) -> 0 results
2026-03-11 20:24:52,664 [SIM] search_track(Caramella Girls|Caramelldansen (Radio Mix)) -> 0 results
2026-03-11 20:24:52,664 [SIM] search_track(Carl Rutherford|Turn off the Fear) -> 0 results
2026-03-11 20:24:52,664 [SIM] search_track(Carly Rae Jepsen|I Really Like You) -> 0 results
2026-03-11 20:24:52,664 [SIM] search_track(Cascada|Evacuate The Dancefloor) -> 0 results
2026-03-11 20:24:52,664 [SIM] search_track(CASE.|Be Like Me) -> 0 results
2026-03-11 20:24:52,664 [SIM] search_track(Cash Cash|Too Late) -> 0 results
2026-03-11 20:24:52,664 [SIM] search_track(CeeLo Green|FU) -> 0 results
2026-03-11 20:24:52,664 [SIM] search_track(Central Cee|Obsessed With You) -> 0 results
2026-03-11 20:24:52,664 [SIM] search_track(Chamillionaire|Ridin') -> 0 results
2026-03-11 20:24:52,665 [SIM] search_track(Chance the Rapper|The Writer) -> 0 results
2026-03-11 20:24:52,665 [SIM] search_track(Charli XCX|360) -> 0 results
2026-03-11 20:24:52,665 [SIM] search_track(Charli XCX|Boom Clap) -> 0 results
2026-03-11 20:24:52,665 [SIM] search_track(Charlie sloth|Get It) -> 0 results
2026-03-11 20:24:52,665 [SIM] search_track(Cher|If I Could Turn Back Time) -> 0 results
2026-03-11 20:24:52,683 [SIM] search_track(Chiddy Bang|Dream Chasin') -> 0 results
2026-03-11 20:24:52,683 [SIM] search_track(Chiddy Bang|Mind Your Manners) -> 0 results
2026-03-11 20:24:52,683 [SIM] search_track(Childish Gambino|Feels Like Summer) -> 0 results
2026-03-11 20:24:52,683 [SIM] search_track(Chingy|Holidae In) -> 0 results
2026-03-11 20:24:52,683 [SIM] search_track(Chini|Heart Beat Fast) -> 0 results
2026-03-11 20:24:52,683 [SIM] search_track(Chris Webby|Flyin) -> 0 results
2026-03-11 20:24:52,683 [SIM] search_track(Ciara|Can't Leave 'Em Alone) -> 0 results
2026-03-11 20:24:52,683 [SIM] search_track(Ciara|Goodies) -> 0 results
2026-03-11 20:24:52,683 [SIM] search_track(City Girls|Act Up) -> 0 results
2026-03-11 20:24:52,683 [SIM] search_track(City Girls|JT First Day Out) -> 0 results
2026-03-11 20:24:52,683 [SIM] search_track(ClariS|Kimi ga iruto) -> 0 results
2026-03-11 20:24:52,683 [SIM] search_track(Cliff Richard|Summer Holiday) -> 0 results
2026-03-11 20:24:52,683 [SIM] search_track(Cochise|KANEKI) -> 0 results
2026-03-11 20:24:52,683 [SIM] search_track(Coi Leray|At The Top) -> 0 results
2026-03-11 20:24:52,683 [SIM] search_track(Colbie Caillat|Brighter Than The Sun) -> 0 results
2026-03-11 20:24:52,683 [SIM] search_track(Colby O'Donis|What You Got) -> 0 results
2026-03-11 20:24:52,684 [SIM] search_track(Connie Francis|Pretty Little Baby (Stereo Mix)) -> 0 results
2026-03-11 20:24:52,684 [SIM] search_track(Conrad Sewell|Healing Hands) -> 0 results
2026-03-11 20:24:52,684 [SIM] search_track(Consequence|Don't Forget 'Em (Remix)) -> 0 results
2026-03-11 20:24:52,684 [SIM] search_track(Courtney Santana|Campfire Freestyle) -> 0 results
2026-03-11 20:24:52,684 [SIM] search_track(Crape|One More Time) -> 0 results
2026-03-11 20:24:52,684 [SIM] search_track(Creed|One Last Breath) -> 0 results
2026-03-11 20:24:52,684 [SIM] search_track(Croosh|My Way) -> 0 results
