2026-03-11 20:51:20,147 === SpotifyPlaylistGen started ===
2026-03-11 20:51:20,164 History backup created: C:\Users\David\GitHubRepos\SpotifyPlaylistGen\data\history.json.bak
2026-03-11 20:51:20,164 Stage 1: Parsing XML library
2026-03-11 20:51:20,875   Found 5471 tracks in library
2026-03-11 20:51:20,875 Stage 2: Connecting to Spotify
2026-03-11 20:51:20,875   Authenticated as: Test User
2026-03-11 20:51:20,875 [SIM] get_playlist_uris() -> 0 URIs
2026-03-11 20:51:20,878 Reconciliation plan: search=4842 add=0 remove=0 recover=604 synced=0 custom=0 exhausted=25
2026-03-11 20:51:20,880 [SIM] add_tracks(604 URIs)
2026-03-11 20:51:20,880   Recovery: 604 succeeded, 0 failed
2026-03-11 20:51:20,880 Stage 3: Searching 4842 tracks
2026-03-11 20:51:20,880 [SIM] search_track(Bliss|Home) -> 0 results
2026-03-11 20:51:20,880 [SIM] search_track(Bliss|Chemical Heart (GEED UP)) -> 0 results
2026-03-11 20:51:20,881 [SIM] search_track(Bone Thugs-N-Harmony|Never Forget Me (Album Version Explicit)) -> 0 results
2026-03-11 20:51:20,881 [SIM] search_track(Boney M|Exodus) -> 0 results
2026-03-11 20:51:20,881 [SIM] search_track(Boney M|Mary's Boy Child) -> 0 results
2026-03-11 20:51:20,881 [SIM] search_track(Calvin Harris|Bounce) -> 0 results
2026-03-11 20:51:20,881 [SIM] search_track(Calvin Harris|Love Now) -> 0 results
2026-03-11 20:51:20,881 [SIM] search_track(Calvin Harris|Open Wide) -> 0 results
2026-03-11 20:51:20,881 [SIM] search_track(Calvin Harris|Outside) -> 0 results
2026-03-11 20:51:20,881 [SIM] search_track(Calvin Harris|Together) -> 0 results
2026-03-11 20:51:20,881 [SIM] search_track(Calvin Harris|Ecstasy) -> 0 results
2026-03-11 20:51:20,881 [SIM] search_track(Calvin Harris|Blame) -> 0 results
2026-03-11 20:51:20,881 [SIM] search_track(Charlie Puth|Marvin Gaye) -> 0 results
2026-03-11 20:51:20,881 [SIM] search_track(Chris Brown|Sensational) -> 0 results
2026-03-11 20:51:20,881 [SIM] search_track(Chris Brown|Possessive) -> 0 results
2026-03-11 20:51:20,881 [SIM] search_track(Chris Brown|Deuces) -> 0 results
2026-03-11 20:51:20,881 [SIM] search_track(Chris Brown|Undrunk) -> 0 results
2026-03-11 20:51:20,881 [SIM] search_track(Clean Bandit|Solo) -> 0 results
2026-03-11 20:51:20,881 [SIM] search_track(Cordae|Chronicles) -> 0 results
2026-03-11 20:51:20,881 [SIM] search_track(Counting Crows|The Ghost In You) -> 0 results
2026-03-11 20:51:20,881 [SIM] search_track(DaBaby|GO) -> 0 results
2026-03-11 20:51:20,882 [SIM] search_track(DaBaby|DROP) -> 0 results
2026-03-11 20:51:20,882 [SIM] search_track(DaBaby|LIGHTSKIN SH*T) -> 0 results
2026-03-11 20:51:20,882 [SIM] search_track(DaBaby|TLC) -> 0 results
2026-03-11 20:51:20,882 [SIM] search_track(DaBaby|iPHONE) -> 0 results
2026-03-11 20:51:20,910 [SIM] search_track(DaBaby|'Essence' Freestyle) -> 0 results
2026-03-11 20:51:20,910 [SIM] search_track(David Guetta|I Can Only Imagine) -> 0 results
2026-03-11 20:51:20,910 [SIM] search_track(David Guetta|Memories) -> 0 results
2026-03-11 20:51:20,910 [SIM] search_track(David Massengill|Fireball) -> 0 results
2026-03-11 20:51:20,910 [SIM] search_track(David Massengill|Jesus's Birthday) -> 0 results
2026-03-11 20:51:20,910 [SIM] search_track(David Massengill|Noah) -> 0 results
2026-03-11 20:51:20,910 [SIM] search_track(David Massengill|Sight See-er) -> 0 results
2026-03-11 20:51:20,910 [SIM] search_track(David Massengill|You and Me) -> 0 results
2026-03-11 20:51:20,910 [SIM] search_track(Dax|Soldier) -> 0 results
2026-03-11 20:51:20,910 [SIM] search_track(Dax|TOXIC (Remix)) -> 0 results
2026-03-11 20:51:20,910 [SIM] search_track(DC The Don|Tonight's The Night) -> 0 results
2026-03-11 20:51:20,910 [SIM] search_track(Diddy|Coming Home) -> 0 results
2026-03-11 20:51:20,910 [SIM] search_track(Diddy|Hello Good Morning) -> 0 results
2026-03-11 20:51:20,910 [SIM] search_track(Diddy|I Need a Girl - Part 2) -> 0 results
2026-03-11 20:51:20,910 [SIM] search_track(Diddy|Victory) -> 0 results
2026-03-11 20:51:20,910 [SIM] search_track(Dizzy Wright|Way Up) -> 0 results
2026-03-11 20:51:20,911 [SIM] search_track(Dizzy Wright|God Body Brothers) -> 0 results
2026-03-11 20:51:20,911 [SIM] search_track(Dizzy Wright|The Matrix) -> 0 results
2026-03-11 20:51:20,911 [SIM] search_track(Dizzy Wright|God Bless America) -> 0 results
2026-03-11 20:51:20,911 [SIM] search_track(DJ Khaled|GOD DID) -> 0 results
2026-03-11 20:51:20,911 [SIM] search_track(DJ Khaled|GRATEFUL) -> 0 results
2026-03-11 20:51:20,911 [SIM] search_track(DJ Khaled|USE THIS GOSPEL) -> 0 results
2026-03-11 20:51:20,911 [SIM] search_track(DJ Khaled|I'm the One) -> 0 results
2026-03-11 20:51:20,911 [SIM] search_track(DJ Khaled|Brother) -> 0 results
2026-03-11 20:51:20,911 [SIM] search_track(Don Toliver|Flocky Flocky) -> 0 results
2026-03-11 20:51:20,937 [SIM] search_track(Dr. Dre|New Day) -> 0 results
2026-03-11 20:51:20,937 [SIM] search_track(Dr. Dre|Gospel) -> 0 results
2026-03-11 20:51:20,937 [SIM] search_track(Dr. Dre|Diamond Mind) -> 0 results
2026-03-11 20:51:20,937 [SIM] search_track(Dr. Dre|ETA) -> 0 results
2026-03-11 20:51:20,938 [SIM] search_track(Drake|Tuscan Leather) -> 0 results
2026-03-11 20:51:20,938 [SIM] search_track(Drake|Hold On, We're Going Home) -> 0 results
2026-03-11 20:51:20,938 [SIM] search_track(Drake|Elevate) -> 0 results
2026-03-11 20:51:20,938 [SIM] search_track(Drake|God's Plan) -> 0 results
2026-03-11 20:51:20,938 [SIM] search_track(Drake|In My Feelings) -> 0 results
2026-03-11 20:51:20,938 [SIM] search_track(Drake|Nice For What) -> 0 results
2026-03-11 20:51:20,938 [SIM] search_track(Drake|Lemon Pepper Freestyle) -> 0 results
2026-03-11 20:51:20,938 [SIM] search_track(Drake|Best I Ever Had) -> 0 results
2026-03-11 20:51:20,938 [SIM] search_track(Drake|Successful) -> 0 results
2026-03-11 20:51:20,938 [SIM] search_track(Drake|Cameras / Good Ones Go Interlude (Medley)) -> 0 results
2026-03-11 20:51:20,938 [SIM] search_track(Drake|Doing It Wrong) -> 0 results
2026-03-11 20:51:20,938 [SIM] search_track(Drake|Headlines) -> 0 results
2026-03-11 20:51:20,938 [SIM] search_track(Drake|Look What You've Done) -> 0 results
2026-03-11 20:51:20,938 [SIM] search_track(Drake|Marvins Room) -> 0 results
2026-03-11 20:51:20,938 [SIM] search_track(Drake|Over My Dead Body) -> 0 results
2026-03-11 20:51:20,938 [SIM] search_track(Drake|Practice) -> 0 results
2026-03-11 20:51:20,938 [SIM] search_track(Drake|Shot For Me) -> 0 results
2026-03-11 20:51:20,938 [SIM] search_track(Drake|The Ride) -> 0 results
2026-03-11 20:51:20,938 [SIM] search_track(Drake|Under Ground Kings) -> 0 results
2026-03-11 20:51:20,938 [SIM] search_track(Drake|We'll Be Fine) -> 0 results
2026-03-11 20:51:20,938 [SIM] search_track(Drake|Buried Alive Interlude) -> 0 results
2026-03-11 20:51:20,964 [SIM] search_track(Drake|HYFR (Hell Ya Fucking Right)) -> 0 results
2026-03-11 20:51:20,965 [SIM] search_track(Drake|The Motto) -> 0 results
2026-03-11 20:51:20,965 [SIM] search_track(Drake|The Real Her) -> 0 results
2026-03-11 20:51:20,965 [SIM] search_track(Drake|Make Me Proud) -> 0 results
2026-03-11 20:51:20,965 [SIM] search_track(Drake|Lord Knows) -> 0 results
2026-03-11 20:51:20,965 [SIM] search_track(Drake|Take Care) -> 0 results
2026-03-11 20:51:20,965 [SIM] search_track(Drake|Crew Love) -> 0 results
2026-03-11 20:51:20,965 [SIM] search_track(Dual Core|All the Things) -> 0 results
2026-03-11 20:51:20,965 [SIM] search_track(Dual Core|Back to Me) -> 0 results
2026-03-11 20:51:20,965 [SIM] search_track(Dual Core|Dangerous Ways) -> 0 results
2026-03-11 20:51:20,965 [SIM] search_track(Dual Core|Farewell) -> 0 results
2026-03-11 20:51:20,965 [SIM] search_track(Dual Core|Hear Them Talking) -> 0 results
2026-03-11 20:51:20,965 [SIM] search_track(Dual Core|Last Writes) -> 0 results
2026-03-11 20:51:20,965 [SIM] search_track(Dual Core|Staring at the Last Star) -> 0 results
2026-03-11 20:51:20,965 [SIM] search_track(Dual Core|Running) -> 0 results
2026-03-11 20:51:20,965 [SIM] search_track(Dual Core|Another Chapter) -> 0 results
2026-03-11 20:51:20,966 [SIM] search_track(Dual Core|Be Okay) -> 0 results
2026-03-11 20:51:20,966 [SIM] search_track(Dual Core|But It Wasn't) -> 0 results
2026-03-11 20:51:20,966 [SIM] search_track(Dual Core|College Days) -> 0 results
2026-03-11 20:51:20,966 [SIM] search_track(Dual Core|Downtime) -> 0 results
2026-03-11 20:51:20,966 [SIM] search_track(Dual Core|Everything Is Alright) -> 0 results
2026-03-11 20:51:20,966 [SIM] search_track(Dual Core|For Aaron) -> 0 results
2026-03-11 20:51:20,966 [SIM] search_track(Dual Core|Grey Skies) -> 0 results
2026-03-11 20:51:20,966 [SIM] search_track(Dual Core|Insane) -> 0 results
2026-03-11 20:51:20,966 [SIM] search_track(Dual Core|Let Go) -> 0 results
2026-03-11 20:51:20,993 [SIM] search_track(Dual Core|Reflection) -> 0 results
2026-03-11 20:51:20,993 [SIM] search_track(Dual Core|Regular Expressions) -> 0 results
2026-03-11 20:51:20,993 [SIM] search_track(Dual Core|ShowerCon) -> 0 results
2026-03-11 20:51:20,993 [SIM] search_track(Dual Core|The Awakening) -> 0 results
2026-03-11 20:51:20,993 [SIM] search_track(Dual Core|The Lights Go Out) -> 0 results
2026-03-11 20:51:20,993 [SIM] search_track(Dual Core|Beginning of the End) -> 0 results
2026-03-11 20:51:20,993 [SIM] search_track(Dual Core|Dual Core) -> 0 results
2026-03-11 20:51:20,993 [SIM] search_track(Dual Core|For Real) -> 0 results
2026-03-11 20:51:20,993 [SIM] search_track(Dual Core|Hold On) -> 0 results
2026-03-11 20:51:20,993 [SIM] search_track(Dual Core|Judgement Day) -> 0 results
2026-03-11 20:51:20,993 [SIM] search_track(Dual Core|My Girlfriend is a Hacker) -> 0 results
2026-03-11 20:51:20,993 [SIM] search_track(Dual Core|Player Vs Player) -> 0 results
2026-03-11 20:51:20,993 [SIM] search_track(Dual Core|Random Bits) -> 0 results
2026-03-11 20:51:20,993 [SIM] search_track(Dual Core|Rock It) -> 0 results
2026-03-11 20:51:20,994 [SIM] search_track(Dual Core|Take It Back) -> 0 results
2026-03-11 20:51:20,994 [SIM] search_track(Dual Core|Take It Forward) -> 0 results
2026-03-11 20:51:20,994 [SIM] search_track(Dual Core|Unplug) -> 0 results
2026-03-11 20:51:20,994 [SIM] search_track(Dual Core|Lost Reality) -> 0 results
2026-03-11 20:51:20,994 [SIM] search_track(Dual Core|Fantastic Four) -> 0 results
2026-03-11 20:51:20,994 [SIM] search_track(Dual Core|Forever) -> 0 results
2026-03-11 20:51:20,994 [SIM] search_track(Dual Core|Kick Back) -> 0 results
2026-03-11 20:51:20,994 [SIM] search_track(Dual Core|Letter to C64) -> 0 results
2026-03-11 20:51:20,994 [SIM] search_track(Dual Core|Life's Work) -> 0 results
2026-03-11 20:51:20,994 [SIM] search_track(Dual Core|Magnificent 7) -> 0 results
2026-03-11 20:51:20,994 [SIM] search_track(Dual Core|Natural 20s) -> 0 results
2026-03-11 20:51:21,020 [SIM] search_track(Dual Core|Painting Pictures) -> 0 results
2026-03-11 20:51:21,020 [SIM] search_track(Dual Core|The Game) -> 0 results
2026-03-11 20:51:21,020 [SIM] search_track(Dual Core|The Hollows) -> 0 results
2026-03-11 20:51:21,020 [SIM] search_track(Dual Core|Here to Help) -> 0 results
2026-03-11 20:51:21,020 [SIM] search_track(Dual Core|I Remember) -> 0 results
2026-03-11 20:51:21,020 [SIM] search_track(Dual Core|10 Hack Commandments) -> 0 results
2026-03-11 20:51:21,020 [SIM] search_track(Dual Core|Dull Boy) -> 0 results
2026-03-11 20:51:21,020 [SIM] search_track(Dual Core|End of the Road) -> 0 results
2026-03-11 20:51:21,020 [SIM] search_track(Dual Core|First One's Free) -> 0 results
2026-03-11 20:51:21,020 [SIM] search_track(Dual Core|Give Me Wings) -> 0 results
2026-03-11 20:51:21,020 [SIM] search_track(Dual Core|Hostage Down) -> 0 results
2026-03-11 20:51:21,020 [SIM] search_track(Dual Core|Light Prototype) -> 0 results
2026-03-11 20:51:21,020 [SIM] search_track(Dual Core|Rule Them All) -> 0 results
2026-03-11 20:51:21,021 [SIM] search_track(Dual Core|The Children's Machine) -> 0 results
2026-03-11 20:51:21,021 [SIM] search_track(Dual Core|Try Space) -> 0 results
2026-03-11 20:51:21,021 [SIM] search_track(Dual Core|Void (No Return)) -> 0 results
2026-03-11 20:51:21,021 [SIM] search_track(Dual Core|War Games) -> 0 results
2026-03-11 20:51:21,021 [SIM] search_track(Dual Core|Cipher Punks) -> 0 results
2026-03-11 20:51:21,021 [SIM] search_track(E-40|Bet You Didn't Know) -> 0 results
2026-03-11 20:51:21,021 [SIM] search_track(E-40|My Everything) -> 0 results
2026-03-11 20:51:21,021 [SIM] search_track(E-40|Blossom) -> 0 results
2026-03-11 20:51:21,021 [SIM] search_track(E-40|Thou Wow) -> 0 results
2026-03-11 20:51:21,021 [SIM] search_track(E-40|1 Question) -> 0 results
2026-03-11 20:51:21,021 [SIM] search_track(E-40|Made This Way) -> 0 results
2026-03-11 20:51:21,021 [SIM] search_track(E-40|Rain On My Parade) -> 0 results
2026-03-11 20:51:21,047 [SIM] search_track(E-40|Choices (Yup)) -> 0 results
2026-03-11 20:51:21,047 [SIM] search_track(E-40|I Stand On That) -> 0 results
2026-03-11 20:51:21,047 [SIM] search_track(Eazy-E|Boyz-N-The-Hood) -> 0 results
2026-03-11 20:51:21,047 [SIM] search_track(Eazy-E|Real Muthaphuckkin' G's) -> 0 results
2026-03-11 20:51:21,047 [SIM] search_track(Eazy-E|Eazy-Duz-It) -> 0 results
2026-03-11 20:51:21,047 [SIM] search_track(Ed Sheeran|You Need Me, I Don't Need You) -> 0 results
2026-03-11 20:51:21,047 [SIM] search_track(Ed Sheeran|Remember The Name) -> 0 results
2026-03-11 20:51:21,048 [SIM] search_track(Ed Sheeran|Eraser) -> 0 results
2026-03-11 20:51:21,048 [SIM] search_track(Ed Sheeran|Perfect) -> 0 results
2026-03-11 20:51:21,048 [SIM] search_track(Ed Sheeran|Shape of You) -> 0 results
2026-03-11 20:51:21,048 [SIM] search_track(Ellie Goulding|Love Me Like You Do) -> 0 results
2026-03-11 20:51:21,048 [SIM] search_track(Ellie Goulding|Still Falling For You) -> 0 results
2026-03-11 20:51:21,048 [SIM] search_track(Ellie Goulding|Close To Me) -> 0 results
2026-03-11 20:51:21,048 [SIM] search_track(Eminem|Farewell) -> 0 results
2026-03-11 20:51:21,048 [SIM] search_track(Eminem|Phenomenal) -> 0 results
2026-03-11 20:51:21,048 [SIM] search_track(Eminem|Kings Never Die) -> 0 results
2026-03-11 20:51:21,048 [SIM] search_track(Eminem|From The D 2 The LBC) -> 0 results
2026-03-11 20:51:21,048 [SIM] search_track(Eminem|Cleanin' Out My Closet) -> 0 results
2026-03-11 20:51:21,048 [SIM] search_track(Eminem|The Real Slim Shady) -> 0 results
2026-03-11 20:51:21,048 [SIM] search_track(Eminem|The Way I Am) -> 0 results
2026-03-11 20:51:21,048 [SIM] search_track(Eminem|When I'm Gone) -> 0 results
2026-03-11 20:51:21,048 [SIM] search_track(Eminem|Stan) -> 0 results
2026-03-11 20:51:21,048 [SIM] search_track(Eminem|Shake That) -> 0 results
2026-03-11 20:51:21,048 [SIM] search_track(Eminem|Ass Like That) -> 0 results
2026-03-11 20:51:21,048 [SIM] search_track(Eminem|Big Weenie) -> 0 results
2026-03-11 20:51:21,074 [SIM] search_track(Eminem|Crazy In Love) -> 0 results
2026-03-11 20:51:21,075 [SIM] search_track(Eminem|Encore) -> 0 results
2026-03-11 20:51:21,075 [SIM] search_track(Eminem|Evil Deeds) -> 0 results
2026-03-11 20:51:21,075 [SIM] search_track(Eminem|Just Lose It) -> 0 results
2026-03-11 20:51:21,075 [SIM] search_track(Eminem|Like Toy Soldiers) -> 0 results
2026-03-11 20:51:21,075 [SIM] search_track(Eminem|Mockingbird) -> 0 results
2026-03-11 20:51:21,075 [SIM] search_track(Eminem|Mosh) -> 0 results
2026-03-11 20:51:21,075 [SIM] search_track(Eminem|Rain Man) -> 0 results
2026-03-11 20:51:21,075 [SIM] search_track(Eminem|Drop the World) -> 0 results
2026-03-11 20:51:21,075 [SIM] search_track(Eminem|Forever) -> 0 results
2026-03-11 20:51:21,075 [SIM] search_track(Eminem|Not Afraid) -> 0 results
2026-03-11 20:51:21,075 [SIM] search_track(Eminem|Fall) -> 0 results
2026-03-11 20:51:21,075 [SIM] search_track(Eminem|Greatest) -> 0 results
2026-03-11 20:51:21,075 [SIM] search_track(Eminem|Normal) -> 0 results
2026-03-11 20:51:21,075 [SIM] search_track(Eminem|Stepping Stone) -> 0 results
2026-03-11 20:51:21,075 [SIM] search_track(Eminem|The Ringer) -> 0 results
2026-03-11 20:51:21,075 [SIM] search_track(Eminem|Venom) -> 0 results
2026-03-11 20:51:21,075 [SIM] search_track(Eminem|Good Guy) -> 0 results
2026-03-11 20:51:21,075 [SIM] search_track(Eminem|Lucky You) -> 0 results
2026-03-11 20:51:21,075 [SIM] search_track(Eminem|Not Alike) -> 0 results
2026-03-11 20:51:21,075 [SIM] search_track(Eminem|In Too Deep) -> 0 results
2026-03-11 20:51:21,076 [SIM] search_track(Eminem|Never Love Again) -> 0 results
2026-03-11 20:51:21,076 [SIM] search_track(Eminem|Godzilla) -> 0 results
2026-03-11 20:51:21,076 [SIM] search_track(Eminem|You Gon’ Learn) -> 0 results
2026-03-11 20:51:21,076 [SIM] search_track(Eminem|Unaccommodating) -> 0 results
2026-03-11 20:51:21,103 [SIM] search_track(Eminem|25 to Life) -> 0 results
2026-03-11 20:51:21,103 [SIM] search_track(Eminem|Almost Famous) -> 0 results
2026-03-11 20:51:21,103 [SIM] search_track(Eminem|Cold Wind Blows) -> 0 results
2026-03-11 20:51:21,103 [SIM] search_track(Eminem|Going Through Changes) -> 0 results
2026-03-11 20:51:21,103 [SIM] search_track(Eminem|On Fire) -> 0 results
2026-03-11 20:51:21,103 [SIM] search_track(Eminem|Ridaz) -> 0 results
2026-03-11 20:51:21,103 [SIM] search_track(Eminem|So Bad) -> 0 results
2026-03-11 20:51:21,103 [SIM] search_track(Eminem|Space Bound) -> 0 results
2026-03-11 20:51:21,103 [SIM] search_track(Eminem|You're Never Over) -> 0 results
2026-03-11 20:51:21,103 [SIM] search_track(Eminem|Love The Way You Lie) -> 0 results
2026-03-11 20:51:21,103 [SIM] search_track(Eminem|Talkin' 2 Myself) -> 0 results
2026-03-11 20:51:21,103 [SIM] search_track(Eminem|No Love) -> 0 results
2026-03-11 20:51:21,103 [SIM] search_track(Eminem|Beautiful) -> 0 results
2026-03-11 20:51:21,104 [SIM] search_track(Eminem|Careful What You Wish For) -> 0 results
2026-03-11 20:51:21,104 [SIM] search_track(Eminem|Elevator) -> 0 results
2026-03-11 20:51:21,104 [SIM] search_track(Eminem|Insane) -> 0 results
2026-03-11 20:51:21,104 [SIM] search_track(Eminem|My Darling) -> 0 results
2026-03-11 20:51:21,104 [SIM] search_track(Eminem|We Made You) -> 0 results
2026-03-11 20:51:21,104 [SIM] search_track(Eminem|Hell Breaks Loose) -> 0 results
2026-03-11 20:51:21,104 [SIM] search_track(Eminem|Old Time's Sake) -> 0 results
2026-03-11 20:51:21,104 [SIM] search_track(Eminem|Crack A Bottle) -> 0 results
2026-03-11 20:51:21,104 [SIM] search_track(Eminem|Arose) -> 0 results
2026-03-11 20:51:21,104 [SIM] search_track(Eminem|Believe) -> 0 results
2026-03-11 20:51:21,104 [SIM] search_track(Eminem|Castle) -> 0 results
2026-03-11 20:51:21,104 [SIM] search_track(Eminem|Framed) -> 0 results
2026-03-11 20:51:21,130 [SIM] search_track(Eminem|Heat) -> 0 results
2026-03-11 20:51:21,130 [SIM] search_track(Eminem|In Your Head) -> 0 results
2026-03-11 20:51:21,130 [SIM] search_track(Eminem|Remind Me) -> 0 results
2026-03-11 20:51:21,131 [SIM] search_track(Eminem|Revival (interlude)) -> 0 results
2026-03-11 20:51:21,131 [SIM] search_track(Eminem|Like Home) -> 0 results
2026-03-11 20:51:21,131 [SIM] search_track(Eminem|Walk on Water) -> 0 results
2026-03-11 20:51:21,131 [SIM] search_track(Eminem|River) -> 0 results
2026-03-11 20:51:21,131 [SIM] search_track(Eminem|Nowhere Fast) -> 0 results
2026-03-11 20:51:21,131 [SIM] search_track(Eminem|Chloraseptic) -> 0 results
2026-03-11 20:51:21,131 [SIM] search_track(Eminem|Need Me) -> 0 results
2026-03-11 20:51:21,131 [SIM] search_track(Eminem|Tragic Endings) -> 0 results
2026-03-11 20:51:21,131 [SIM] search_track(Eminem|Bad Husband) -> 0 results
2026-03-11 20:51:21,131 [SIM] search_track(Eminem|Any Man) -> 0 results
2026-03-11 20:51:21,131 [SIM] search_track(Eminem|Car Freestyle) -> 0 results
2026-03-11 20:51:21,131 [SIM] search_track(Eminem|Eminem vs Papa Doc) -> 0 results
2026-03-11 20:51:21,131 [SIM] search_track(Eminem|Houdini) -> 0 results
2026-03-11 20:51:21,131 [SIM] search_track(Eminem|I Miss You) -> 0 results
2026-03-11 20:51:21,131 [SIM] search_track(Eminem|Infinite) -> 0 results
2026-03-11 20:51:21,131 [SIM] search_track(Eminem|Killshot) -> 0 results
2026-03-11 20:51:21,131 [SIM] search_track(Eminem|Rabbit Run) -> 0 results
2026-03-11 20:51:21,131 [SIM] search_track(Eminem|You Don't Know) -> 0 results
2026-03-11 20:51:21,131 [SIM] search_track(Eminem|Go To Sleep) -> 0 results
2026-03-11 20:51:21,131 [SIM] search_track(Eminem|Killer (Remix)) -> 0 results
2026-03-11 20:51:21,131 [SIM] search_track(Eminem|Guts Over Fear) -> 0 results
2026-03-11 20:51:21,131 [SIM] search_track(Eminem|Emulate) -> 0 results
2026-03-11 20:51:21,158 [SIM] search_track(Eminem|Business) -> 0 results
2026-03-11 20:51:21,158 [SIM] search_track(Eminem|Hailie's Song) -> 0 results
2026-03-11 20:51:21,158 [SIM] search_track(Eminem|My Dad's Gone Crazy) -> 0 results
2026-03-11 20:51:21,158 [SIM] search_track(Eminem|Say Goodbye Hollywood) -> 0 results
2026-03-11 20:51:21,158 [SIM] search_track(Eminem|Sing for the Moment) -> 0 results
2026-03-11 20:51:21,158 [SIM] search_track(Eminem|Soldier) -> 0 results
2026-03-11 20:51:21,158 [SIM] search_track(Eminem|Square Dance) -> 0 results
2026-03-11 20:51:21,158 [SIM] search_track(Eminem|White America) -> 0 results
2026-03-11 20:51:21,159 [SIM] search_track(Eminem|Without Me) -> 0 results
2026-03-11 20:51:21,159 [SIM] search_track(Eminem|Bump Heads) -> 0 results
2026-03-11 20:51:21,159 [SIM] search_track(Eminem|When the Music Stops) -> 0 results
2026-03-11 20:51:21,159 [SIM] search_track(Eminem|Superman) -> 0 results
2026-03-11 20:51:21,159 [SIM] search_track(Eminem|Say What You Say) -> 0 results
2026-03-11 20:51:21,159 [SIM] search_track(Eminem|'Till I Collapse) -> 0 results
2026-03-11 20:51:21,159 [SIM] search_track(Eminem|Drips) -> 0 results
2026-03-11 20:51:21,159 [SIM] search_track(Eminem|Criminal) -> 0 results
2026-03-11 20:51:21,159 [SIM] search_track(Eminem|I'm Back) -> 0 results
2026-03-11 20:51:21,159 [SIM] search_track(Eminem|The Kids) -> 0 results
2026-03-11 20:51:21,159 [SIM] search_track(Eminem|Bitch Please II) -> 0 results
2026-03-11 20:51:21,159 [SIM] search_track(Eminem|Berzerk) -> 0 results
2026-03-11 20:51:21,159 [SIM] search_track(Eminem|Legacy) -> 0 results
2026-03-11 20:51:21,159 [SIM] search_track(Eminem|Rap God) -> 0 results
2026-03-11 20:51:21,159 [SIM] search_track(Eminem|So Much Better) -> 0 results
2026-03-11 20:51:21,159 [SIM] search_track(Eminem|Stronger Than I Was) -> 0 results
2026-03-11 20:51:21,159 [SIM] search_track(Eminem|Survival) -> 0 results
2026-03-11 20:51:21,199 [SIM] search_track(Eminem|Headlights) -> 0 results
2026-03-11 20:51:21,199 [SIM] search_track(Eminem|The Monster) -> 0 results
2026-03-11 20:51:21,199 [SIM] search_track(Eminem|Beautiful Pain) -> 0 results
2026-03-11 20:51:21,199 [SIM] search_track(Eminem|'97 Bonnie & Clyde) -> 0 results
2026-03-11 20:51:21,199 [SIM] search_track(Eminem|As The World Turns) -> 0 results
2026-03-11 20:51:21,199 [SIM] search_track(Eminem|If I Had) -> 0 results
2026-03-11 20:51:21,199 [SIM] search_track(Eminem|My Name Is) -> 0 results
2026-03-11 20:51:21,199 [SIM] search_track(Eminem|Rock Bottom) -> 0 results
2026-03-11 20:51:21,200 [SIM] search_track(Eminem|Role Model) -> 0 results
2026-03-11 20:51:21,200 [SIM] search_track(Eminem|Bad Guys Always Die) -> 0 results
2026-03-11 20:51:21,200 [SIM] search_track(Eminem|Guilty Conscience) -> 0 results
2026-03-11 20:51:21,200 [SIM] search_track(Eminem|Get You Mad) -> 0 results
2026-03-11 20:51:21,200 [SIM] search_track(Enya|Caribbean Blue (2009 Remaster)) -> 0 results
2026-03-11 20:51:21,200 [SIM] search_track(Enya|May It Be) -> 0 results
2026-03-11 20:51:21,200 [SIM] search_track(Enya|One by One) -> 0 results
2026-03-11 20:51:21,200 [SIM] search_track(Enya|Only Time) -> 0 results
2026-03-11 20:51:21,200 [SIM] search_track(Enya|Orinoco Flow (2009 Remaster)) -> 0 results
2026-03-11 20:51:21,200 [SIM] search_track(Enya|Wild Child) -> 0 results
2026-03-11 20:51:21,200 [SIM] search_track(Esoterik|Bless Up) -> 0 results
2026-03-11 20:51:21,200 [SIM] search_track(Esoterik|Fucking With This Shit) -> 0 results
2026-03-11 20:51:21,200 [SIM] search_track(Esoterik|Just For You) -> 0 results
2026-03-11 20:51:21,200 [SIM] search_track(Esoterik|Love Is The Vibe) -> 0 results
2026-03-11 20:51:21,200 [SIM] search_track(Esoterik|Make ‘Em Say) -> 0 results
2026-03-11 20:51:21,200 [SIM] search_track(Esoterik|Stay Fly) -> 0 results
2026-03-11 20:51:21,200 [SIM] search_track(Esoterik|Welcome) -> 0 results
2026-03-11 20:51:21,232 [SIM] search_track(Esoterik|Wide Awake) -> 0 results
2026-03-11 20:51:21,232 [SIM] search_track(Esoterik|Be Like You) -> 0 results
2026-03-11 20:51:21,232 [SIM] search_track(Esoterik|Shapeshifter) -> 0 results
2026-03-11 20:51:21,232 [SIM] search_track(Esoterik|Sunny Days) -> 0 results
2026-03-11 20:51:21,232 [SIM] search_track(Fabolous|Breathe) -> 0 results
2026-03-11 20:51:21,233 [SIM] search_track(Fabolous|Make Me Better) -> 0 results
2026-03-11 20:51:21,233 [SIM] search_track(Fabolous|SAY LESS) -> 0 results
2026-03-11 20:51:21,233 [SIM] search_track(Fabolous|RICH HUSTLE) -> 0 results
2026-03-11 20:51:21,233 [SIM] search_track(Fall Out Boy|I Don't Care) -> 0 results
2026-03-11 20:51:21,233 [SIM] search_track(Fall Out Boy|Thnks fr th Mmrs) -> 0 results
2026-03-11 20:51:21,233 [SIM] search_track(Fall Out Boy|Immortals) -> 0 results
2026-03-11 20:51:21,233 [SIM] search_track(Fall Out Boy|Thriller) -> 0 results
2026-03-11 20:51:21,233 [SIM] search_track(Fergie|Big Girls Don't Cry) -> 0 results
2026-03-11 20:51:21,233 [SIM] search_track(Fergie|Glamorous) -> 0 results
2026-03-11 20:51:21,233 [SIM] search_track(Fergie|Fergalicious) -> 0 results
2026-03-11 20:51:21,233 [SIM] search_track(Fetty Wap|Forever (71943509)) -> 0 results
2026-03-11 20:51:21,233 [SIM] search_track(Fetty Wap|Go Up) -> 0 results
2026-03-11 20:51:21,233 [SIM] search_track(Fetty Wap|Pretty Thang) -> 0 results
2026-03-11 20:51:21,233 [SIM] search_track(Fetty Wap|Trap Queen) -> 0 results
2026-03-11 20:51:21,234 [SIM] search_track(Fetty Wap|Sweet Yamz) -> 0 results
2026-03-11 20:51:21,234 [SIM] search_track(Fetty Wap|At Peace) -> 0 results
2026-03-11 20:51:21,234 [SIM] search_track(Fetty Wap|Feel Me) -> 0 results
2026-03-11 20:51:21,234 [SIM] search_track(Fetty Wap|Got A Bag) -> 0 results
2026-03-11 20:51:21,234 [SIM] search_track(Fetty Wap|Intro) -> 0 results
2026-03-11 20:51:21,234 [SIM] search_track(Fetty Wap|Jack Boy) -> 0 results
2026-03-11 20:51:21,272 [SIM] search_track(Fetty Wap|Milan) -> 0 results
2026-03-11 20:51:21,273 [SIM] search_track(Fetty Wap|Mona Lisa) -> 0 results
2026-03-11 20:51:21,273 [SIM] search_track(Fetty Wap|My Moment) -> 0 results
2026-03-11 20:51:21,273 [SIM] search_track(Fetty Wap|Out The Hood) -> 0 results
2026-03-11 20:51:21,273 [SIM] search_track(Fetty Wap|Outro) -> 0 results
2026-03-11 20:51:21,273 [SIM] search_track(Fetty Wap|Queen) -> 0 results
2026-03-11 20:51:21,273 [SIM] search_track(Fetty Wap|Remember Me) -> 0 results
2026-03-11 20:51:21,273 [SIM] search_track(Fetty Wap|Talk My Shit) -> 0 results
2026-03-11 20:51:21,273 [SIM] search_track(Fetty Wap|That's Facts) -> 0 results
2026-03-11 20:51:21,273 [SIM] search_track(Fetty Wap|The Truth) -> 0 results
2026-03-11 20:51:21,273 [SIM] search_track(Fetty Wap|They Know My Name) -> 0 results
2026-03-11 20:51:21,273 [SIM] search_track(Fetty Wap|Yoshi) -> 0 results
2026-03-11 20:51:21,273 [SIM] search_track(First Signal|Face Your Fears) -> 0 results
2026-03-11 20:51:21,273 [SIM] search_track(First Signal|Shoot the Bullet) -> 0 results
2026-03-11 20:51:21,273 [SIM] search_track(First Signal|Still Pretending) -> 0 results
2026-03-11 20:51:21,273 [SIM] search_track(Flo Rida|My House) -> 0 results
2026-03-11 20:51:21,273 [SIM] search_track(Flo Rida|Once in a Lifetime) -> 0 results
2026-03-11 20:51:21,273 [SIM] search_track(Flo Rida|Wobble) -> 0 results
2026-03-11 20:51:21,273 [SIM] search_track(Flo Rida|R.O.O.T.S.) -> 0 results
2026-03-11 20:51:21,273 [SIM] search_track(Flo Rida|Available) -> 0 results
2026-03-11 20:51:21,273 [SIM] search_track(Flo Rida|Right Round) -> 0 results
2026-03-11 20:51:21,273 [SIM] search_track(Flo Rida|Be on You) -> 0 results
2026-03-11 20:51:21,274 [SIM] search_track(Flo Rida|Birthday) -> 0 results
2026-03-11 20:51:21,274 [SIM] search_track(Flo Rida|Magic) -> 0 results
2026-03-11 20:51:21,274 [SIM] search_track(Flo Rida|Club Can't Handle Me) -> 0 results
2026-03-11 20:51:21,313 [SIM] search_track(Flo Rida|Low) -> 0 results
2026-03-11 20:51:21,313 [SIM] search_track(Flo Rida|Hola) -> 0 results
2026-03-11 20:51:21,313 [SIM] search_track(Flo Rida|Good Feeling) -> 0 results
2026-03-11 20:51:21,313 [SIM] search_track(Flo Rida|I Cry) -> 0 results
2026-03-11 20:51:21,314 [SIM] search_track(Flo Rida|Let It Roll Part 1) -> 0 results
2026-03-11 20:51:21,314 [SIM] search_track(Flo Rida|Whistle) -> 0 results
2026-03-11 20:51:21,314 [SIM] search_track(Flo Rida|Sweet Spot) -> 0 results
2026-03-11 20:51:21,314 [SIM] search_track(Flo Rida|Let It Roll Part 2) -> 0 results
2026-03-11 20:51:21,314 [SIM] search_track(Flo Rida|Wild Ones) -> 0 results
2026-03-11 20:51:21,314 [SIM] search_track(Foreigner|Blue Morning, Blue Day) -> 0 results
2026-03-11 20:51:21,314 [SIM] search_track(Foreigner|Break It Up) -> 0 results
2026-03-11 20:51:21,314 [SIM] search_track(Foreigner|Cold As Ice) -> 0 results
2026-03-11 20:51:21,314 [SIM] search_track(Foreigner|Dirty White Boy) -> 0 results
2026-03-11 20:51:21,314 [SIM] search_track(Foreigner|Double Vision) -> 0 results
2026-03-11 20:51:21,314 [SIM] search_track(Foreigner|Down On Love) -> 0 results
2026-03-11 20:51:21,314 [SIM] search_track(Foreigner|Feels Like The First Time) -> 0 results
2026-03-11 20:51:21,314 [SIM] search_track(Foreigner|Heart Turns To Stone) -> 0 results
2026-03-11 20:51:21,314 [SIM] search_track(Foreigner|Hot Blooded) -> 0 results
2026-03-11 20:51:21,314 [SIM] search_track(Foreigner|I Don't Want To Live Without You) -> 0 results
2026-03-11 20:51:21,314 [SIM] search_track(Foreigner|I Want To Know What Love Is) -> 0 results
2026-03-11 20:51:21,315 [SIM] search_track(Foreigner|Juke Box Hero) -> 0 results
2026-03-11 20:51:21,315 [SIM] search_track(Foreigner|Long, Long Way From Home) -> 0 results
2026-03-11 20:51:21,315 [SIM] search_track(Foreigner|Say You Will) -> 0 results
2026-03-11 20:51:21,315 [SIM] search_track(Foreigner|Starrider) -> 0 results
2026-03-11 20:51:21,315 [SIM] search_track(Foreigner|That Was Yesterday) -> 0 results
2026-03-11 20:51:21,348 [SIM] search_track(Foreigner|Urgent) -> 0 results
2026-03-11 20:51:21,349 [SIM] search_track(Foreigner|Waiting For A Girl Like You) -> 0 results
2026-03-11 20:51:21,349 [SIM] search_track(Foreigner|White Lie) -> 0 results
2026-03-11 20:51:21,349 [SIM] search_track(Fort Minor|Remember the Name) -> 0 results
2026-03-11 20:51:21,349 [SIM] search_track(Fort Minor|Welcome) -> 0 results
2026-03-11 20:51:21,349 [SIM] search_track(Fort Minor|Believe Me) -> 0 results
2026-03-11 20:51:21,349 [SIM] search_track(Fort Minor|Where'd You Go) -> 0 results
2026-03-11 20:51:21,349 [SIM] search_track(Fort Minor|High Road) -> 0 results
2026-03-11 20:51:21,349 [SIM] search_track(Foster Ebayy|Cici Eko) -> 0 results
2026-03-11 20:51:21,349 [SIM] search_track(Foster Ebayy|Loud My Ting) -> 0 results
2026-03-11 20:51:21,349 [SIM] search_track(Foster Ebayy|Mary Jane) -> 0 results
2026-03-11 20:51:21,349 [SIM] search_track(Foster Ebayy|Nwalicha) -> 0 results
2026-03-11 20:51:21,349 [SIM] search_track(Foster Ebayy|11:11) -> 0 results
2026-03-11 20:51:21,349 [SIM] search_track(Foster Ebayy|22:22 (Ascension Interlude)) -> 0 results
2026-03-11 20:51:21,349 [SIM] search_track(Foster Ebayy|Golden Girl) -> 0 results
2026-03-11 20:51:21,350 [SIM] search_track(Foster Ebayy|Indigo Waters) -> 0 results
2026-03-11 20:51:21,350 [SIM] search_track(Foster Ebayy|Love Vibration) -> 0 results
2026-03-11 20:51:21,350 [SIM] search_track(Foster Ebayy|Lovers In Nibiru) -> 0 results
2026-03-11 20:51:21,350 [SIM] search_track(Foster Ebayy|Midnight Rhythm) -> 0 results
2026-03-11 20:51:21,350 [SIM] search_track(Foster Ebayy|Mr. Lover) -> 0 results
2026-03-11 20:51:21,350 [SIM] search_track(Foster Ebayy|5th Dimension) -> 0 results
2026-03-11 20:51:21,350 [SIM] search_track(Foster Ebayy|Biko) -> 0 results
2026-03-11 20:51:21,351 [SIM] search_track(Foster Ebayy|Etherics) -> 0 results
2026-03-11 20:51:21,351 [SIM] search_track(Foster Ebayy|Good Vibes) -> 0 results
2026-03-11 20:51:21,351 [SIM] search_track(Foster Ebayy|Love Language) -> 0 results
2026-03-11 20:51:21,381 [SIM] search_track(Foster Ebayy|No Pressure) -> 0 results
2026-03-11 20:51:21,382 [SIM] search_track(Foster Ebayy|Nobody) -> 0 results
2026-03-11 20:51:21,382 [SIM] search_track(Foster Ebayy|Orange Juice) -> 0 results
2026-03-11 20:51:21,382 [SIM] search_track(Foster Ebayy|Relax & Settle) -> 0 results
2026-03-11 20:51:21,382 [SIM] search_track(Foster Ebayy|Shine) -> 0 results
2026-03-11 20:51:21,382 [SIM] search_track(Foster Ebayy|Unity) -> 0 results
2026-03-11 20:51:21,382 [SIM] search_track(Foster Ebayy|We Are The Lights) -> 0 results
2026-03-11 20:51:21,382 [SIM] search_track(Foster Ebayy|2020) -> 0 results
2026-03-11 20:51:21,382 [SIM] search_track(Foster Ebayy|4th February) -> 0 results
2026-03-11 20:51:21,382 [SIM] search_track(Foster Ebayy|999) -> 0 results
2026-03-11 20:51:21,382 [SIM] search_track(Foster Ebayy|Attention (Interlude)) -> 0 results
2026-03-11 20:51:21,382 [SIM] search_track(Foster Ebayy|Baya) -> 0 results
2026-03-11 20:51:21,382 [SIM] search_track(Foster Ebayy|Can't Let You Go) -> 0 results
2026-03-11 20:51:21,382 [SIM] search_track(Foster Ebayy|Fine Wine) -> 0 results
2026-03-11 20:51:21,382 [SIM] search_track(Foster Ebayy|Foreign Time) -> 0 results
2026-03-11 20:51:21,382 [SIM] search_track(Foster Ebayy|Formation) -> 0 results
2026-03-11 20:51:21,382 [SIM] search_track(Foster Ebayy|Ghetto Love) -> 0 results
2026-03-11 20:51:21,382 [SIM] search_track(Foster Ebayy|Guanmama) -> 0 results
2026-03-11 20:51:21,383 [SIM] search_track(Foster Ebayy|Heavenly) -> 0 results
2026-03-11 20:51:21,383 [SIM] search_track(Foster Ebayy|How I Feel) -> 0 results
2026-03-11 20:51:21,383 [SIM] search_track(Foster Ebayy|Inside Outside) -> 0 results
2026-03-11 20:51:21,383 [SIM] search_track(Foster Ebayy|Love That Never Stops) -> 0 results
2026-03-11 20:51:21,383 [SIM] search_track(Foster Ebayy|Magical Tune) -> 0 results
2026-03-11 20:51:21,383 [SIM] search_track(Foster Ebayy|Midnight Cruise) -> 0 results
2026-03-11 20:51:21,383 [SIM] search_track(Foster Ebayy|My Life) -> 0 results
2026-03-11 20:51:21,410 [SIM] search_track(Foster Ebayy|Nebula Ultra) -> 0 results
2026-03-11 20:51:21,410 [SIM] search_track(Foster Ebayy|No Balance) -> 0 results
2026-03-11 20:51:21,410 [SIM] search_track(Foster Ebayy|Nova) -> 0 results
2026-03-11 20:51:21,410 [SIM] search_track(Foster Ebayy|Odo) -> 0 results
2026-03-11 20:51:21,410 [SIM] search_track(Foster Ebayy|Polaris) -> 0 results
2026-03-11 20:51:21,410 [SIM] search_track(Foster Ebayy|Price Of Love) -> 0 results
2026-03-11 20:51:21,410 [SIM] search_track(Foster Ebayy|Purple Flowers) -> 0 results
2026-03-11 20:51:21,410 [SIM] search_track(Foster Ebayy|Santa Monica) -> 0 results
2026-03-11 20:51:21,410 [SIM] search_track(Foster Ebayy|Senseless) -> 0 results
2026-03-11 20:51:21,410 [SIM] search_track(Foster Ebayy|Sounds From The Stereo) -> 0 results
2026-03-11 20:51:21,410 [SIM] search_track(Foster Ebayy|Switch) -> 0 results
2026-03-11 20:51:21,410 [SIM] search_track(Foster Ebayy|Tempo (69)) -> 0 results
2026-03-11 20:51:21,411 [SIM] search_track(Foster Ebayy|The Bounce) -> 0 results
2026-03-11 20:51:21,411 [SIM] search_track(Foster Ebayy|Twin Flame) -> 0 results
2026-03-11 20:51:21,411 [SIM] search_track(Foster Ebayy|Your Soul) -> 0 results
2026-03-11 20:51:21,411 [SIM] search_track(Foster Ebayy|Zero Point) -> 0 results
2026-03-11 20:51:21,411 [SIM] search_track(Foxy Shazam|Count Me Out) -> 0 results
2026-03-11 20:51:21,411 [SIM] search_track(Foxy Shazam|Killin' It) -> 0 results
2026-03-11 20:51:21,411 [SIM] search_track(Foxy Shazam|Oh Lord) -> 0 results
2026-03-11 20:51:21,411 [SIM] search_track(Foxy Shazam|Wanna-be Angel) -> 0 results
2026-03-11 20:51:21,411 [SIM] search_track(Foxy Shazam|Dreamer) -> 0 results
2026-03-11 20:51:21,411 [SIM] search_track(Fr33sol|Paint The Picture) -> 0 results
2026-03-11 20:51:21,411 [SIM] search_track(Fr33sol|Ma'at) -> 0 results
2026-03-11 20:51:21,411 [SIM] search_track(Fr33sol|Spirit's Warriors) -> 0 results
2026-03-11 20:51:21,411 [SIM] search_track(Fr33sol|Wildman) -> 0 results
2026-03-11 20:51:21,439 [SIM] search_track(Fr33sol|Affirmation) -> 0 results
2026-03-11 20:51:21,439 [SIM] search_track(Fr33sol|Always In Alignment) -> 0 results
2026-03-11 20:51:21,439 [SIM] search_track(Fr33sol|Amazing) -> 0 results
2026-03-11 20:51:21,439 [SIM] search_track(Fr33sol|Crystal Clear) -> 0 results
2026-03-11 20:51:21,439 [SIM] search_track(Fr33sol|Devoted) -> 0 results
2026-03-11 20:51:21,439 [SIM] search_track(Fr33sol|Heavy Is The Head) -> 0 results
2026-03-11 20:51:21,439 [SIM] search_track(Fr33sol|Playing For Keeps) -> 0 results
2026-03-11 20:51:21,439 [SIM] search_track(Fr33sol|Second To None) -> 0 results
2026-03-11 20:51:21,439 [SIM] search_track(Fr33sol|Sound Of Our Triumph) -> 0 results
2026-03-11 20:51:21,439 [SIM] search_track(Fr33sol|The Road Less Traveled) -> 0 results
2026-03-11 20:51:21,439 [SIM] search_track(Fr33sol|Off The Leash) -> 0 results
2026-03-11 20:51:21,439 [SIM] search_track(Fr33sol|Plottin On A Mil) -> 0 results
2026-03-11 20:51:21,439 [SIM] search_track(Fr33sol|4MyNegus (Remix)) -> 0 results
2026-03-11 20:51:21,439 [SIM] search_track(Fr33sol|Godking) -> 0 results
2026-03-11 20:51:21,439 [SIM] search_track(Fr33sol|Blossom) -> 0 results
2026-03-11 20:51:21,439 [SIM] search_track(Fr33sol|The Journey) -> 0 results
2026-03-11 20:51:21,439 [SIM] search_track(Frank Sinatra|Bad Leroy Brown) -> 0 results
2026-03-11 20:51:21,440 [SIM] search_track(Frank Sinatra|For Once In My Life) -> 0 results
2026-03-11 20:51:21,440 [SIM] search_track(Frank Sinatra|I Get a Kick Out of You) -> 0 results
2026-03-11 20:51:21,440 [SIM] search_track(Frank Sinatra|Moon River) -> 0 results
2026-03-11 20:51:21,440 [SIM] search_track(Frank Sinatra|Mrs. Robinson) -> 0 results
2026-03-11 20:51:21,440 [SIM] search_track(Frank Sinatra|My Way) -> 0 results
2026-03-11 20:51:21,440 [SIM] search_track(Frank Sinatra|New York) -> 0 results
2026-03-11 20:51:21,440 [SIM] search_track(Frank Sinatra|Ol' Man River) -> 0 results
2026-03-11 20:51:21,440 [SIM] search_track(Frank Sinatra|Something Stupid) -> 0 results
2026-03-11 20:51:21,467 [SIM] search_track(Frank Sinatra|Strangers in the Night) -> 0 results
2026-03-11 20:51:21,467 [SIM] search_track(Frank Sinatra|Summer Wind) -> 0 results
2026-03-11 20:51:21,467 [SIM] search_track(Frank Sinatra|That's Life) -> 0 results
2026-03-11 20:51:21,467 [SIM] search_track(Frank Sinatra|The Girl From Ipanema) -> 0 results
2026-03-11 20:51:21,467 [SIM] search_track(Frank Sinatra|The Lady Is A Tramp) -> 0 results
2026-03-11 20:51:21,467 [SIM] search_track(Frank Sinatra|What Now My Love) -> 0 results
2026-03-11 20:51:21,467 [SIM] search_track(Frank Sinatra|Yesterday) -> 0 results
2026-03-11 20:51:21,467 [SIM] search_track(Frank Sinatra|All the Way) -> 0 results
2026-03-11 20:51:21,468 [SIM] search_track(Frank Sinatra|Call Me) -> 0 results
2026-03-11 20:51:21,468 [SIM] search_track(Frank Sinatra|I've Got You Under My Skin) -> 0 results
2026-03-11 20:51:21,468 [SIM] search_track(Frank Sinatra|It Was A Very Good Year) -> 0 results
2026-03-11 20:51:21,468 [SIM] search_track(Frank Sinatra|The Look of Love) -> 0 results
2026-03-11 20:51:21,468 [SIM] search_track(Frank Sinatra|They Can't Take That Away From Me) -> 0 results
2026-03-11 20:51:21,468 [SIM] search_track(Frank Sinatra|Let It Snow) -> 0 results
2026-03-11 20:51:21,468 [SIM] search_track(Frank Sinatra|Luck be a Lady) -> 0 results
2026-03-11 20:51:21,468 [SIM] search_track(French Montana|Keep It Real) -> 0 results
2026-03-11 20:51:21,468 [SIM] search_track(French Montana|Kind of Girl) -> 0 results
2026-03-11 20:51:21,468 [SIM] search_track(French Montana|Wiggle It) -> 0 results
2026-03-11 20:51:21,468 [SIM] search_track(French Montana|Hot Boy Bling) -> 0 results
2026-03-11 20:51:21,468 [SIM] search_track(French Montana|Writing on the Wall) -> 0 results
2026-03-11 20:51:21,468 [SIM] search_track(French Montana|Blue Chills) -> 0 results
2026-03-11 20:51:21,468 [SIM] search_track(Fresco Trey|24 Hours) -> 0 results
2026-03-11 20:51:21,468 [SIM] search_track(Fresco Trey|Alone) -> 0 results
2026-03-11 20:51:21,468 [SIM] search_track(Fresco Trey|Couple Hunnid) -> 0 results
2026-03-11 20:51:21,468 [SIM] search_track(Fresco Trey|Key To My Heart) -> 0 results
2026-03-11 20:51:21,495 [SIM] search_track(Fresco Trey|Need You) -> 0 results
2026-03-11 20:51:21,495 [SIM] search_track(Fresco Trey|Not No Mo) -> 0 results
2026-03-11 20:51:21,495 [SIM] search_track(Fresco Trey|Same) -> 0 results
2026-03-11 20:51:21,495 [SIM] search_track(Fresco Trey|Enjoy It) -> 0 results
2026-03-11 20:51:21,496 [SIM] search_track(Fresco Trey|Got You) -> 0 results
2026-03-11 20:51:21,496 [SIM] search_track(Future|Mask Off) -> 0 results
2026-03-11 20:51:21,496 [SIM] search_track(Future|Fine China) -> 0 results
2026-03-11 20:51:21,496 [SIM] search_track(Future|Hard Work Pays Off) -> 0 results
2026-03-11 20:51:21,496 [SIM] search_track(Future|Luv Bad Bitches) -> 0 results
2026-03-11 20:51:21,496 [SIM] search_track(G-Eazy|Nada) -> 0 results
2026-03-11 20:51:21,496 [SIM] search_track(G-Eazy|Provide) -> 0 results
2026-03-11 20:51:21,496 [SIM] search_track(G-Eazy|Summer In December) -> 0 results
2026-03-11 20:51:21,496 [SIM] search_track(G-Eazy|Charles Brown) -> 0 results
2026-03-11 20:51:21,496 [SIM] search_track(G-Eazy|Him & I) -> 0 results
2026-03-11 20:51:21,496 [SIM] search_track(G-Eazy|Boss Tycoon) -> 0 results
2026-03-11 20:51:21,496 [SIM] search_track(G-Eazy|Mama Always Told Me) -> 0 results
2026-03-11 20:51:21,496 [SIM] search_track(G-Eazy|No Less) -> 0 results
2026-03-11 20:51:21,496 [SIM] search_track(G-Eazy|Fly Away) -> 0 results
2026-03-11 20:51:21,496 [SIM] search_track(G-Eazy|Just Believe) -> 0 results
2026-03-11 20:51:21,496 [SIM] search_track(G-Eazy|Remember You) -> 0 results
2026-03-11 20:51:21,496 [SIM] search_track(G-Eazy|Tumblr Girls) -> 0 results
2026-03-11 20:51:21,496 [SIM] search_track(G-Eazy|Far Alone) -> 0 results
2026-03-11 20:51:21,496 [SIM] search_track(G-Eazy|I Mean It) -> 0 results
2026-03-11 20:51:21,496 [SIM] search_track(G-Eazy|Me, Myself & I) -> 0 results
2026-03-11 20:51:21,496 [SIM] search_track(G-Eazy|Lifestyles of the Rich & Hated) -> 0 results
2026-03-11 20:51:21,526 [SIM] search_track(G-Eazy|Of All Things) -> 0 results
2026-03-11 20:51:21,526 [SIM] search_track(Green Day|21 Guns) -> 0 results
2026-03-11 20:51:21,526 [SIM] search_track(Green Day|Boulevard of Broken Dreams) -> 0 results
2026-03-11 20:51:21,527 [SIM] search_track(Green Day|Good Riddance (Time of Your Life)) -> 0 results
2026-03-11 20:51:21,527 [SIM] search_track(Green Day|Wake Me up When September Ends) -> 0 results
2026-03-11 20:51:21,527 [SIM] search_track(Green Day|21st Century Breakdown) -> 0 results
2026-03-11 20:51:21,527 [SIM] search_track(Gunna|on one tonight) -> 0 results
2026-03-11 20:51:21,527 [SIM] search_track(Gunna|one of wun) -> 0 results
2026-03-11 20:51:21,527 [SIM] search_track(Gunna|SKYBOX) -> 0 results
2026-03-11 20:51:21,527 [SIM] search_track(Gunna|Who You Foolin) -> 0 results
2026-03-11 20:51:21,527 [SIM] search_track(Gunna|WUNNA) -> 0 results
2026-03-11 20:51:21,527 [SIM] search_track(Gunna|DOLLAZ ON MY HEAD) -> 0 results
2026-03-11 20:51:21,527 [SIM] search_track(Gym Class Heroes|Cupid's Chokehold) -> 0 results
2026-03-11 20:51:21,527 [SIM] search_track(Gym Class Heroes|The Fighter) -> 0 results
2026-03-11 20:51:21,527 [SIM] search_track(Gym Class Heroes|Stereo Hearts) -> 0 results
2026-03-11 20:51:21,527 [SIM] search_track(Gym Class Heroes|Ass Back Home) -> 0 results
2026-03-11 20:51:21,527 [SIM] search_track(H.E.A.T|Dangerous Ground) -> 0 results
2026-03-11 20:51:21,527 [SIM] search_track(H.E.A.T|One by One) -> 0 results
2026-03-11 20:51:21,527 [SIM] search_track(H.E.A.T|1000 Miles) -> 0 results
2026-03-11 20:51:21,527 [SIM] search_track(H.E.A.T|A Shot At Redemption) -> 0 results
2026-03-11 20:51:21,527 [SIM] search_track(H.E.A.T|Back to the Rhythm) -> 0 results
2026-03-11 20:51:21,527 [SIM] search_track(Hardcore Superstar|Liberation) -> 0 results
2026-03-11 20:51:21,527 [SIM] search_track(Hardcore Superstar|Someone Special) -> 0 results
2026-03-11 20:51:21,527 [SIM] search_track(Hardcore Superstar|Above the Law) -> 0 results
2026-03-11 20:51:21,527 [SIM] search_track(Hardcore Superstar|We Don't Celebrate Sundays) -> 0 results
2026-03-11 20:51:21,554 [SIM] search_track(Hardcore Superstar|We Don't Need a Cure) -> 0 results
2026-03-11 20:51:21,554 [SIM] search_track(Hardcore Superstar|You Can't Kill My Rock 'n Roll) -> 0 results
2026-03-11 20:51:21,555 [SIM] search_track(Hardcore Superstar|Guestlist) -> 0 results
2026-03-11 20:51:21,555 [SIM] search_track(Hardcore Superstar|Last Call for Alcohol) -> 0 results
2026-03-11 20:51:21,555 [SIM] search_track(Hardcore Superstar|Moonshine) -> 0 results
2026-03-11 20:51:21,555 [SIM] search_track(Hilary Duff|All About You) -> 0 results
2026-03-11 20:51:21,555 [SIM] search_track(Hilary Duff|Come Clean) -> 0 results
2026-03-11 20:51:21,555 [SIM] search_track(Hilary Duff|So Yesterday) -> 0 results
2026-03-11 20:51:21,555 [SIM] search_track(Hilary Duff|Why Not) -> 0 results
2026-03-11 20:51:21,555 [SIM] search_track(Hilltop Hoods|Cosby Sweater) -> 0 results
2026-03-11 20:51:21,555 [SIM] search_track(Hilltop Hoods|Still Standing) -> 0 results
2026-03-11 20:51:21,555 [SIM] search_track(Hilltop Hoods|The Nosebleed Section) -> 0 results
2026-03-11 20:51:21,555 [SIM] search_track(Hilltop Hoods|Live And Let Go) -> 0 results
2026-03-11 20:51:21,555 [SIM] search_track(Hilltop Hoods|I Love It) -> 0 results
2026-03-11 20:51:21,555 [SIM] search_track(Hopsin|Dream Forever) -> 0 results
2026-03-11 20:51:21,555 [SIM] search_track(Hopsin|Hop is Back) -> 0 results
2026-03-11 20:51:21,555 [SIM] search_track(Hopsin|What's My Purpose) -> 0 results
2026-03-11 20:51:21,555 [SIM] search_track(Hopsin|Cute In A Suit (Skit)) -> 0 results
2026-03-11 20:51:21,555 [SIM] search_track(Hopsin|Happy Ending) -> 0 results
2026-03-11 20:51:21,555 [SIM] search_track(Hopsin|Hotel In Sydney) -> 0 results
2026-03-11 20:51:21,555 [SIM] search_track(Hopsin|I Must Be On Somethin) -> 0 results
2026-03-11 20:51:21,555 [SIM] search_track(Hopsin|I Wouldn't Do That) -> 0 results
2026-03-11 20:51:21,556 [SIM] search_track(Hopsin|Ill Mind Of Hopsin 9) -> 0 results
2026-03-11 20:51:21,556 [SIM] search_track(Hopsin|Money On The Side) -> 0 results
2026-03-11 20:51:21,556 [SIM] search_track(Hopsin|No Words 2 (Skit)) -> 0 results
2026-03-11 20:51:21,583 [SIM] search_track(Hopsin|Right Here) -> 0 results
2026-03-11 20:51:21,583 [SIM] search_track(Hopsin|Tell'em Who You Got It From) -> 0 results
2026-03-11 20:51:21,584 [SIM] search_track(Hopsin|The Purge) -> 0 results
2026-03-11 20:51:21,584 [SIM] search_track(Hopsin|Twisted) -> 0 results
2026-03-11 20:51:21,584 [SIM] search_track(Hopsin|Witch Doctor) -> 0 results
2026-03-11 20:51:21,584 [SIM] search_track(Hopsin|Black Sheep) -> 0 results
2026-03-11 20:51:21,584 [SIM] search_track(Hopsin|Panorama City) -> 0 results
2026-03-11 20:51:21,584 [SIM] search_track(Hopsin|Marcus's Gospel) -> 0 results
2026-03-11 20:51:21,584 [SIM] search_track(Hopsin|Fly) -> 0 results
2026-03-11 20:51:21,584 [SIM] search_track(Hopsin|Ill Mind of Hopsin 7) -> 0 results
2026-03-11 20:51:21,584 [SIM] search_track(Hopsin|Fort Collins) -> 0 results
2026-03-11 20:51:21,584 [SIM] search_track(Hopsin|All Your Fault) -> 0 results
2026-03-11 20:51:21,584 [SIM] search_track(Hopsin|Alone With Me) -> 0 results
2026-03-11 20:51:21,584 [SIM] search_track(Hopsin|Be11a Ciao) -> 0 results
2026-03-11 20:51:21,584 [SIM] search_track(Hopsin|Die This Way) -> 0 results
2026-03-11 20:51:21,584 [SIM] search_track(Hopsin|Have You Seen Me) -> 0 results
2026-03-11 20:51:21,584 [SIM] search_track(Hopsin|I Don't Want It) -> 0 results
2026-03-11 20:51:21,584 [SIM] search_track(Hopsin|Ill Mind of Hopsin 5) -> 0 results
2026-03-11 20:51:21,584 [SIM] search_track(Hopsin|Ill Mind of Hopsin 8) -> 0 results
2026-03-11 20:51:21,584 [SIM] search_track(Hopsin|Low-Key) -> 0 results
2026-03-11 20:51:21,584 [SIM] search_track(Hopsin|Nocturnal Rainbows) -> 0 results
2026-03-11 20:51:21,584 [SIM] search_track(Hopsin|Picasso) -> 0 results
2026-03-11 20:51:21,584 [SIM] search_track(Hopsin|Sag My Pants) -> 0 results
2026-03-11 20:51:21,584 [SIM] search_track(Hopsin|The Old Us) -> 0 results
2026-03-11 20:51:21,585 [SIM] search_track(Hopsin|You Should've Known) -> 0 results
2026-03-11 20:51:21,612 [SIM] search_track(Hotboii|Live Life Die Faster) -> 0 results
2026-03-11 20:51:21,612 [SIM] search_track(Hotboii|Nobody Special) -> 0 results
2026-03-11 20:51:21,612 [SIM] search_track(Hotboii|Out The Mud) -> 0 results
2026-03-11 20:51:21,612 [SIM] search_track(Hotboii|Doctor) -> 0 results
2026-03-11 20:51:21,612 [SIM] search_track(Iamsu!|Feel Alright) -> 0 results
2026-03-11 20:51:21,612 [SIM] search_track(Iamsu!|Flows, Pt. 3) -> 0 results
2026-03-11 20:51:21,612 [SIM] search_track(Iamsu!|Wavy) -> 0 results
2026-03-11 20:51:21,612 [SIM] search_track(Iamsu!|Guitar Bars) -> 0 results
2026-03-11 20:51:21,612 [SIM] search_track(Iamsu!|Checks) -> 0 results
2026-03-11 20:51:21,612 [SIM] search_track(Iamsu!|By My Side) -> 0 results
2026-03-11 20:51:21,612 [SIM] search_track(Iamsu!|Turnt Up Not Burnt Up) -> 0 results
2026-03-11 20:51:21,612 [SIM] search_track(Iamsu!|Never Goin' Broke) -> 0 results
2026-03-11 20:51:21,612 [SIM] search_track(iann dior|Good Day) -> 0 results
2026-03-11 20:51:21,612 [SIM] search_track(iann dior|let you) -> 0 results
2026-03-11 20:51:21,613 [SIM] search_track(iann dior|TATTOOS & U) -> 0 results
2026-03-11 20:51:21,613 [SIM] search_track(iann dior|Next 2 You) -> 0 results
2026-03-11 20:51:21,613 [SIM] search_track(iann dior|First Time) -> 0 results
2026-03-11 20:51:21,613 [SIM] search_track(iann dior|V12) -> 0 results
2026-03-11 20:51:21,613 [SIM] search_track(iann dior|gone girl) -> 0 results
2026-03-11 20:51:21,613 [SIM] search_track(Ice Cube|Doing Dumb Shit) -> 0 results
2026-03-11 20:51:21,613 [SIM] search_track(Ice Cube|Dominate The Weak) -> 0 results
2026-03-11 20:51:21,613 [SIM] search_track(Ice Cube|No Vaseline) -> 0 results
2026-03-11 20:51:21,613 [SIM] search_track(Ice Cube|Trying To Maintain) -> 0 results
2026-03-11 20:51:21,613 [SIM] search_track(Ice Cube|Arrest The President) -> 0 results
2026-03-11 20:51:21,613 [SIM] search_track(Ice Cube|Bad Dope) -> 0 results
2026-03-11 20:51:21,640 [SIM] search_track(Ice Cube|Can You Dig It?) -> 0 results
2026-03-11 20:51:21,640 [SIM] search_track(Ice Cube|Chase Down The Bully) -> 0 results
2026-03-11 20:51:21,640 [SIM] search_track(Ice Cube|Don't Bring Me No Bag) -> 0 results
2026-03-11 20:51:21,640 [SIM] search_track(Ice Cube|Everythangs Corrupt) -> 0 results
2026-03-11 20:51:21,640 [SIM] search_track(Ice Cube|Fire Water) -> 0 results
2026-03-11 20:51:21,640 [SIM] search_track(Ice Cube|Non Believers) -> 0 results
2026-03-11 20:51:21,640 [SIM] search_track(Ice Cube|On Them Pills) -> 0 results
2026-03-11 20:51:21,640 [SIM] search_track(Ice Cube|One For The Money) -> 0 results
2026-03-11 20:51:21,640 [SIM] search_track(Ice Cube|Still In The Kitchen) -> 0 results
2026-03-11 20:51:21,640 [SIM] search_track(Ice Cube|Streets Shed Tears) -> 0 results
2026-03-11 20:51:21,641 [SIM] search_track(Ice Cube|Super OG) -> 0 results
2026-03-11 20:51:21,641 [SIM] search_track(Ice Cube|That New Funkadelic) -> 0 results
2026-03-11 20:51:21,641 [SIM] search_track(Ice Cube|Ain't Got No Haters) -> 0 results
2026-03-11 20:51:21,641 [SIM] search_track(Ice Cube|Bow Down) -> 0 results
2026-03-11 20:51:21,641 [SIM] search_track(Ice Cube|It Was A Good Day) -> 0 results
2026-03-11 20:51:21,641 [SIM] search_track(Ice Cube|You Know How We Do It) -> 0 results
2026-03-11 20:51:21,641 [SIM] search_track(Ice Cube|Check Yo Self) -> 0 results
2026-03-11 20:51:21,641 [SIM] search_track(Ice Cube|Ghetto Story) -> 0 results
2026-03-11 20:51:21,641 [SIM] search_track(Ice Cube|It's My Ego) -> 0 results
2026-03-11 20:51:21,641 [SIM] search_track(Ice Cube|Rollin' At Twilight) -> 0 results
2026-03-11 20:51:21,641 [SIM] search_track(Ice Cube|So Sensitive) -> 0 results
2026-03-11 20:51:21,641 [SIM] search_track(Ice Cube|Take Me to Your Leader) -> 0 results
2026-03-11 20:51:21,641 [SIM] search_track(Ice Cube|Ego Maniacs) -> 0 results
2026-03-11 20:51:21,641 [SIM] search_track(Ice Cube|Do Ya Thang) -> 0 results
2026-03-11 20:51:21,641 [SIM] search_track(Ice Cube|Gangsta Rap Made Me Do It) -> 0 results
2026-03-11 20:51:21,668 [SIM] search_track(Ice Cube|Stand Tall) -> 0 results
2026-03-11 20:51:21,668 [SIM] search_track(Ice Cube|Until We Rich) -> 0 results
2026-03-11 20:51:21,668 [SIM] search_track(Iggy Azalea|Bounce) -> 0 results
2026-03-11 20:51:21,668 [SIM] search_track(Iggy Azalea|Work) -> 0 results
2026-03-11 20:51:21,668 [SIM] search_track(Iggy Azalea|Fancy) -> 0 results
2026-03-11 20:51:21,668 [SIM] search_track(Iggy Azalea|Change Your Life) -> 0 results
2026-03-11 20:51:21,668 [SIM] search_track(Iggy Pop|Lust For Life) -> 0 results
2026-03-11 20:51:21,668 [SIM] search_track(Iggy Pop|Success) -> 0 results
2026-03-11 20:51:21,668 [SIM] search_track(Iggy Pop|The Passenger) -> 0 results
2026-03-11 20:51:21,668 [SIM] search_track(Illrotic|Beyond the Words) -> 0 results
2026-03-11 20:51:21,668 [SIM] search_track(Illrotic|Blindfold) -> 0 results
2026-03-11 20:51:21,668 [SIM] search_track(Illrotic|I'll Dream On) -> 0 results
2026-03-11 20:51:21,668 [SIM] search_track(Illrotic|OMFG) -> 0 results
2026-03-11 20:51:21,668 [SIM] search_track(Imagine Dragons|Thunder) -> 0 results
2026-03-11 20:51:21,668 [SIM] search_track(Imagine Dragons|Whatever It Takes) -> 0 results
2026-03-11 20:51:21,668 [SIM] search_track(Imagine Dragons|Demons) -> 0 results
2026-03-11 20:51:21,668 [SIM] search_track(Imagine Dragons|On Top Of The World) -> 0 results
2026-03-11 20:51:21,668 [SIM] search_track(Imagine Dragons|Radioactive) -> 0 results
2026-03-11 20:51:21,669 [SIM] search_track(Internet Money|Take It Slow) -> 0 results
2026-03-11 20:51:21,669 [SIM] search_track(Internet Money|Lemonade) -> 0 results
2026-03-11 20:51:21,669 [SIM] search_track(Internet Money|Lost Me) -> 0 results
2026-03-11 20:51:21,669 [SIM] search_track(Internet Money|No Option) -> 0 results
2026-03-11 20:51:21,669 [SIM] search_track(Internet Money|JLO) -> 0 results
2026-03-11 20:51:21,669 [SIM] search_track(Internet Money|Somebody) -> 0 results
2026-03-11 20:51:21,669 [SIM] search_track(Internet Money|Devastated) -> 0 results
2026-03-11 20:51:21,696 [SIM] search_track(Internet Money|Thrusting) -> 0 results
2026-03-11 20:51:21,697 [SIM] search_track(Internet Money|Speak) -> 0 results
2026-03-11 20:51:21,697 [SIM] search_track(Internet Money|Familiar) -> 0 results
2026-03-11 20:51:21,697 [SIM] search_track(Internet Money|Let You Down) -> 0 results
2026-03-11 20:51:21,697 [SIM] search_track(Internet Money|Blastoff) -> 0 results
2026-03-11 20:51:21,697 [SIM] search_track(Internet Money|Really Redd) -> 0 results
2026-03-11 20:51:21,697 [SIM] search_track(Internet Money|Block) -> 0 results
2026-03-11 20:51:21,697 [SIM] search_track(Internet Money|Message) -> 0 results
2026-03-11 20:51:21,697 [SIM] search_track(Internet Money|Right Now) -> 0 results
2026-03-11 20:51:21,697 [SIM] search_track(Internet Money|Giddy Up) -> 0 results
2026-03-11 20:51:21,697 [SIM] search_track(Internet Money|Options) -> 0 results
2026-03-11 20:51:21,697 [SIM] search_track(Internet Money|Codeine Cowboy) -> 0 results
2026-03-11 20:51:21,697 [SIM] search_track(Internet Money|Flossin') -> 0 results
2026-03-11 20:51:21,697 [SIM] search_track(Internet Money|His & Hers) -> 0 results
2026-03-11 20:51:21,697 [SIM] search_track(Internet Money|JETSKI) -> 0 results
2026-03-11 20:51:21,697 [SIM] search_track(Irie Souljah|Helping Hand) -> 0 results
2026-03-11 20:51:21,697 [SIM] search_track(Irie Souljah|Learn and Grow) -> 0 results
2026-03-11 20:51:21,697 [SIM] search_track(Irie Souljah|Magic) -> 0 results
2026-03-11 20:51:21,697 [SIM] search_track(Irie Souljah|Running Outta Love) -> 0 results
2026-03-11 20:51:21,697 [SIM] search_track(Irie Souljah|Thankful) -> 0 results
2026-03-11 20:51:21,697 [SIM] search_track(Iyaz|Breathe) -> 0 results
2026-03-11 20:51:21,698 [SIM] search_track(Iyaz|Goodbye) -> 0 results
2026-03-11 20:51:21,698 [SIM] search_track(Iyaz|Heartbeat) -> 0 results
2026-03-11 20:51:21,698 [SIM] search_track(Iyaz|OK) -> 0 results
2026-03-11 20:51:21,698 [SIM] search_track(Iyaz|Replay) -> 0 results
2026-03-11 20:51:21,724 [SIM] search_track(Iyaz|So Big) -> 0 results
2026-03-11 20:51:21,724 [SIM] search_track(Iyaz|Solo) -> 0 results
2026-03-11 20:51:21,724 [SIM] search_track(Iyaz|There You Are) -> 0 results
2026-03-11 20:51:21,724 [SIM] search_track(Iyaz|Pretty Girls) -> 0 results
2026-03-11 20:51:21,724 [SIM] search_track(J. Cole|Love Yourz) -> 0 results
2026-03-11 20:51:21,724 [SIM] search_track(J. Cole|No Role Modelz) -> 0 results
2026-03-11 20:51:21,724 [SIM] search_track(J. Cole|Wet Dreamz) -> 0 results
2026-03-11 20:51:21,724 [SIM] search_track(J. Cole|Rich N****z) -> 0 results
2026-03-11 20:51:21,724 [SIM] search_track(J. Cole|Power Trip) -> 0 results
2026-03-11 20:51:21,724 [SIM] search_track(J. Cole|Crooked Smile) -> 0 results
2026-03-11 20:51:21,724 [SIM] search_track(J. Cole|Work Out) -> 0 results
2026-03-11 20:51:21,724 [SIM] search_track(J. Cole|Can't Get Enough) -> 0 results
2026-03-11 20:51:21,724 [SIM] search_track(J. Cole|Fever) -> 0 results
2026-03-11 20:51:21,725 [SIM] search_track(J. Cole|Stealth Mode) -> 0 results
2026-03-11 20:51:21,725 [SIM] search_track(J. Cole|H.Y.B.) -> 0 results
2026-03-11 20:51:21,725 [SIM] search_track(J. Cole|Ready ‘24) -> 0 results
2026-03-11 20:51:21,725 [SIM] search_track(Ja Rule|Always On Time) -> 0 results
2026-03-11 20:51:21,725 [SIM] search_track(Ja Rule|Livin' It Up) -> 0 results
2026-03-11 20:51:21,725 [SIM] search_track(Ja Rule|Put It On Me) -> 0 results
2026-03-11 20:51:21,725 [SIM] search_track(Ja Rule|Mesmerize) -> 0 results
2026-03-11 20:51:21,725 [SIM] search_track(Jack Harlow|First Class) -> 0 results
2026-03-11 20:51:21,725 [SIM] search_track(Jack Harlow|I Got A Shot) -> 0 results
2026-03-11 20:51:21,725 [SIM] search_track(Jack Harlow|Like A Blade Of Grass) -> 0 results
2026-03-11 20:51:21,725 [SIM] search_track(Jack Harlow|Lil Secret) -> 0 results
2026-03-11 20:51:21,725 [SIM] search_track(Jack Harlow|Nail Tech) -> 0 results
2026-03-11 20:51:21,751 [SIM] search_track(Jack Harlow|Side Piece) -> 0 results
2026-03-11 20:51:21,752 [SIM] search_track(Jack Harlow|State Fair) -> 0 results
2026-03-11 20:51:21,752 [SIM] search_track(Jack Harlow|Young Harleezy) -> 0 results
2026-03-11 20:51:21,752 [SIM] search_track(Jack Harlow|Churchill Downs) -> 0 results
2026-03-11 20:51:21,752 [SIM] search_track(Jack Harlow|Parent Trap) -> 0 results
2026-03-11 20:51:21,752 [SIM] search_track(Jack Harlow|Poison) -> 0 results
2026-03-11 20:51:21,752 [SIM] search_track(Jack Harlow|Ambitious) -> 0 results
2026-03-11 20:51:21,752 [SIM] search_track(Jack Harlow|Denver) -> 0 results
2026-03-11 20:51:21,752 [SIM] search_track(Jack Harlow|Is That Ight?) -> 0 results
2026-03-11 20:51:21,752 [SIM] search_track(Jack Harlow|It Can't Be) -> 0 results
2026-03-11 20:51:21,752 [SIM] search_track(Jack Harlow|No Enhancers) -> 0 results
2026-03-11 20:51:21,752 [SIM] search_track(Jack Harlow|Questions) -> 0 results
2026-03-11 20:51:21,752 [SIM] search_track(Jack Harlow|They Don't Love It) -> 0 results
2026-03-11 20:51:21,752 [SIM] search_track(Jack Harlow|Eastern Parkway) -> 0 results
2026-03-11 20:51:21,752 [SIM] search_track(Jack Harlow|Hello Miss Johnson) -> 0 results
2026-03-11 20:51:21,752 [SIM] search_track(Jack Harlow|Lovin On Me) -> 0 results
2026-03-11 20:51:21,752 [SIM] search_track(Jack Harlow|THRU THE NIGHT) -> 0 results
2026-03-11 20:51:21,752 [SIM] search_track(Jack Harlow|Just Us) -> 0 results
2026-03-11 20:51:21,752 [SIM] search_track(Jack Harlow|21C/Delta) -> 0 results
2026-03-11 20:51:21,753 [SIM] search_track(Jack Harlow|Baxter Avenue) -> 0 results
2026-03-11 20:51:21,753 [SIM] search_track(Jack Harlow|Creme) -> 0 results
2026-03-11 20:51:21,753 [SIM] search_track(Jack Harlow|Keep It Light) -> 0 results
2026-03-11 20:51:21,753 [SIM] search_track(Jack Harlow|Rendezvous) -> 0 results
2026-03-11 20:51:21,753 [SIM] search_track(Jack Harlow|Tyler Herro) -> 0 results
2026-03-11 20:51:21,753 [SIM] search_track(Jack Harlow|Same Guy) -> 0 results
2026-03-11 20:51:21,779 [SIM] search_track(Jack Harlow|Way Out) -> 0 results
2026-03-11 20:51:21,779 [SIM] search_track(Jack Harlow|Already Best Friends) -> 0 results
2026-03-11 20:51:21,779 [SIM] search_track(Jack Harlow|Luv Is Dro) -> 0 results
2026-03-11 20:51:21,779 [SIM] search_track(Jack Harlow|Whats Poppin) -> 0 results
2026-03-11 20:51:21,780 [SIM] search_track(Jack Johnson|Banana Pancakes) -> 0 results
2026-03-11 20:51:21,780 [SIM] search_track(Jack Johnson|Good People) -> 0 results
2026-03-11 20:51:21,780 [SIM] search_track(Jack Johnson|Sitting, Waiting, Wishing) -> 0 results
2026-03-11 20:51:21,780 [SIM] search_track(Jake Scott|Favorite T-Shirt) -> 0 results
2026-03-11 20:51:21,780 [SIM] search_track(Jake Scott|Like This) -> 0 results
2026-03-11 20:51:21,780 [SIM] search_track(Jake Scott|Man Who Stays) -> 0 results
2026-03-11 20:51:21,780 [SIM] search_track(Jamiroquai|Hot Tequila Brown) -> 0 results
2026-03-11 20:51:21,780 [SIM] search_track(Jamiroquai|Seven Days in Sunny June) -> 0 results
2026-03-11 20:51:21,780 [SIM] search_track(Jamiroquai|Starchild) -> 0 results
2026-03-11 20:51:21,780 [SIM] search_track(Jamiroquai|Talullah) -> 0 results
2026-03-11 20:51:21,780 [SIM] search_track(Jason Derulo|Breathing) -> 0 results
2026-03-11 20:51:21,780 [SIM] search_track(Jason Derulo|Fight for You) -> 0 results
2026-03-11 20:51:21,780 [SIM] search_track(Jason Derulo|It Girl) -> 0 results
2026-03-11 20:51:21,780 [SIM] search_track(Jason Derulo|Blind) -> 0 results
2026-03-11 20:51:21,780 [SIM] search_track(Jason Derulo|Encore) -> 0 results
2026-03-11 20:51:21,780 [SIM] search_track(Jason Derulo|Fallen) -> 0 results
2026-03-11 20:51:21,780 [SIM] search_track(Jason Derulo|In My Head) -> 0 results
2026-03-11 20:51:21,780 [SIM] search_track(Jason Derulo|Love Hangover) -> 0 results
2026-03-11 20:51:21,780 [SIM] search_track(Jason Derulo|Ridin' Solo) -> 0 results
2026-03-11 20:51:21,780 [SIM] search_track(Jason Derulo|Strobelight) -> 0 results
2026-03-11 20:51:21,780 [SIM] search_track(Jason Derulo|The Sky's the Limit) -> 0 results
2026-03-11 20:51:21,807 [SIM] search_track(Jason Derulo|What If) -> 0 results
2026-03-11 20:51:21,807 [SIM] search_track(Jason Derulo|Whatcha Say) -> 0 results
2026-03-11 20:51:21,807 [SIM] search_track(Jason Derulo|Want to Want Me) -> 0 results
2026-03-11 20:51:21,807 [SIM] search_track(Jason Derulo|Slidin') -> 0 results
2026-03-11 20:51:21,807 [SIM] search_track(Jason Derulo|Tattoo) -> 0 results
2026-03-11 20:51:21,807 [SIM] search_track(Jason Derulo|The Other Side) -> 0 results
2026-03-11 20:51:21,807 [SIM] search_track(Jason Derulo|Talk Dirty) -> 0 results
2026-03-11 20:51:21,807 [SIM] search_track(Jay Sean|Fire) -> 0 results
2026-03-11 20:51:21,807 [SIM] search_track(Jay Sean|If I Ain’t Got You) -> 0 results
2026-03-11 20:51:21,807 [SIM] search_track(Jay Sean|Down) -> 0 results
2026-03-11 20:51:21,807 [SIM] search_track(Jay Sean|Do You Remember) -> 0 results
2026-03-11 20:51:21,807 [SIM] search_track(Jay-Z|Song Cry) -> 0 results
2026-03-11 20:51:21,808 [SIM] search_track(Jay-Z|Renegade) -> 0 results
2026-03-11 20:51:21,808 [SIM] search_track(Jay-Z|Young Forever) -> 0 results
2026-03-11 20:51:21,808 [SIM] search_track(Jay-Z|Encore) -> 0 results
2026-03-11 20:51:21,808 [SIM] search_track(Jay-Z|Hard Knock Life) -> 0 results
2026-03-11 20:51:21,808 [SIM] search_track(Jay-Z|Run This Town) -> 0 results
2026-03-11 20:51:21,808 [SIM] search_track(Jay-Z|Empire State Of Mind) -> 0 results
2026-03-11 20:51:21,808 [SIM] search_track(Jersey Boys|Big Girls Don't Cry) -> 0 results
2026-03-11 20:51:21,808 [SIM] search_track(Jersey Boys|December, 1963) -> 0 results
2026-03-11 20:51:21,808 [SIM] search_track(Jersey Boys|Fallen Angel) -> 0 results
2026-03-11 20:51:21,808 [SIM] search_track(Jersey Boys|I Make A Fool Of Myself) -> 0 results
2026-03-11 20:51:21,808 [SIM] search_track(Jersey Boys|My Eyes Adored You) -> 0 results
2026-03-11 20:51:21,808 [SIM] search_track(Jersey Boys|Our Day Will Come) -> 0 results
2026-03-11 20:51:21,808 [SIM] search_track(Jersey Boys|Sherry) -> 0 results
2026-03-11 20:51:21,834 [SIM] search_track(Jersey Boys|Swearin' to God) -> 0 results
2026-03-11 20:51:21,834 [SIM] search_track(Jersey Boys|The Proud One) -> 0 results
2026-03-11 20:51:21,834 [SIM] search_track(Jersey Boys|To Give) -> 0 results
2026-03-11 20:51:21,834 [SIM] search_track(Jersey Boys|We're All Alone) -> 0 results
2026-03-11 20:51:21,834 [SIM] search_track(Jersey Boys|Who Loves You) -> 0 results
2026-03-11 20:51:21,834 [SIM] search_track(Jessica Mauboy|Been Waiting) -> 0 results
2026-03-11 20:51:21,834 [SIM] search_track(Jessica Mauboy|Running Back) -> 0 results
2026-03-11 20:51:21,834 [SIM] search_track(Jessica Mauboy|Like This) -> 0 results
2026-03-11 20:51:21,834 [SIM] search_track(Jessica Mauboy|What Happened to Us) -> 0 results
2026-03-11 20:51:21,835 [SIM] search_track(Jessica Mauboy|Saturday Night) -> 0 results
2026-03-11 20:51:21,835 [SIM] search_track(Jessica Mauboy|Galaxy) -> 0 results
2026-03-11 20:51:21,835 [SIM] search_track(Jet|Are You Gonna Be My Girl) -> 0 results
2026-03-11 20:51:21,835 [SIM] search_track(Jet|Look What You've Done) -> 0 results
2026-03-11 20:51:21,835 [SIM] search_track(Jet|Seventeen) -> 0 results
2026-03-11 20:51:21,835 [SIM] search_track(Joey Bada$$|AMERIKKKAN IDOL) -> 0 results
2026-03-11 20:51:21,835 [SIM] search_track(Joey Bada$$|BABYLON) -> 0 results
2026-03-11 20:51:21,835 [SIM] search_track(Joey Bada$$|DEVASTATED) -> 0 results
2026-03-11 20:51:21,835 [SIM] search_track(Joey Bada$$|FOR MY PEOPLE) -> 0 results
2026-03-11 20:51:21,835 [SIM] search_track(Joey Bada$$|GOOD MORNING AMERIKKKA) -> 0 results
2026-03-11 20:51:21,835 [SIM] search_track(Joey Bada$$|LAND OF THE FREE) -> 0 results
2026-03-11 20:51:21,835 [SIM] search_track(Joey Bada$$|TEMPTATION) -> 0 results
2026-03-11 20:51:21,835 [SIM] search_track(Joey Bada$$|500 Benz) -> 0 results
2026-03-11 20:51:21,835 [SIM] search_track(Joey Bada$$|95 Till Infinity) -> 0 results
2026-03-11 20:51:21,835 [SIM] search_track(Joey Bada$$|Blast Off) -> 0 results
2026-03-11 20:51:21,835 [SIM] search_track(Joey Bada$$|Christ Conscious) -> 0 results
2026-03-11 20:51:21,862 [SIM] search_track(Joey Bada$$|Like Water) -> 0 results
2026-03-11 20:51:21,862 [SIM] search_track(Joey Bada$$|Unorthodox) -> 0 results
2026-03-11 20:51:21,862 [SIM] search_track(John Butler Trio|One Way Road) -> 0 results
2026-03-11 20:51:21,862 [SIM] search_track(John Butler Trio|Revolution) -> 0 results
2026-03-11 20:51:21,862 [SIM] search_track(John Butler Trio|Better Than) -> 0 results
2026-03-11 20:51:21,862 [SIM] search_track(John Butler Trio|Caroline) -> 0 results
2026-03-11 20:51:21,862 [SIM] search_track(John Butler Trio|Daniella) -> 0 results
2026-03-11 20:51:21,862 [SIM] search_track(John Butler Trio|Fire In The Sky) -> 0 results
2026-03-11 20:51:21,862 [SIM] search_track(John Butler Trio|Funky Tonight) -> 0 results
2026-03-11 20:51:21,862 [SIM] search_track(John Butler Trio|Gonna Take It) -> 0 results
2026-03-11 20:51:21,863 [SIM] search_track(John Butler Trio|Good Excuse) -> 0 results
2026-03-11 20:51:21,863 [SIM] search_track(John Butler Trio|Gov Did Nothin') -> 0 results
2026-03-11 20:51:21,863 [SIM] search_track(John Butler Trio|Groovin' Slowly) -> 0 results
2026-03-11 20:51:21,863 [SIM] search_track(John Butler Trio|Losing You) -> 0 results
2026-03-11 20:51:21,863 [SIM] search_track(John Butler Trio|Nowhere Man) -> 0 results
2026-03-11 20:51:21,863 [SIM] search_track(John Butler Trio|Recognise Me) -> 0 results
2026-03-11 20:51:21,863 [SIM] search_track(John Butler Trio|Used To Get High) -> 0 results
2026-03-11 20:51:21,863 [SIM] search_track(John Williams|Raiders March) -> 0 results
2026-03-11 20:51:21,863 [SIM] search_track(John Williams|Ben's Death and TIE Fighter Attack) -> 0 results
2026-03-11 20:51:21,863 [SIM] search_track(John Williams|Cantina Band) -> 0 results
2026-03-11 20:51:21,863 [SIM] search_track(John Williams|Main Title) -> 0 results
2026-03-11 20:51:21,863 [SIM] search_track(John Williamson|Diamantina Drover) -> 0 results
2026-03-11 20:51:21,863 [SIM] search_track(John Williamson|Home Among the Gumtrees) -> 0 results
2026-03-11 20:51:21,863 [SIM] search_track(John Williamson|Rip Rip Woodchip) -> 0 results
2026-03-11 20:51:21,863 [SIM] search_track(John Williamson|The Land of the Truly Free) -> 0 results
2026-03-11 20:51:21,891 [SIM] search_track(John Williamson|True Blue) -> 0 results
2026-03-11 20:51:21,891 [SIM] search_track(John Williamson|Waltzing Matilda) -> 0 results
2026-03-11 20:51:21,891 [SIM] search_track(John Williamson|Big Bad Bushranger) -> 0 results
2026-03-11 20:51:21,891 [SIM] search_track(John Williamson|Santa Bring Me a Dinosaur) -> 0 results
2026-03-11 20:51:21,891 [SIM] search_track(John Williamson|The Golden Kangaroo) -> 0 results
2026-03-11 20:51:21,891 [SIM] search_track(John Williamson|Crocodile Roll) -> 0 results
2026-03-11 20:51:21,891 [SIM] search_track(John Williamson|Goodbye Blinky Bill) -> 0 results
2026-03-11 20:51:21,891 [SIM] search_track(John Williamson|Old Man Emu) -> 0 results
2026-03-11 20:51:21,891 [SIM] search_track(John Williamson|Big Bad Banksia Man) -> 0 results
2026-03-11 20:51:21,891 [SIM] search_track(John Williamson|Bill the Cat) -> 0 results
2026-03-11 20:51:21,891 [SIM] search_track(John Williamson|Queen in the Sport of Kings) -> 0 results
2026-03-11 20:51:21,891 [SIM] search_track(John Williamson|Raining on the Rock) -> 0 results
2026-03-11 20:51:21,891 [SIM] search_track(John Williamson|The Breaker) -> 0 results
2026-03-11 20:51:21,892 [SIM] search_track(John Williamson|You & My Guitar) -> 0 results
2026-03-11 20:51:21,892 [SIM] search_track(John Williamson|Bush Barber) -> 0 results
2026-03-11 20:51:21,892 [SIM] search_track(John Williamson|Bushtown) -> 0 results
2026-03-11 20:51:21,892 [SIM] search_track(John Williamson|Dad's Flowers) -> 0 results
2026-03-11 20:51:21,892 [SIM] search_track(Johnny Cash|I Call Him) -> 0 results
2026-03-11 20:51:21,892 [SIM] search_track(Johnny Cash|Snow In His Hair) -> 0 results
2026-03-11 20:51:21,892 [SIM] search_track(Johnny Cash|Harley) -> 0 results
2026-03-11 20:51:21,892 [SIM] search_track(Johnny Cash|Hello Out There) -> 0 results
2026-03-11 20:51:21,892 [SIM] search_track(Johnny Cash|I Love You Tonite) -> 0 results
2026-03-11 20:51:21,892 [SIM] search_track(Johnny Cash|Like A Soldier) -> 0 results
2026-03-11 20:51:21,892 [SIM] search_track(Johnny Cash|Soldier Boy) -> 0 results
2026-03-11 20:51:21,892 [SIM] search_track(Johnny Cash|Well Alright) -> 0 results
2026-03-11 20:51:21,919 [SIM] search_track(Johnny Cash|Ballad Of A Teenage Queen) -> 0 results
2026-03-11 20:51:21,920 [SIM] search_track(Johnny Cash|Folsom Prison Blues) -> 0 results
2026-03-11 20:51:21,920 [SIM] search_track(Johnny Cash|Get Rhythm) -> 0 results
2026-03-11 20:51:21,920 [SIM] search_track(Johnny Cash|I Walk the Line) -> 0 results
2026-03-11 20:51:21,920 [SIM] search_track(Johnny Cash|Ring of Fire) -> 0 results
2026-03-11 20:51:21,920 [SIM] search_track(Jonas Blue|Fast Car) -> 0 results
2026-03-11 20:51:21,920 [SIM] search_track(Jonas Blue|Rise) -> 0 results
2026-03-11 20:51:21,920 [SIM] search_track(Jonas Blue|Perfect Strangers) -> 0 results
2026-03-11 20:51:21,920 [SIM] search_track(Jordin Sparks|One Step At a Time) -> 0 results
2026-03-11 20:51:21,920 [SIM] search_track(Jordin Sparks|Tattoo) -> 0 results
2026-03-11 20:51:21,920 [SIM] search_track(Jordin Sparks|No Air) -> 0 results
2026-03-11 20:51:21,920 [SIM] search_track(Joyner Lucas|Forever) -> 0 results
2026-03-11 20:51:21,920 [SIM] search_track(Joyner Lucas|I'm Sorry) -> 0 results
2026-03-11 20:51:21,920 [SIM] search_track(Joyner Lucas|Just Like You) -> 0 results
2026-03-11 20:51:21,920 [SIM] search_track(Joyner Lucas|Devil's Work) -> 0 results
2026-03-11 20:51:21,920 [SIM] search_track(Joyner Lucas|I Love) -> 0 results
2026-03-11 20:51:21,920 [SIM] search_track(Joyner Lucas|Will) -> 0 results
2026-03-11 20:51:21,920 [SIM] search_track(Joyner Lucas|Finally) -> 0 results
2026-03-11 20:51:21,920 [SIM] search_track(Joyner Lucas|Still Can't Love) -> 0 results
2026-03-11 20:51:21,921 [SIM] search_track(Joyner Lucas|The War) -> 0 results
2026-03-11 20:51:21,921 [SIM] search_track(Joyner Lucas|Duck Duck Goose) -> 0 results
2026-03-11 20:51:21,921 [SIM] search_track(Joyner Lucas|Seventeen) -> 0 results
2026-03-11 20:51:21,921 [SIM] search_track(Joyner Lucas|Will (Remix)) -> 0 results
2026-03-11 20:51:21,921 [SIM] search_track(Joyner Lucas|Late to the Party) -> 0 results
2026-03-11 20:51:21,921 [SIM] search_track(Juice WRLD|Desire) -> 0 results
2026-03-11 20:51:21,949 [SIM] search_track(Juice WRLD|Empty) -> 0 results
2026-03-11 20:51:21,950 [SIM] search_track(Juice WRLD|Fast) -> 0 results
2026-03-11 20:51:21,950 [SIM] search_track(Juice WRLD|Hear Me Calling) -> 0 results
2026-03-11 20:51:21,950 [SIM] search_track(Juice WRLD|HeMotions) -> 0 results
2026-03-11 20:51:21,950 [SIM] search_track(Juice WRLD|Who Shot Cupid?) -> 0 results
2026-03-11 20:51:21,950 [SIM] search_track(Juice WRLD|Ring Ring) -> 0 results
2026-03-11 20:51:21,950 [SIM] search_track(Juice WRLD|Already Dead) -> 0 results
2026-03-11 20:51:21,950 [SIM] search_track(Juice WRLD|Legends) -> 0 results
2026-03-11 20:51:21,950 [SIM] search_track(Juice WRLD|Rich And Blind) -> 0 results
2026-03-11 20:51:21,950 [SIM] search_track(Juice WRLD|Wandered To LA) -> 0 results
2026-03-11 20:51:21,950 [SIM] search_track(Juice WRLD|734) -> 0 results
2026-03-11 20:51:21,950 [SIM] search_track(Juice WRLD|All Girls Are The Same) -> 0 results
2026-03-11 20:51:21,950 [SIM] search_track(Juice WRLD|Black & White) -> 0 results
2026-03-11 20:51:21,950 [SIM] search_track(Juice WRLD|Candles) -> 0 results
2026-03-11 20:51:21,950 [SIM] search_track(Juice WRLD|End Of The Road) -> 0 results
2026-03-11 20:51:21,950 [SIM] search_track(Juice WRLD|Glo’d Up) -> 0 results
2026-03-11 20:51:21,950 [SIM] search_track(Juice WRLD|Hurt Me) -> 0 results
2026-03-11 20:51:21,950 [SIM] search_track(Juice WRLD|I'll Be Fine) -> 0 results
2026-03-11 20:51:21,951 [SIM] search_track(Juice WRLD|I'm Still) -> 0 results
2026-03-11 20:51:21,951 [SIM] search_track(Juice WRLD|Lean Wit Me) -> 0 results
2026-03-11 20:51:21,951 [SIM] search_track(Juice WRLD|Long Gone) -> 0 results
2026-03-11 20:51:21,951 [SIM] search_track(Juice WRLD|Lucid Dreams) -> 0 results
2026-03-11 20:51:21,951 [SIM] search_track(Juice WRLD|No Good) -> 0 results
2026-03-11 20:51:21,951 [SIM] search_track(Juice WRLD|Scared Of Love) -> 0 results
2026-03-11 20:51:21,951 [SIM] search_track(Juice WRLD|Used To) -> 0 results
2026-03-11 20:51:21,980 [SIM] search_track(Juice WRLD|Wasted) -> 0 results
2026-03-11 20:51:21,981 [SIM] search_track(Juice WRLD|All Life Long) -> 0 results
2026-03-11 20:51:21,981 [SIM] search_track(Juice WRLD|Bad Energy) -> 0 results
2026-03-11 20:51:21,981 [SIM] search_track(Juice WRLD|Blood On My Jeans) -> 0 results
2026-03-11 20:51:21,981 [SIM] search_track(Juice WRLD|Can't Die) -> 0 results
2026-03-11 20:51:21,981 [SIM] search_track(Juice WRLD|Conversations) -> 0 results
2026-03-11 20:51:21,981 [SIM] search_track(Juice WRLD|Get Through It (Interlude)) -> 0 results
2026-03-11 20:51:21,981 [SIM] search_track(Juice WRLD|I Want It) -> 0 results
2026-03-11 20:51:21,981 [SIM] search_track(Juice WRLD|Intro) -> 0 results
2026-03-11 20:51:21,981 [SIM] search_track(Juice WRLD|Juice WRLD Speaks From Heaven (Outro)) -> 0 results
2026-03-11 20:51:21,981 [SIM] search_track(Juice WRLD|Man Of The Year) -> 0 results
2026-03-11 20:51:21,981 [SIM] search_track(Juice WRLD|Righteous) -> 0 results
2026-03-11 20:51:21,981 [SIM] search_track(Juice WRLD|Screw Juice) -> 0 results
2026-03-11 20:51:21,981 [SIM] search_track(Juice WRLD|Stay High) -> 0 results
2026-03-11 20:51:21,981 [SIM] search_track(Juice WRLD|The Man, The Myth, The Legend (Interlude)) -> 0 results
2026-03-11 20:51:21,981 [SIM] search_track(Juice WRLD|Titanic) -> 0 results
2026-03-11 20:51:21,981 [SIM] search_track(Juice WRLD|Up Up And Away) -> 0 results
2026-03-11 20:51:21,981 [SIM] search_track(Juice WRLD|Life's A Mess) -> 0 results
2026-03-11 20:51:21,982 [SIM] search_track(Juice WRLD|Come & Go) -> 0 results
2026-03-11 20:51:21,982 [SIM] search_track(Juice WRLD|Smile) -> 0 results
2026-03-11 20:51:21,982 [SIM] search_track(Juice WRLD|Armed And Dangerous) -> 0 results
2026-03-11 20:51:21,982 [SIM] search_track(Juice WRLD|Back in Chicago) -> 0 results
2026-03-11 20:51:21,982 [SIM] search_track(Juice WRLD|Lotti Lotti) -> 0 results
2026-03-11 20:51:21,982 [SIM] search_track(Juice WRLD|Real Shit) -> 0 results
2026-03-11 20:51:21,982 [SIM] search_track(Juice WRLD|Bad Boy) -> 0 results
2026-03-11 20:51:22,011 [SIM] search_track(Juice WRLD|Graduation) -> 0 results
2026-03-11 20:51:22,012 [SIM] search_track(Juice WRLD|Vacation) -> 0 results
2026-03-11 20:51:22,012 [SIM] search_track(Juice WRLD|Empty Out Your Pockets) -> 0 results
2026-03-11 20:51:22,012 [SIM] search_track(Juice WRLD|Misfit) -> 0 results
2026-03-11 20:51:22,012 [SIM] search_track(Juice WRLD|Lace It) -> 0 results
2026-03-11 20:51:22,012 [SIM] search_track(Juice WRLD|Best Friend) -> 0 results
2026-03-11 20:51:22,012 [SIM] search_track(Juice WRLD|AGATS2 (Insecure)) -> 0 results
2026-03-11 20:51:22,012 [SIM] search_track(Justice Crew|Boom Boom) -> 0 results
2026-03-11 20:51:22,012 [SIM] search_track(Justice Crew|Que Sera) -> 0 results
2026-03-11 20:51:22,012 [SIM] search_track(Justice Crew|Friday To Sunday) -> 0 results
2026-03-11 20:51:22,012 [SIM] search_track(Justin Bieber|Believe) -> 0 results
2026-03-11 20:51:22,012 [SIM] search_track(Justin Bieber|Boyfriend) -> 0 results
2026-03-11 20:51:22,012 [SIM] search_track(Justin Bieber|As Long As You Love Me) -> 0 results
2026-03-11 20:51:22,012 [SIM] search_track(Justin Bieber|All Around The World) -> 0 results
2026-03-11 20:51:22,012 [SIM] search_track(Justin Bieber|Beauty And A Beat) -> 0 results
2026-03-11 20:51:22,012 [SIM] search_track(Justin Bieber|Hold On) -> 0 results
2026-03-11 20:51:22,012 [SIM] search_track(Justin Bieber|Peaches) -> 0 results
2026-03-11 20:51:22,012 [SIM] search_track(Justin Bieber|As I Am) -> 0 results
2026-03-11 20:51:22,013 [SIM] search_track(Justin Bieber|Wish You Would) -> 0 results
2026-03-11 20:51:22,013 [SIM] search_track(Justin Bieber|Unstable) -> 0 results
2026-03-11 20:51:22,013 [SIM] search_track(Justin Bieber|I'll Show You) -> 0 results
2026-03-11 20:51:22,013 [SIM] search_track(Justin Bieber|Life Is Worth Living) -> 0 results
2026-03-11 20:51:22,013 [SIM] search_track(Justin Bieber|Mark My Words) -> 0 results
2026-03-11 20:51:22,013 [SIM] search_track(Justin Bieber|Purpose) -> 0 results
2026-03-11 20:51:22,013 [SIM] search_track(Justin Bieber|Sorry) -> 0 results
2026-03-11 20:51:22,040 [SIM] search_track(Justin Bieber|What Do You Mean?) -> 0 results
2026-03-11 20:51:22,040 [SIM] search_track(Justin Bieber|2U) -> 0 results
2026-03-11 20:51:22,040 [SIM] search_track(Justin Bieber|Cold Water) -> 0 results
2026-03-11 20:51:22,041 [SIM] search_track(Justin Bieber|Let Me Love You) -> 0 results
2026-03-11 20:51:22,041 [SIM] search_track(Justin Bieber|Yummy) -> 0 results
2026-03-11 20:51:22,041 [SIM] search_track(Justin Bieber|Lonely) -> 0 results
2026-03-11 20:51:22,041 [SIM] search_track(Justin Bieber|Baby) -> 0 results
2026-03-11 20:51:22,041 [SIM] search_track(Justin Bieber|Intentions) -> 0 results
2026-03-11 20:51:22,041 [SIM] search_track(Justin Timberlake|LoveStoned) -> 0 results
2026-03-11 20:51:22,041 [SIM] search_track(Justin Timberlake|What Goes Around, Comes Around) -> 0 results
2026-03-11 20:51:22,041 [SIM] search_track(Justin Timberlake|My Love) -> 0 results
2026-03-11 20:51:22,041 [SIM] search_track(Justin Timberlake|Until the End of Time) -> 0 results
2026-03-11 20:51:22,041 [SIM] search_track(Justin Timberlake|SexyBack) -> 0 results
2026-03-11 20:51:22,041 [SIM] search_track(Justin Timberlake|Mirrors) -> 0 results
2026-03-11 20:51:22,041 [SIM] search_track(Kanye West|BEAUTY AND THE BEAST) -> 0 results
2026-03-11 20:51:22,041 [SIM] search_track(Kanye West|DAMN) -> 0 results
2026-03-11 20:51:22,041 [SIM] search_track(Kanye West|PREACHER MAN) -> 0 results
2026-03-11 20:51:22,041 [SIM] search_track(Kanye West|BROKEN ROAD) -> 0 results
2026-03-11 20:51:22,041 [SIM] search_track(Kanye West|TRUE LOVE) -> 0 results
2026-03-11 20:51:22,041 [SIM] search_track(Kanye West|WE DID IT KID) -> 0 results
2026-03-11 20:51:22,041 [SIM] search_track(Kanye West|CITY OF GODS) -> 0 results
2026-03-11 20:51:22,041 [SIM] search_track(Kanye West|EAZY) -> 0 results
2026-03-11 20:51:22,041 [SIM] search_track(Kanye West|Big Brother) -> 0 results
2026-03-11 20:51:22,041 [SIM] search_track(Kanye West|Can't Tell Me Nothing) -> 0 results
2026-03-11 20:51:22,041 [SIM] search_track(Kanye West|Champion) -> 0 results
2026-03-11 20:51:22,068 [SIM] search_track(Kanye West|Good Morning) -> 0 results
2026-03-11 20:51:22,068 [SIM] search_track(Kanye West|I Wonder) -> 0 results
2026-03-11 20:51:22,069 [SIM] search_track(Kanye West|Stronger) -> 0 results
2026-03-11 20:51:22,069 [SIM] search_track(Kanye West|The Glory) -> 0 results
2026-03-11 20:51:22,069 [SIM] search_track(Kanye West|Homecoming) -> 0 results
2026-03-11 20:51:22,069 [SIM] search_track(Kanye West|Everything I Am) -> 0 results
2026-03-11 20:51:22,069 [SIM] search_track(Kanye West|Flashing Lights) -> 0 results
2026-03-11 20:51:22,069 [SIM] search_track(Kanye West|Barry Bonds) -> 0 results
2026-03-11 20:51:22,069 [SIM] search_track(Kanye West|Good Night) -> 0 results
2026-03-11 20:51:22,069 [SIM] search_track(Kanye West|Good Life) -> 0 results
2026-03-11 20:51:22,069 [SIM] search_track(Kanye West|Closed On Sunday) -> 0 results
2026-03-11 20:51:22,069 [SIM] search_track(Kanye West|Follow God) -> 0 results
2026-03-11 20:51:22,069 [SIM] search_track(Kanye West|On God) -> 0 results
2026-03-11 20:51:22,069 [SIM] search_track(Kanye West|Addiction) -> 0 results
2026-03-11 20:51:22,069 [SIM] search_track(Kanye West|Celebration) -> 0 results
2026-03-11 20:51:22,069 [SIM] search_track(Kanye West|Diamonds From Sierra Leone) -> 0 results
2026-03-11 20:51:22,069 [SIM] search_track(Kanye West|Hey Mama) -> 0 results
2026-03-11 20:51:22,069 [SIM] search_track(Kanye West|Late) -> 0 results
2026-03-11 20:51:22,069 [SIM] search_track(Kanye West|Roses) -> 0 results
2026-03-11 20:51:22,069 [SIM] search_track(Kanye West|Heard 'Em Say) -> 0 results
2026-03-11 20:51:22,069 [SIM] search_track(Kanye West|Bring Me Down) -> 0 results
2026-03-11 20:51:22,069 [SIM] search_track(Kanye West|My Way Home) -> 0 results
2026-03-11 20:51:22,069 [SIM] search_track(Kanye West|Gone) -> 0 results
2026-03-11 20:51:22,069 [SIM] search_track(Kanye West|Gold Digger) -> 0 results
2026-03-11 20:51:22,070 [SIM] search_track(Kanye West|Diamonds From Sierra Leone (Remix)) -> 0 results
2026-03-11 20:51:22,096 [SIM] search_track(Kanye West|Touch The Sky) -> 0 results
2026-03-11 20:51:22,096 [SIM] search_track(Kanye West|We Major) -> 0 results
2026-03-11 20:51:22,096 [SIM] search_track(Kanye West|Drive Slow) -> 0 results
2026-03-11 20:51:22,096 [SIM] search_track(Kanye West|Crack Music) -> 0 results
2026-03-11 20:51:22,096 [SIM] search_track(Kanye West|All Of The Lights) -> 0 results
2026-03-11 20:51:22,096 [SIM] search_track(Kanye West|Dark Fantasy) -> 0 results
2026-03-11 20:51:22,096 [SIM] search_track(Kanye West|Gorgeous) -> 0 results
2026-03-11 20:51:22,096 [SIM] search_track(Kanye West|Blame Game) -> 0 results
2026-03-11 20:51:22,096 [SIM] search_track(Kanye West|Runaway) -> 0 results
2026-03-11 20:51:22,096 [SIM] search_track(Kanye West|Devil In A New Dress) -> 0 results
2026-03-11 20:51:22,096 [SIM] search_track(Kanye West|Eyes Closed) -> 0 results
2026-03-11 20:51:22,096 [SIM] search_track(Kanye West|Never See Me Again) -> 0 results
2026-03-11 20:51:22,096 [SIM] search_track(Kanye West|Whoopy Doo) -> 0 results
2026-03-11 20:51:22,096 [SIM] search_track(Kanye West|Downtown) -> 0 results
2026-03-11 20:51:22,097 [SIM] search_track(Kanye West|Bound 2) -> 0 results
2026-03-11 20:51:22,097 [SIM] search_track(Kanye West|Famous) -> 0 results
2026-03-11 20:51:22,097 [SIM] search_track(Kanye West|HALLELUJAH) -> 0 results
2026-03-11 20:51:22,097 [SIM] search_track(Kanye West|Heartless) -> 0 results
2026-03-11 20:51:22,097 [SIM] search_track(Kanye West|Lord I Need You) -> 0 results
2026-03-11 20:51:22,097 [SIM] search_track(Kanye West|Petals) -> 0 results
2026-03-11 20:51:22,097 [SIM] search_track(Kanye West|WW3) -> 0 results
2026-03-11 20:51:22,097 [SIM] search_track(Kanye West|Paranoid) -> 0 results
2026-03-11 20:51:22,097 [SIM] search_track(Kanye West|Amazing) -> 0 results
2026-03-11 20:51:22,097 [SIM] search_track(Kanye West|Family Business) -> 0 results
2026-03-11 20:51:22,097 [SIM] search_track(Kanye West|Jesus Walks) -> 0 results
2026-03-11 20:51:22,123 [SIM] search_track(Kanye West|Last Call) -> 0 results
2026-03-11 20:51:22,123 [SIM] search_track(Kanye West|Through The Wire) -> 0 results
2026-03-11 20:51:22,123 [SIM] search_track(Kanye West|We Don't Care) -> 0 results
2026-03-11 20:51:22,123 [SIM] search_track(Kanye West|Slow Jamz) -> 0 results
2026-03-11 20:51:22,123 [SIM] search_track(Kanye West|Spaceship) -> 0 results
2026-03-11 20:51:22,124 [SIM] search_track(Kanye West|Never Let Me Down) -> 0 results
2026-03-11 20:51:22,124 [SIM] search_track(Kanye West|Breathe In Breathe Out) -> 0 results
2026-03-11 20:51:22,124 [SIM] search_track(Kanye West|Two Words) -> 0 results
2026-03-11 20:51:22,124 [SIM] search_track(Kanye West|All Falls Down) -> 0 results
2026-03-11 20:51:22,124 [SIM] search_track(Kanye West|Get Em High) -> 0 results
2026-03-11 20:51:22,124 [SIM] search_track(Kanye West|BACK TO ME) -> 0 results
2026-03-11 20:51:22,124 [SIM] search_track(Kanye West|BURN) -> 0 results
2026-03-11 20:51:22,124 [SIM] search_track(Kanye West|CARNIVAL) -> 0 results
2026-03-11 20:51:22,124 [SIM] search_track(Kanye West|DO IT) -> 0 results
2026-03-11 20:51:22,124 [SIM] search_track(Kanye West|HOODRAT) -> 0 results
2026-03-11 20:51:22,124 [SIM] search_track(Kanye West|KEYS TO MY LIFE) -> 0 results
2026-03-11 20:51:22,124 [SIM] search_track(Kanye West|KING) -> 0 results
2026-03-11 20:51:22,124 [SIM] search_track(Kanye West|PAID) -> 0 results
2026-03-11 20:51:22,124 [SIM] search_track(Kanye West|PAPERWORK) -> 0 results
2026-03-11 20:51:22,124 [SIM] search_track(Kanye West|PROBLEMATIC) -> 0 results
2026-03-11 20:51:22,124 [SIM] search_track(Kanye West|STARS) -> 0 results
2026-03-11 20:51:22,124 [SIM] search_track(Kanye West|TALKING) -> 0 results
2026-03-11 20:51:22,124 [SIM] search_track(Kanye West|VULTURES) -> 0 results
2026-03-11 20:51:22,124 [SIM] search_track(Kash Krabs|CLARINET) -> 0 results
2026-03-11 20:51:22,124 [SIM] search_track(Kash Krabs|ME MILLIONTH DOLLAR) -> 0 results
2026-03-11 20:51:22,153 [SIM] search_track(Kash Krabs|KRUSTY KREW ANTHEM (BACK ON THE GRILL)) -> 0 results
2026-03-11 20:51:22,154 [SIM] search_track(Kash Krabs|SECRET FORMULA) -> 0 results
2026-03-11 20:51:22,154 [SIM] search_track(Kash Krabs|PANTY RAID) -> 0 results
2026-03-11 20:51:22,154 [SIM] search_track(Katy Perry|Hot N Cold) -> 0 results
2026-03-11 20:51:22,154 [SIM] search_track(Katy Perry|Waking Up In Vegas) -> 0 results
2026-03-11 20:51:22,154 [SIM] search_track(Katy Perry|Roar) -> 0 results
2026-03-11 20:51:22,154 [SIM] search_track(Katy Perry|This Is How We Do) -> 0 results
2026-03-11 20:51:22,154 [SIM] search_track(Katy Perry|Dark Horse) -> 0 results
2026-03-11 20:51:22,154 [SIM] search_track(Katy Perry|Cry About It Later) -> 0 results
2026-03-11 20:51:22,154 [SIM] search_track(Katy Perry|Daisies) -> 0 results
2026-03-11 20:51:22,154 [SIM] search_track(Katy Perry|Never Really Over) -> 0 results
2026-03-11 20:51:22,154 [SIM] search_track(Katy Perry|Not the End of the World) -> 0 results
2026-03-11 20:51:22,154 [SIM] search_track(Katy Perry|Only Love) -> 0 results
2026-03-11 20:51:22,154 [SIM] search_track(Katy Perry|Resilient) -> 0 results
2026-03-11 20:51:22,154 [SIM] search_track(Katy Perry|Firework) -> 0 results
2026-03-11 20:51:22,154 [SIM] search_track(Katy Perry|Last Friday Night (T.G.I.F.)) -> 0 results
2026-03-11 20:51:22,154 [SIM] search_track(Katy Perry|Part Of Me) -> 0 results
2026-03-11 20:51:22,154 [SIM] search_track(Katy Perry|Teenage Dream) -> 0 results
2026-03-11 20:51:22,154 [SIM] search_track(Katy Perry|The One That Got Away) -> 0 results
2026-03-11 20:51:22,154 [SIM] search_track(Katy Perry|Wide Awake) -> 0 results
2026-03-11 20:51:22,155 [SIM] search_track(Katy Perry|California Gurls) -> 0 results
2026-03-11 20:51:22,155 [SIM] search_track(Kendrick Lamar|Bitch, Don’t Kill My Vibe) -> 0 results
2026-03-11 20:51:22,155 [SIM] search_track(Kendrick Lamar|Compton) -> 0 results
2026-03-11 20:51:22,155 [SIM] search_track(Kendrick Lamar|The Recipe) -> 0 results
2026-03-11 20:51:22,155 [SIM] search_track(Kendrick Lamar|All The Stars) -> 0 results
2026-03-11 20:51:22,181 [SIM] search_track(Kevin Gates|Get up on My Level) -> 0 results
2026-03-11 20:51:22,181 [SIM] search_track(Kevin Gates|Wish I Had It) -> 0 results
2026-03-11 20:51:22,181 [SIM] search_track(Kevin Gates|Big Gangsta) -> 0 results
2026-03-11 20:51:22,181 [SIM] search_track(Kevin Gates|Difficult (FYP)) -> 0 results
2026-03-11 20:51:22,181 [SIM] search_track(Kevin Gates|Bags) -> 0 results
2026-03-11 20:51:22,182 [SIM] search_track(Kevin Gates|By My Lonely) -> 0 results
2026-03-11 20:51:22,182 [SIM] search_track(Kevin Gates|Face Down) -> 0 results
2026-03-11 20:51:22,182 [SIM] search_track(Kevin Gates|Fatal Attraction) -> 0 results
2026-03-11 20:51:22,182 [SIM] search_track(Kevin Gates|Fly Again) -> 0 results
2026-03-11 20:51:22,182 [SIM] search_track(Kevin Gates|Icebox) -> 0 results
2026-03-11 20:51:22,182 [SIM] search_track(Kevin Gates|Let It Go) -> 0 results
2026-03-11 20:51:22,182 [SIM] search_track(Kevin Gates|Say It Twice) -> 0 results
2026-03-11 20:51:22,182 [SIM] search_track(Kevin Gates|Walls Talking) -> 0 results
2026-03-11 20:51:22,182 [SIM] search_track(Kevin Gates|Be Somebody) -> 0 results
2026-03-11 20:51:22,182 [SIM] search_track(Kevin Gates|Big Bruddah (Don't Be Mad)) -> 0 results
2026-03-11 20:51:22,182 [SIM] search_track(Kevin Gates|Block Away) -> 0 results
2026-03-11 20:51:22,182 [SIM] search_track(Kevin Gates|Brasi The Eagle) -> 0 results
2026-03-11 20:51:22,182 [SIM] search_track(Kevin Gates|Kiss The Ring) -> 0 results
2026-03-11 20:51:22,182 [SIM] search_track(Kevin Gates|Manifest) -> 0 results
2026-03-11 20:51:22,182 [SIM] search_track(Kevin Gates|No Pressure) -> 0 results
2026-03-11 20:51:22,182 [SIM] search_track(Kevin Gates|Right Where I'm Supposed to Be) -> 0 results
2026-03-11 20:51:22,182 [SIM] search_track(Kevin Gates|Same Way) -> 0 results
2026-03-11 20:51:22,182 [SIM] search_track(Kevin Gates|See Me) -> 0 results
2026-03-11 20:51:22,182 [SIM] search_track(Kevin Gates|Bad For Me) -> 0 results
2026-03-11 20:51:22,182 [SIM] search_track(Kevin Gates|Big Lyfe) -> 0 results
2026-03-11 20:51:22,210 [SIM] search_track(Kevin Gates|Black Clouds) -> 0 results
2026-03-11 20:51:22,210 [SIM] search_track(Kevin Gates|Body) -> 0 results
2026-03-11 20:51:22,210 [SIM] search_track(Kevin Gates|Free At Last) -> 0 results
2026-03-11 20:51:22,210 [SIM] search_track(Kevin Gates|I'm In Love) -> 0 results
2026-03-11 20:51:22,210 [SIM] search_track(Kevin Gates|Mine) -> 0 results
2026-03-11 20:51:22,210 [SIM] search_track(Kevin Gates|One Day) -> 0 results
2026-03-11 20:51:22,210 [SIM] search_track(Kevin Gates|Plug Cry) -> 0 results
2026-03-11 20:51:22,210 [SIM] search_track(Kevin Gates|PTOE) -> 0 results
2026-03-11 20:51:22,210 [SIM] search_track(Kevin Gates|Scars) -> 0 results
2026-03-11 20:51:22,210 [SIM] search_track(Kevin Gates|Shoot My Shot) -> 0 results
2026-03-11 20:51:22,210 [SIM] search_track(Kevin Gates|Truth Be Told) -> 0 results
2026-03-11 20:51:22,210 [SIM] search_track(Kevin Gates|You) -> 0 results
2026-03-11 20:51:22,211 [SIM] search_track(Kevin Gates|Great Man) -> 0 results
2026-03-11 20:51:22,211 [SIM] search_track(Kevin Gates|In God I Trust) -> 0 results
2026-03-11 20:51:22,211 [SIM] search_track(Kevin Gates|Me Too) -> 0 results
2026-03-11 20:51:22,211 [SIM] search_track(Kevin Gates|Servin H) -> 0 results
2026-03-11 20:51:22,211 [SIM] search_track(Kevin Gates|Shoulda) -> 0 results
2026-03-11 20:51:22,211 [SIM] search_track(Kevin Gates|Bread Straight) -> 0 results
2026-03-11 20:51:22,211 [SIM] search_track(Kevin Gates|Factory Reset) -> 0 results
2026-03-11 20:51:22,211 [SIM] search_track(Kevin Gates|Hard For Pt. 2 (Many Times)) -> 0 results
2026-03-11 20:51:22,211 [SIM] search_track(Kevin Gates|Hiding Emotions) -> 0 results
2026-03-11 20:51:22,211 [SIM] search_track(Kevin Gates|I Love This Bitch) -> 0 results
2026-03-11 20:51:22,211 [SIM] search_track(Kevin Gates|Living Out Loud) -> 0 results
2026-03-11 20:51:22,211 [SIM] search_track(Kevin Gates|Satellites 2) -> 0 results
2026-03-11 20:51:22,211 [SIM] search_track(Kevin Gates|Stutter) -> 0 results
2026-03-11 20:51:22,240 [SIM] search_track(Kevin Gates|Disappoint Me) -> 0 results
2026-03-11 20:51:22,240 [SIM] search_track(Kevin Gates|Dying Is Easy) -> 0 results
2026-03-11 20:51:22,240 [SIM] search_track(Kevin Gates|I Am) -> 0 results
2026-03-11 20:51:22,240 [SIM] search_track(Kevin Gates|Luv Bug) -> 0 results
2026-03-11 20:51:22,240 [SIM] search_track(Kevin Gates|World Luv) -> 0 results
2026-03-11 20:51:22,240 [SIM] search_track(Kevin Gates|Yukatán) -> 0 results
2026-03-11 20:51:22,240 [SIM] search_track(Kevin Gates|Cartel Swag) -> 0 results
2026-03-11 20:51:22,240 [SIM] search_track(Kevin Gates|Fairytale) -> 0 results
2026-03-11 20:51:22,240 [SIM] search_track(Kevin Gates|Plug Daughter 2) -> 0 results
2026-03-11 20:51:22,240 [SIM] search_track(Kevin Gates|Puerto Rico Luv) -> 0 results
2026-03-11 20:51:22,240 [SIM] search_track(Kevin Gates|Waddup Homie Pt. 2) -> 0 results
2026-03-11 20:51:22,240 [SIM] search_track(Kevin Gates|Wishing In Morocco) -> 0 results
2026-03-11 20:51:22,240 [SIM] search_track(Kevin Gates|Come My Way) -> 0 results
2026-03-11 20:51:22,240 [SIM] search_track(Kevin Gates|Love Me Not) -> 0 results
2026-03-11 20:51:22,240 [SIM] search_track(Kevin Gates|ooh ooh) -> 0 results
2026-03-11 20:51:22,240 [SIM] search_track(Kevin Gates|Tipsy Luv) -> 0 results
2026-03-11 20:51:22,240 [SIM] search_track(Kevin Gates|We Try) -> 0 results
2026-03-11 20:51:22,240 [SIM] search_track(Kevin Gates|We Don't Care) -> 0 results
2026-03-11 20:51:22,241 [SIM] search_track(Kevin Gates|Real Nigga Tendencies) -> 0 results
2026-03-11 20:51:22,241 [SIM] search_track(Kevin Gates|Breakfast) -> 0 results
2026-03-11 20:51:22,241 [SIM] search_track(Kevin Gates|FEEL) -> 0 results
2026-03-11 20:51:22,241 [SIM] search_track(Kevin Gates|Hard For) -> 0 results
2026-03-11 20:51:22,241 [SIM] search_track(Kevin Gates|Imagine That) -> 0 results
2026-03-11 20:51:22,241 [SIM] search_track(Kevin Gates|Life In You) -> 0 results
2026-03-11 20:51:22,241 [SIM] search_track(Kevin Gates|Metro) -> 0 results
2026-03-11 20:51:22,267 [SIM] search_track(Kevin Gates|No Names) -> 0 results
2026-03-11 20:51:22,267 [SIM] search_track(Kevin Gates|Paper Chasers) -> 0 results
2026-03-11 20:51:22,267 [SIM] search_track(Kevin Gates|Perfect Imperfection) -> 0 results
2026-03-11 20:51:22,267 [SIM] search_track(Kevin Gates|Renewed Ambition) -> 0 results
2026-03-11 20:51:22,267 [SIM] search_track(Kevin Gates|Satellites 2.5) -> 0 results
2026-03-11 20:51:22,267 [SIM] search_track(Kevin Gates|Satellites) -> 0 results
2026-03-11 20:51:22,267 [SIM] search_track(Kevin Gates|Weeks) -> 0 results
2026-03-11 20:51:22,267 [SIM] search_track(Kevin Gates|Power) -> 0 results
2026-03-11 20:51:22,267 [SIM] search_track(Kevin Gates|Birds Calling) -> 0 results
2026-03-11 20:51:22,268 [SIM] search_track(Kevin Gates|Broken Men) -> 0 results
2026-03-11 20:51:22,268 [SIM] search_track(Kevin Gates|Ceremony) -> 0 results
2026-03-11 20:51:22,268 [SIM] search_track(Kevin Gates|Do It Again) -> 0 results
2026-03-11 20:51:22,268 [SIM] search_track(Kevin Gates|Eater) -> 0 results
2026-03-11 20:51:22,268 [SIM] search_track(Kevin Gates|God Slippers) -> 0 results
2026-03-11 20:51:22,268 [SIM] search_track(Kevin Gates|Heal You) -> 0 results
2026-03-11 20:51:22,268 [SIM] search_track(Kevin Gates|Healing) -> 0 results
2026-03-11 20:51:22,268 [SIM] search_track(Kevin Gates|I Don’t Apologize) -> 0 results
2026-03-11 20:51:22,268 [SIM] search_track(Kevin Gates|It Won’t Happen) -> 0 results
2026-03-11 20:51:22,268 [SIM] search_track(Kevin Gates|Letter 2 My Fans) -> 0 results
2026-03-11 20:51:22,268 [SIM] search_track(Kevin Gates|Lil Yea) -> 0 results
2026-03-11 20:51:22,268 [SIM] search_track(Kevin Gates|Speed Dial) -> 0 results
2026-03-11 20:51:22,268 [SIM] search_track(Kevin Gates|Walmart) -> 0 results
2026-03-11 20:51:22,268 [SIM] search_track(Kevin Gates|Yonce Freestyle) -> 0 results
2026-03-11 20:51:22,268 [SIM] search_track(Khalid|Coaster) -> 0 results
2026-03-11 20:51:22,268 [SIM] search_track(Khalid|Location) -> 0 results
2026-03-11 20:51:22,295 [SIM] search_track(Khalid|Saved) -> 0 results
2026-03-11 20:51:22,295 [SIM] search_track(Khalid|Young Dumb & Broke) -> 0 results
2026-03-11 20:51:22,295 [SIM] search_track(Khalid|Better) -> 0 results
2026-03-11 20:51:22,295 [SIM] search_track(Khalid|Love Lies) -> 0 results
2026-03-11 20:51:22,296 [SIM] search_track(Kid Cudi|Man On The Moon) -> 0 results
2026-03-11 20:51:22,296 [SIM] search_track(Kid Cudi|The Prayer) -> 0 results
2026-03-11 20:51:22,296 [SIM] search_track(Kid Cudi|Angel) -> 0 results
2026-03-11 20:51:22,296 [SIM] search_track(Kid Cudi|Do What I Want) -> 0 results
2026-03-11 20:51:22,296 [SIM] search_track(Kid Cudi|Ignite The Love) -> 0 results
2026-03-11 20:51:22,296 [SIM] search_track(Kid Cudi|In Love) -> 0 results
2026-03-11 20:51:22,296 [SIM] search_track(Kid Cudi|New Mode) -> 0 results
2026-03-11 20:51:22,296 [SIM] search_track(Kid Cudi|Can't Shake Her) -> 0 results
2026-03-11 20:51:22,296 [SIM] search_track(Kid Cudi|Willing To Trust) -> 0 results
2026-03-11 20:51:22,296 [SIM] search_track(Kid Cudi|Deep Diving) -> 0 results
2026-03-11 20:51:22,296 [SIM] search_track(Kid Cudi|Grave) -> 0 results
2026-03-11 20:51:22,296 [SIM] search_track(Kid Cudi|Mr. Miracle) -> 0 results
2026-03-11 20:51:22,296 [SIM] search_track(Kid Cudi|Neverland) -> 0 results
2026-03-11 20:51:22,296 [SIM] search_track(Kid Cudi|Past Life) -> 0 results
2026-03-11 20:51:22,296 [SIM] search_track(Kid Cudi|Picnic In Paris) -> 0 results
2026-03-11 20:51:22,296 [SIM] search_track(Kid Cudi|Salt Water) -> 0 results
2026-03-11 20:51:22,296 [SIM] search_track(Kid Cudi|Stargazing) -> 0 results
2026-03-11 20:51:22,296 [SIM] search_track(Kid Cudi|Truman Show) -> 0 results
2026-03-11 20:51:22,296 [SIM] search_track(Kid Cudi|BLUE SKY) -> 0 results
2026-03-11 20:51:22,296 [SIM] search_track(Kid Cudi|CRASH TEST CUDI) -> 0 results
2026-03-11 20:51:22,296 [SIM] search_track(Kid Cudi|ELECTROWAVEBABY) -> 0 results
2026-03-11 20:51:22,324 [SIM] search_track(Kid Cudi|SUPERBOY) -> 0 results
2026-03-11 20:51:22,324 [SIM] search_track(Kid Cudi|WOW) -> 0 results
2026-03-11 20:51:22,324 [SIM] search_track(Kid Cudi|WIN OR LOSE) -> 0 results
2026-03-11 20:51:22,324 [SIM] search_track(Kid Cudi|OFTEN, I HAVE THESE DREAMZ) -> 0 results
2026-03-11 20:51:22,324 [SIM] search_track(Kid Cudi|I JUST WANNA GET) -> 0 results
2026-03-11 20:51:22,324 [SIM] search_track(Kid Cudi|SEVEN) -> 0 results
2026-03-11 20:51:22,324 [SIM] search_track(Kid Cudi|TOO DAMN HIGH) -> 0 results
2026-03-11 20:51:22,324 [SIM] search_track(Kid Cudi|Mojo So Dope) -> 0 results
2026-03-11 20:51:22,324 [SIM] search_track(Kid Cudi|Erase Me) -> 0 results
2026-03-11 20:51:22,324 [SIM] search_track(Kid Cudi|Day 'N' Nite) -> 0 results
2026-03-11 20:51:22,324 [SIM] search_track(Kid Cudi|In My Dreams) -> 0 results
2026-03-11 20:51:22,324 [SIM] search_track(Kid Cudi|Sky Might Fall) -> 0 results
2026-03-11 20:51:22,324 [SIM] search_track(Kid Cudi|Soundtrack 2 My Life) -> 0 results
2026-03-11 20:51:22,324 [SIM] search_track(Kid Cudi|Pursuit Of Happiness) -> 0 results
2026-03-11 20:51:22,324 [SIM] search_track(Kid Cudi|Do It Alone) -> 0 results
2026-03-11 20:51:22,324 [SIM] search_track(Kid Cudi|DONT WORRY) -> 0 results
2026-03-11 20:51:22,324 [SIM] search_track(Kid Ink|Dead Wrong) -> 0 results
2026-03-11 20:51:22,325 [SIM] search_track(Kid Ink|Put On (Am I Wrong)) -> 0 results
2026-03-11 20:51:22,325 [SIM] search_track(Kid Ink|Big Burna) -> 0 results
2026-03-11 20:51:22,325 [SIM] search_track(Kodak Black|Back For Everything) -> 0 results
2026-03-11 20:51:22,325 [SIM] search_track(Kodak Black|Elite Division) -> 0 results
2026-03-11 20:51:22,325 [SIM] search_track(Kodak Black|Grinding All Season) -> 0 results
2026-03-11 20:51:22,325 [SIM] search_track(Kodak Black|He Love the Streets) -> 0 results
2026-03-11 20:51:22,325 [SIM] search_track(Kodak Black|Hitting Houses) -> 0 results
2026-03-11 20:51:22,325 [SIM] search_track(Kodak Black|I Wish) -> 0 results
2026-03-11 20:51:22,353 [SIM] search_track(Kodak Black|Let Me Know) -> 0 results
2026-03-11 20:51:22,353 [SIM] search_track(Kodak Black|Love & War) -> 0 results
2026-03-11 20:51:22,353 [SIM] search_track(Kodak Black|Love Isn't Enough) -> 0 results
2026-03-11 20:51:22,353 [SIM] search_track(Kodak Black|Midas Touch) -> 0 results
2026-03-11 20:51:22,353 [SIM] search_track(Kodak Black|Omega) -> 0 results
2026-03-11 20:51:22,353 [SIM] search_track(Kodak Black|On Everything) -> 0 results
2026-03-11 20:51:22,353 [SIM] search_track(Kodak Black|Purple Stamp) -> 0 results
2026-03-11 20:51:22,353 [SIM] search_track(Kodak Black|Sink My Ship) -> 0 results
2026-03-11 20:51:22,353 [SIM] search_track(Kodak Black|Smackers) -> 0 results
2026-03-11 20:51:22,354 [SIM] search_track(Kodak Black|Super Gremlin) -> 0 results
2026-03-11 20:51:22,354 [SIM] search_track(Kodak Black|Usain Boo) -> 0 results
2026-03-11 20:51:22,354 [SIM] search_track(Kodak Black|Vulnerable (Free Cool)) -> 0 results
2026-03-11 20:51:22,354 [SIM] search_track(Kodak Black|Take You Back) -> 0 results
2026-03-11 20:51:22,354 [SIM] search_track(Kodak Black|Dummy Green) -> 0 results
2026-03-11 20:51:22,354 [SIM] search_track(Kodak Black|Eeny, Meeny, Miny, Moe) -> 0 results
2026-03-11 20:51:22,354 [SIM] search_track(Kodak Black|Feeling Myself Today) -> 0 results
2026-03-11 20:51:22,354 [SIM] search_track(Kodak Black|I Wanna Live) -> 0 results
2026-03-11 20:51:22,354 [SIM] search_track(Kodak Black|Pimpin Ain't Eazy) -> 0 results
2026-03-11 20:51:22,354 [SIM] search_track(Kodak Black|Remember The Times) -> 0 results
2026-03-11 20:51:22,354 [SIM] search_track(Kodak Black|Serene) -> 0 results
2026-03-11 20:51:22,354 [SIM] search_track(Kodak Black|The Fire) -> 0 results
2026-03-11 20:51:22,354 [SIM] search_track(Kodak Black|I Knew It) -> 0 results
2026-03-11 20:51:22,354 [SIM] search_track(Kodak Black|Spain) -> 0 results
2026-03-11 20:51:22,354 [SIM] search_track(Kodak Black|Make A Hit) -> 0 results
2026-03-11 20:51:22,354 [SIM] search_track(Kodak Black|Calling My Spirit) -> 0 results
2026-03-11 20:51:22,381 [SIM] search_track(Kodak Black|Close to the Grave) -> 0 results
2026-03-11 20:51:22,381 [SIM] search_track(Kodak Black|Could of Been Different) -> 0 results
2026-03-11 20:51:22,381 [SIM] search_track(Kodak Black|From the Cradle) -> 0 results
2026-03-11 20:51:22,382 [SIM] search_track(Kodak Black|Identity Theft) -> 0 results
2026-03-11 20:51:22,382 [SIM] search_track(Kodak Black|If I'm Lyin', I'm Flyin') -> 0 results
2026-03-11 20:51:22,382 [SIM] search_track(Kodak Black|In the Flesh) -> 0 results
2026-03-11 20:51:22,382 [SIM] search_track(Kodak Black|Malcolm X.X.X.) -> 0 results
2026-03-11 20:51:22,382 [SIM] search_track(Kodak Black|Needing Something) -> 0 results
2026-03-11 20:51:22,382 [SIM] search_track(Kodak Black|Take One) -> 0 results
2026-03-11 20:51:22,382 [SIM] search_track(Kodak Black|Testimony) -> 0 results
2026-03-11 20:51:22,382 [SIM] search_track(Kodak Black|This Forever) -> 0 results
2026-03-11 20:51:22,382 [SIM] search_track(Kodak Black|Transgression) -> 0 results
2026-03-11 20:51:22,382 [SIM] search_track(Kodak Black|MoshPit) -> 0 results
2026-03-11 20:51:22,382 [SIM] search_track(Kodak Black|Gnarly) -> 0 results
2026-03-11 20:51:22,382 [SIM] search_track(Kodak Black|ZEZE) -> 0 results
2026-03-11 20:51:22,382 [SIM] search_track(Kodak Black|Dirty K) -> 0 results
2026-03-11 20:51:22,382 [SIM] search_track(Kodak Black|Don’t Leave Me) -> 0 results
2026-03-11 20:51:22,382 [SIM] search_track(Kodak Black|Z Look Jamaican) -> 0 results
2026-03-11 20:51:22,382 [SIM] search_track(Kodak Black|Feelin' Peachy) -> 0 results
2026-03-11 20:51:22,382 [SIM] search_track(Kodak Black|Gleerious) -> 0 results
2026-03-11 20:51:22,382 [SIM] search_track(Kodak Black|White Toes) -> 0 results
2026-03-11 20:51:22,382 [SIM] search_track(Kodak Black|Amber Rolls) -> 0 results
2026-03-11 20:51:22,382 [SIM] search_track(Kodak Black|Demand My Respect) -> 0 results
2026-03-11 20:51:22,383 [SIM] search_track(Kodak Black|Hop Out Shoot) -> 0 results
2026-03-11 20:51:22,383 [SIM] search_track(Kodak Black|I Can’t Sleep) -> 0 results
2026-03-11 20:51:22,410 [SIM] search_track(Kodak Black|If You Ever) -> 0 results
2026-03-11 20:51:22,410 [SIM] search_track(Kodak Black|Kodak The Boss) -> 0 results
2026-03-11 20:51:22,410 [SIM] search_track(Kodak Black|Slay Like Santa) -> 0 results
2026-03-11 20:51:22,410 [SIM] search_track(Kodak Black|Bad Man) -> 0 results
2026-03-11 20:51:22,410 [SIM] search_track(Kodak Black|Gave It All I Got) -> 0 results
2026-03-11 20:51:22,411 [SIM] search_track(Kodak Black|Too Many Years) -> 0 results
2026-03-11 20:51:22,411 [SIM] search_track(Kodak Black|Day for Day) -> 0 results
2026-03-11 20:51:22,411 [SIM] search_track(Kodak Black|Patty Cake) -> 0 results
2026-03-11 20:51:22,411 [SIM] search_track(Kodak Black|Conscience) -> 0 results
2026-03-11 20:51:22,411 [SIM] search_track(Kodak Black|Die Today) -> 0 results
2026-03-11 20:51:22,411 [SIM] search_track(Kodak Black|Dope Boy Magic) -> 0 results
2026-03-11 20:51:22,411 [SIM] search_track(Kodak Black|Down With You) -> 0 results
2026-03-11 20:51:22,411 [SIM] search_track(Kodak Black|Follow Me) -> 0 results
2026-03-11 20:51:22,411 [SIM] search_track(Kodak Black|No Love For A Thug) -> 0 results
2026-03-11 20:51:22,411 [SIM] search_track(Kodak Black|Pistolz & Pearlz) -> 0 results
2026-03-11 20:51:22,411 [SIM] search_track(Kodak Black|Stay) -> 0 results
2026-03-11 20:51:22,411 [SIM] search_track(Kodak Black|X&O's) -> 0 results
2026-03-11 20:51:22,411 [SIM] search_track(Kodak Black|Flirting With Death) -> 0 results
2026-03-11 20:51:22,411 [SIM] search_track(Kodak Black|First Love) -> 0 results
2026-03-11 20:51:22,411 [SIM] search_track(Kodak Black|Misunderstood) -> 0 results
2026-03-11 20:51:22,411 [SIM] search_track(Kodak Black|Need a Break) -> 0 results
2026-03-11 20:51:22,411 [SIM] search_track(Kodak Black|The Recipe) -> 0 results
2026-03-11 20:51:22,411 [SIM] search_track(Kodak Black|Transportin') -> 0 results
2026-03-11 20:51:22,411 [SIM] search_track(Kodak Black|Up Late) -> 0 results
2026-03-11 20:51:22,411 [SIM] search_track(Kodak Black|Roll in Peace 2) -> 0 results
2026-03-11 20:51:22,438 [SIM] search_track(Kodak Black|Roll in Peace) -> 0 results
2026-03-11 20:51:22,438 [SIM] search_track(Kodak Black|2'CY) -> 0 results
2026-03-11 20:51:22,438 [SIM] search_track(Kodak Black|Closure) -> 0 results
2026-03-11 20:51:22,438 [SIM] search_track(Kodak Black|Easter In Miami) -> 0 results
2026-03-11 20:51:22,438 [SIM] search_track(Kodak Black|Eaze Your Mind) -> 0 results
2026-03-11 20:51:22,438 [SIM] search_track(Kodak Black|Falling Over) -> 0 results
2026-03-11 20:51:22,439 [SIM] search_track(Kodak Black|Institution) -> 0 results
2026-03-11 20:51:22,439 [SIM] search_track(Kodak Black|Last Day In) -> 0 results
2026-03-11 20:51:22,439 [SIM] search_track(Kodak Black|Nightmare Before Christmas) -> 0 results
2026-03-11 20:51:22,439 [SIM] search_track(Kodak Black|Senseless) -> 0 results
2026-03-11 20:51:22,439 [SIM] search_track(Kodak Black|Shampoo) -> 0 results
2026-03-11 20:51:22,439 [SIM] search_track(Kodak Black|Skrt) -> 0 results
2026-03-11 20:51:22,439 [SIM] search_track(Kodak Black|Tunnel Vision) -> 0 results
2026-03-11 20:51:22,439 [SIM] search_track(Kodak Black|Heart Mind) -> 0 results
2026-03-11 20:51:22,439 [SIM] search_track(Kodak Black|Still Get Chanel) -> 0 results
2026-03-11 20:51:22,439 [SIM] search_track(Kodak Black|When You See Me I'm White) -> 0 results
2026-03-11 20:51:22,439 [SIM] search_track(Kodak Black|Before I Go) -> 0 results
2026-03-11 20:51:22,439 [SIM] search_track(Kodak Black|Righteous Reapers) -> 0 results
2026-03-11 20:51:22,439 [SIM] search_track(KOTA The Friend|Mi Casa) -> 0 results
2026-03-11 20:51:22,439 [SIM] search_track(KOTA The Friend|Summerhouse) -> 0 results
2026-03-11 20:51:22,439 [SIM] search_track(KOTA The Friend|Long Beach) -> 0 results
2026-03-11 20:51:22,439 [SIM] search_track(KOTA The Friend|B.Q.E) -> 0 results
2026-03-11 20:51:22,439 [SIM] search_track(KOTA The Friend|Always) -> 0 results
2026-03-11 20:51:22,439 [SIM] search_track(KOTA The Friend|5 Percenters) -> 0 results
2026-03-11 20:51:22,439 [SIM] search_track(KOTA The Friend|GOOD NUMBERS) -> 0 results
2026-03-11 20:51:22,465 [SIM] search_track(KOTA The Friend|NO RAP ON SUNDAY) -> 0 results
2026-03-11 20:51:22,465 [SIM] search_track(KOTA The Friend|PNW) -> 0 results
2026-03-11 20:51:22,465 [SIM] search_track(KOTA The Friend|Tuesday) -> 0 results
2026-03-11 20:51:22,465 [SIM] search_track(KOTA The Friend|US vs. Everybody) -> 0 results
2026-03-11 20:51:22,465 [SIM] search_track(KOTA The Friend|MICHIGAN) -> 0 results
2026-03-11 20:51:22,465 [SIM] search_track(KOTA The Friend|Sunday In Brooklyn) -> 0 results
2026-03-11 20:51:22,465 [SIM] search_track(KOTA The Friend|HELLO) -> 0 results
2026-03-11 20:51:22,466 [SIM] search_track(KOTA The Friend|Cozy Girls) -> 0 results
2026-03-11 20:51:22,466 [SIM] search_track(KOTA The Friend|It's A Good Life) -> 0 results
2026-03-11 20:51:22,466 [SIM] search_track(KOTA The Friend|Solar Return II) -> 0 results
2026-03-11 20:51:22,466 [SIM] search_track(KOTA The Friend|Dear Fear) -> 0 results
2026-03-11 20:51:22,466 [SIM] search_track(KOTA The Friend|Face It) -> 0 results
2026-03-11 20:51:22,466 [SIM] search_track(KOTA The Friend|Good Friday) -> 0 results
2026-03-11 20:51:22,466 [SIM] search_track(KOTA The Friend|Grateful) -> 0 results
2026-03-11 20:51:22,466 [SIM] search_track(KOTA The Friend|I'm It) -> 0 results
2026-03-11 20:51:22,466 [SIM] search_track(KOTA The Friend|Luke Cage) -> 0 results
2026-03-11 20:51:22,466 [SIM] search_track(KRS-One|Hip Hop Lives) -> 0 results
2026-03-11 20:51:22,466 [SIM] search_track(KRS-One|Rising To The Top) -> 0 results
2026-03-11 20:51:22,466 [SIM] search_track(KRS-One|The Victory) -> 0 results
2026-03-11 20:51:22,466 [SIM] search_track(KRS-One|This Is What It Is) -> 0 results
2026-03-11 20:51:22,466 [SIM] search_track(KRS-One|I Been There) -> 0 results
2026-03-11 20:51:22,466 [SIM] search_track(KRS-One|Still Spittin') -> 0 results
2026-03-11 20:51:22,466 [SIM] search_track(KRS-One|You Gon Go?) -> 0 results
2026-03-11 20:51:22,466 [SIM] search_track(KRS-One|How Bad Do You Want It) -> 0 results
2026-03-11 20:51:22,466 [SIM] search_track(KRS-One|Keep Movin (True Story)) -> 0 results
2026-03-11 20:51:22,492 [SIM] search_track(KRS-One|Peter The Dreamer) -> 0 results
2026-03-11 20:51:22,493 [SIM] search_track(KRS-One|Somebody) -> 0 results
2026-03-11 20:51:22,493 [SIM] search_track(KRS-One|Stop It) -> 0 results
2026-03-11 20:51:22,493 [SIM] search_track(KRS-One|Supposed To Be) -> 0 results
2026-03-11 20:51:22,493 [SIM] search_track(KRS-One|That's It) -> 0 results
2026-03-11 20:51:22,493 [SIM] search_track(KRS-One|The Only One) -> 0 results
2026-03-11 20:51:22,493 [SIM] search_track(KRS-One|Freedom) -> 0 results
2026-03-11 20:51:22,493 [SIM] search_track(KRS-One|I Am There) -> 0 results
2026-03-11 20:51:22,493 [SIM] search_track(KRS-One|I'm On The Mic) -> 0 results
2026-03-11 20:51:22,493 [SIM] search_track(KRS-One|Life Interlude) -> 0 results
2026-03-11 20:51:22,493 [SIM] search_track(KRS-One|Disaster Kit) -> 0 results
2026-03-11 20:51:22,493 [SIM] search_track(KRS-One|The System Gotcha) -> 0 results
2026-03-11 20:51:22,493 [SIM] search_track(KRS-One|A Friend) -> 0 results
2026-03-11 20:51:22,493 [SIM] search_track(KRS-One|Just Like That) -> 0 results
2026-03-11 20:51:22,493 [SIM] search_track(KRS-One|Knowledge Reigns Supreme) -> 0 results
2026-03-11 20:51:22,493 [SIM] search_track(KRS-One|Hot) -> 0 results
2026-03-11 20:51:22,493 [SIM] search_track(KRS-One|Hush) -> 0 results
2026-03-11 20:51:22,493 [SIM] search_track(KRS-One|The Lessin) -> 0 results
2026-03-11 20:51:22,493 [SIM] search_track(KRS-One|The Raptism) -> 0 results
2026-03-11 20:51:22,493 [SIM] search_track(KRS-One|Be Original) -> 0 results
2026-03-11 20:51:22,493 [SIM] search_track(KRS-One|Forever Hip Hop) -> 0 results
2026-03-11 20:51:22,494 [SIM] search_track(KRS-One|Mic Check) -> 0 results
2026-03-11 20:51:22,494 [SIM] search_track(KRS-One|Open Your Mind) -> 0 results
2026-03-11 20:51:22,494 [SIM] search_track(KRS-One|Re Mind Yourself) -> 0 results
2026-03-11 20:51:22,494 [SIM] search_track(KRS-One|Amazin) -> 0 results
2026-03-11 20:51:22,520 [SIM] search_track(KRS-One|Clean Up Crew) -> 0 results
2026-03-11 20:51:22,520 [SIM] search_track(KRS-One|Connection) -> 0 results
2026-03-11 20:51:22,520 [SIM] search_track(KRS-One|Hear No Evil) -> 0 results
2026-03-11 20:51:22,520 [SIM] search_track(KRS-One|Murder 1) -> 0 results
2026-03-11 20:51:22,520 [SIM] search_track(KRS-One|Oh Really) -> 0 results
2026-03-11 20:51:22,520 [SIM] search_track(KRS-One|One Shot) -> 0 results
2026-03-11 20:51:22,520 [SIM] search_track(KRS-One|Past*Present*Future) -> 0 results
2026-03-11 20:51:22,520 [SIM] search_track(KRS-One|Robot) -> 0 results
2026-03-11 20:51:22,520 [SIM] search_track(KRS-One|Runnin Away) -> 0 results
2026-03-11 20:51:22,520 [SIM] search_track(KRS-One|Survival Skills) -> 0 results
2026-03-11 20:51:22,520 [SIM] search_track(KRS-One|The Way I Live) -> 0 results
2026-03-11 20:51:22,521 [SIM] search_track(KRS-One|Think of All the Things) -> 0 results
2026-03-11 20:51:22,521 [SIM] search_track(KRS-One|We Made It) -> 0 results
2026-03-11 20:51:22,521 [SIM] search_track(KRS-One|Can't Stop, Won't Stop) -> 0 results
2026-03-11 20:51:22,521 [SIM] search_track(KRS-One|Edutainment) -> 0 results
2026-03-11 20:51:22,521 [SIM] search_track(KRS-One|MC's Act Like They Don't Know) -> 0 results
2026-03-11 20:51:22,521 [SIM] search_track(KRS-One|Sound of da Police) -> 0 results
2026-03-11 20:51:22,521 [SIM] search_track(KRS-One|Step into a World) -> 0 results
2026-03-11 20:51:22,521 [SIM] search_track(KRS-One|The MC) -> 0 results
2026-03-11 20:51:22,521 [SIM] search_track(KRS-One|You Must Learn) -> 0 results
2026-03-11 20:51:22,521 [SIM] search_track(KRS-One|Essays on BDP-ism) -> 0 results
2026-03-11 20:51:22,521 [SIM] search_track(KRS-One|Original Lyrics) -> 0 results
2026-03-11 20:51:22,521 [SIM] search_track(KRS-One|Don't Ever Stop) -> 0 results
2026-03-11 20:51:22,521 [SIM] search_track(KRS-One|F*ck This) -> 0 results
2026-03-11 20:51:22,521 [SIM] search_track(KRS-One|Hip Hop Speaks From Heaven) -> 0 results
2026-03-11 20:51:22,547 [SIM] search_track(KRS-One|My Dreams) -> 0 results
2026-03-11 20:51:22,547 [SIM] search_track(KRS-One|Out for Fame) -> 0 results
2026-03-11 20:51:22,547 [SIM] search_track(KRS-One|The World Is MIND) -> 0 results
2026-03-11 20:51:22,547 [SIM] search_track(KRS-One|You Ain't Got Time) -> 0 results
2026-03-11 20:51:22,547 [SIM] search_track(KSI|Holiday) -> 0 results
2026-03-11 20:51:22,547 [SIM] search_track(KSI|Low) -> 0 results
2026-03-11 20:51:22,547 [SIM] search_track(KSI|The Moment) -> 0 results
2026-03-11 20:51:22,547 [SIM] search_track(KSI|Thick Of It) -> 0 results
2026-03-11 20:51:22,547 [SIM] search_track(KSI|Lose) -> 0 results
2026-03-11 20:51:22,547 [SIM] search_track(Kyle|Cmon) -> 0 results
2026-03-11 20:51:22,547 [SIM] search_track(Kyle|Do Not Answer) -> 0 results
2026-03-11 20:51:22,547 [SIM] search_track(Kyle|Love's theme song) -> 0 results
2026-03-11 20:51:22,547 [SIM] search_track(Kyle|Perfect) -> 0 results
2026-03-11 20:51:22,547 [SIM] search_track(Kyle|Personal) -> 0 results
2026-03-11 20:51:22,548 [SIM] search_track(Kyle|Shiesty) -> 0 results
2026-03-11 20:51:22,548 [SIM] search_track(Kyle|Sleepyhead) -> 0 results
2026-03-11 20:51:22,548 [SIM] search_track(Kyle|Sunday) -> 0 results
2026-03-11 20:51:22,548 [SIM] search_track(Kyle|Eternity) -> 0 results
2026-03-11 20:51:22,548 [SIM] search_track(Kyle|Unreplaceable) -> 0 results
2026-03-11 20:51:22,548 [SIM] search_track(Kyle|Optimistic) -> 0 results
2026-03-11 20:51:22,548 [SIM] search_track(Kyle|Thumb thru) -> 0 results
2026-03-11 20:51:22,548 [SIM] search_track(Kyle|Playinwitme) -> 0 results
2026-03-11 20:51:22,548 [SIM] search_track(Kyle|Hey Julie!) -> 0 results
2026-03-11 20:51:22,548 [SIM] search_track(Kyle|iSpy) -> 0 results
2026-03-11 20:51:22,548 [SIM] search_track(Kyle|Moment) -> 0 results
2026-03-11 20:51:22,574 [SIM] search_track(Kyle|ALL MY DREAMS) -> 0 results
2026-03-11 20:51:22,574 [SIM] search_track(Kyle|EVERY SINGLE NIGHT) -> 0 results
2026-03-11 20:51:22,574 [SIM] search_track(Kyle|GOOD NECK) -> 0 results
2026-03-11 20:51:22,574 [SIM] search_track(Kyle|I LIKE HOES) -> 0 results
2026-03-11 20:51:22,574 [SIM] search_track(Kyle|I REALLY HOPE) -> 0 results
2026-03-11 20:51:22,574 [SIM] search_track(Kyle|LONELY) -> 0 results
2026-03-11 20:51:22,574 [SIM] search_track(Kyle|T'D UP) -> 0 results
2026-03-11 20:51:22,574 [SIM] search_track(Kyle|Carefree) -> 0 results
2026-03-11 20:51:22,574 [SIM] search_track(Kyle|Girls, Girls, Girls) -> 0 results
2026-03-11 20:51:22,574 [SIM] search_track(Kyle|Just a Picture) -> 0 results
2026-03-11 20:51:22,574 [SIM] search_track(Kyle|Keep it Real) -> 0 results
2026-03-11 20:51:22,574 [SIM] search_track(Kyle|Nothing 2 Lose) -> 0 results
2026-03-11 20:51:22,574 [SIM] search_track(Kyle|Raining Love) -> 0 results
2026-03-11 20:51:22,574 [SIM] search_track(Kyle|What It Is) -> 0 results
2026-03-11 20:51:22,574 [SIM] search_track(Kyle|Somethin Bout U) -> 0 results
2026-03-11 20:51:22,575 [SIM] search_track(Kyle|YES!) -> 0 results
2026-03-11 20:51:22,575 [SIM] search_track(Lady Gaga|Shallow) -> 0 results
2026-03-11 20:51:22,575 [SIM] search_track(Lady Gaga|Paparazzi) -> 0 results
2026-03-11 20:51:22,575 [SIM] search_track(Lady Gaga|Poker Face) -> 0 results
2026-03-11 20:51:22,575 [SIM] search_track(Lady Gaga|Telephone) -> 0 results
2026-03-11 20:51:22,575 [SIM] search_track(Lady Gaga|Just Dance) -> 0 results
2026-03-11 20:51:22,575 [SIM] search_track(Lady Gaga|Starstruck) -> 0 results
2026-03-11 20:51:22,575 [SIM] search_track(Lana Del Rey|American) -> 0 results
2026-03-11 20:51:22,575 [SIM] search_track(Lana Del Rey|Bel Air) -> 0 results
2026-03-11 20:51:22,575 [SIM] search_track(Lana Del Rey|Blue Jeans) -> 0 results
2026-03-11 20:51:22,601 [SIM] search_track(Lana Del Rey|Blue Velvet) -> 0 results
2026-03-11 20:51:22,601 [SIM] search_track(Lana Del Rey|Body Electric) -> 0 results
2026-03-11 20:51:22,601 [SIM] search_track(Lana Del Rey|Born To Die) -> 0 results
2026-03-11 20:51:22,602 [SIM] search_track(Lana Del Rey|Burning Desire) -> 0 results
2026-03-11 20:51:22,602 [SIM] search_track(Lana Del Rey|Carmen) -> 0 results
2026-03-11 20:51:22,602 [SIM] search_track(Lana Del Rey|Cola) -> 0 results
2026-03-11 20:51:22,602 [SIM] search_track(Lana Del Rey|Dark Paradise) -> 0 results
2026-03-11 20:51:22,602 [SIM] search_track(Lana Del Rey|Diet Mountain Dew) -> 0 results
2026-03-11 20:51:22,602 [SIM] search_track(Lana Del Rey|Gods & Monsters) -> 0 results
2026-03-11 20:51:22,602 [SIM] search_track(Lana Del Rey|Lolita) -> 0 results
2026-03-11 20:51:22,602 [SIM] search_track(Lana Del Rey|Lucky Ones) -> 0 results
2026-03-11 20:51:22,602 [SIM] search_track(Lana Del Rey|Million Dollar Man) -> 0 results
2026-03-11 20:51:22,602 [SIM] search_track(Lana Del Rey|National Anthem) -> 0 results
2026-03-11 20:51:22,602 [SIM] search_track(Lana Del Rey|Off To The Races) -> 0 results
2026-03-11 20:51:22,602 [SIM] search_track(Lana Del Rey|Radio) -> 0 results
2026-03-11 20:51:22,602 [SIM] search_track(Lana Del Rey|Ride) -> 0 results
2026-03-11 20:51:22,602 [SIM] search_track(Lana Del Rey|Summertime Sadness) -> 0 results
2026-03-11 20:51:22,602 [SIM] search_track(Lana Del Rey|This Is What Makes Us Girls) -> 0 results
2026-03-11 20:51:22,602 [SIM] search_track(Lana Del Rey|Video Games) -> 0 results
2026-03-11 20:51:22,602 [SIM] search_track(Lana Del Rey|Without You) -> 0 results
2026-03-11 20:51:22,602 [SIM] search_track(Lana Del Rey|Yayo) -> 0 results
2026-03-11 20:51:22,602 [SIM] search_track(Lana Del Rey|Love) -> 0 results
2026-03-11 20:51:22,602 [SIM] search_track(Lana Del Rey|Groupie Love) -> 0 results
2026-03-11 20:51:22,602 [SIM] search_track(Lana Del Rey|Summer Bummer) -> 0 results
2026-03-11 20:51:22,602 [SIM] search_track(Lana Del Rey|Young And Beautiful) -> 0 results
2026-03-11 20:51:22,628 [SIM] search_track(Leonard Cohen|Suzanne) -> 0 results
2026-03-11 20:51:22,628 [SIM] search_track(Leonard Cohen|You Want It Darker) -> 0 results
2026-03-11 20:51:22,628 [SIM] search_track(Leonard Cohen|Everybody Knows) -> 0 results
2026-03-11 20:51:22,628 [SIM] search_track(Leonard Cohen|Hallelujah) -> 0 results
2026-03-11 20:51:22,628 [SIM] search_track(Lil Dicky|Earth) -> 0 results
2026-03-11 20:51:22,628 [SIM] search_track(Lil Dicky|Lemme Freak) -> 0 results
2026-03-11 20:51:22,628 [SIM] search_track(Lil Dicky|Freaky Friday) -> 0 results
2026-03-11 20:51:22,629 [SIM] search_track(Lil Dicky|$ave Dat Money) -> 0 results
2026-03-11 20:51:22,629 [SIM] search_track(Lil Dicky|We Good) -> 0 results
2026-03-11 20:51:22,629 [SIM] search_track(Lil Mosey|Blueberry Faygo) -> 0 results
2026-03-11 20:51:22,629 [SIM] search_track(Lil Mosey|Dreamin) -> 0 results
2026-03-11 20:51:22,629 [SIM] search_track(Lil Mosey|Jet To The West) -> 0 results
2026-03-11 20:51:22,629 [SIM] search_track(Lil Mosey|Live This Wild) -> 0 results
2026-03-11 20:51:22,629 [SIM] search_track(Lil Mosey|Rose Gold) -> 0 results
2026-03-11 20:51:22,629 [SIM] search_track(Lil Mosey|So Fast) -> 0 results
2026-03-11 20:51:22,629 [SIM] search_track(Lil Mosey|Speed Racin) -> 0 results
2026-03-11 20:51:22,629 [SIM] search_track(Lil Mosey|Stuck In A Dream) -> 0 results
2026-03-11 20:51:22,629 [SIM] search_track(Lil Mosey|Never Scared) -> 0 results
2026-03-11 20:51:22,629 [SIM] search_track(Lil Mosey|24/7) -> 0 results
2026-03-11 20:51:22,629 [SIM] search_track(Lil Mosey|<3) -> 0 results
2026-03-11 20:51:22,629 [SIM] search_track(Lil Mosey|Feel) -> 0 results
2026-03-11 20:51:22,629 [SIM] search_track(Lil Mosey|Heavily) -> 0 results
2026-03-11 20:51:22,629 [SIM] search_track(Lil Mosey|Loaded) -> 0 results
2026-03-11 20:51:22,629 [SIM] search_track(Lil Mosey|Love U Bby) -> 0 results
2026-03-11 20:51:22,629 [SIM] search_track(Lil Mosey|Margiela Pink) -> 0 results
2026-03-11 20:51:22,655 [SIM] search_track(Lil Mosey|By Yourself) -> 0 results
2026-03-11 20:51:22,655 [SIM] search_track(Lil Mosey|Planet) -> 0 results
2026-03-11 20:51:22,655 [SIM] search_track(Lil Mosey|Stuck in October) -> 0 results
2026-03-11 20:51:22,655 [SIM] search_track(Lil Mosey|This Time) -> 0 results
2026-03-11 20:51:22,655 [SIM] search_track(Lil Mosey|Boof Pack) -> 0 results
2026-03-11 20:51:22,656 [SIM] search_track(Lil Mosey|Burberry Headband) -> 0 results
2026-03-11 20:51:22,656 [SIM] search_track(Lil Mosey|Bust Down Cartier) -> 0 results
2026-03-11 20:51:22,656 [SIM] search_track(Lil Mosey|Greet Her) -> 0 results
2026-03-11 20:51:22,656 [SIM] search_track(Lil Mosey|Kamikaze) -> 0 results
2026-03-11 20:51:22,656 [SIM] search_track(Lil Mosey|Noticed) -> 0 results
2026-03-11 20:51:22,656 [SIM] search_track(Lil Mosey|Pull Up) -> 0 results
2026-03-11 20:51:22,656 [SIM] search_track(Lil Mosey|Rarri) -> 0 results
2026-03-11 20:51:22,656 [SIM] search_track(Lil Mosey|That's My Bitch) -> 0 results
2026-03-11 20:51:22,656 [SIM] search_track(Lil Mosey|Trapstar) -> 0 results
2026-03-11 20:51:22,656 [SIM] search_track(Lil Mosey|Yoppa) -> 0 results
2026-03-11 20:51:22,656 [SIM] search_track(Lil Mosey|Ain't It A Flex) -> 0 results
2026-03-11 20:51:22,656 [SIM] search_track(Lil Mosey|Anybody) -> 0 results
2026-03-11 20:51:22,656 [SIM] search_track(Lil Mosey|Enough) -> 0 results
2026-03-11 20:51:22,656 [SIM] search_track(Lil Mosey|Falling) -> 0 results
2026-03-11 20:51:22,656 [SIM] search_track(Lil Mosey|Not The Same God As Mine) -> 0 results
2026-03-11 20:51:22,656 [SIM] search_track(Lil Mosey|Problem Solvin) -> 0 results
2026-03-11 20:51:22,656 [SIM] search_track(Lil Mosey|Try Me) -> 0 results
2026-03-11 20:51:22,656 [SIM] search_track(Lil Mosey|Paid Up) -> 0 results
2026-03-11 20:51:22,656 [SIM] search_track(Lil Mosey|Sick Today) -> 0 results
2026-03-11 20:51:22,656 [SIM] search_track(Lil Nas X|Panini) -> 0 results
2026-03-11 20:51:22,683 [SIM] search_track(Lil Nas X|Old Town Road) -> 0 results
2026-03-11 20:51:22,683 [SIM] search_track(Lil Nas X|Rodeo) -> 0 results
2026-03-11 20:51:22,683 [SIM] search_track(Lil Tecca|Dark Thoughts) -> 0 results
2026-03-11 20:51:22,684 [SIM] search_track(Lil Tecca|Don’t Rush) -> 0 results
2026-03-11 20:51:22,684 [SIM] search_track(Lil Tecca|Favorite Lie) -> 0 results
2026-03-11 20:51:22,684 [SIM] search_track(Lil Tecca|Half The Plot) -> 0 results
2026-03-11 20:51:22,684 [SIM] search_track(Lil Tecca|Hollywood) -> 0 results
2026-03-11 20:51:22,684 [SIM] search_track(Lil Tecca|Irish Goodbye) -> 0 results
2026-03-11 20:51:22,684 [SIM] search_track(Lil Tecca|OWA OWA) -> 0 results
2026-03-11 20:51:22,684 [SIM] search_track(Lil Tecca|The Truth) -> 0 results
2026-03-11 20:51:22,684 [SIM] search_track(Lil Tecca|X Factor) -> 0 results
2026-03-11 20:51:22,684 [SIM] search_track(Lil Tecca|Blessing) -> 0 results
2026-03-11 20:51:22,684 [SIM] search_track(Lil Tecca|Fallin) -> 0 results
2026-03-11 20:51:22,684 [SIM] search_track(Lil Tecca|Faster) -> 0 results
2026-03-11 20:51:22,684 [SIM] search_track(Lil Tecca|When You Down) -> 0 results
2026-03-11 20:51:22,684 [SIM] search_track(Lil Tecca|Gist) -> 0 results
2026-03-11 20:51:22,684 [SIM] search_track(Lil Tecca|Need Me) -> 0 results
2026-03-11 20:51:22,684 [SIM] search_track(Lil Tecca|Real Discussions) -> 0 results
2026-03-11 20:51:22,684 [SIM] search_track(Lil Tecca|TEC) -> 0 results
2026-03-11 20:51:22,684 [SIM] search_track(Lil Tecca|Want It Bad) -> 0 results
2026-03-11 20:51:22,684 [SIM] search_track(Lil Tecca|HVN ON EARTH) -> 0 results
2026-03-11 20:51:22,684 [SIM] search_track(Lil Tecca|Amigo) -> 0 results
2026-03-11 20:51:22,684 [SIM] search_track(Lil Tecca|Bossanova) -> 0 results
2026-03-11 20:51:22,684 [SIM] search_track(Lil Tecca|Count Me Out) -> 0 results
2026-03-11 20:51:22,684 [SIM] search_track(Lil Tecca|Did It Again) -> 0 results
2026-03-11 20:51:22,710 [SIM] search_track(Lil Tecca|DUI) -> 0 results
2026-03-11 20:51:22,710 [SIM] search_track(Lil Tecca|Glo Up) -> 0 results
2026-03-11 20:51:22,710 [SIM] search_track(Lil Tecca|Left, Right) -> 0 results
2026-03-11 20:51:22,710 [SIM] search_track(Lil Tecca|Love Me) -> 0 results
2026-03-11 20:51:22,710 [SIM] search_track(Lil Tecca|Molly Girl) -> 0 results
2026-03-11 20:51:22,711 [SIM] search_track(Lil Tecca|Out Of Luck) -> 0 results
2026-03-11 20:51:22,711 [SIM] search_track(Lil Tecca|Phenom) -> 0 results
2026-03-11 20:51:22,711 [SIM] search_track(Lil Tecca|Ransom) -> 0 results
2026-03-11 20:51:22,711 [SIM] search_track(Lil Tecca|Senorita) -> 0 results
2026-03-11 20:51:22,711 [SIM] search_track(Lil Tecca|Shots) -> 0 results
2026-03-11 20:51:22,711 [SIM] search_track(Lil Tecca|Sidenote) -> 0 results
2026-03-11 20:51:22,711 [SIM] search_track(Lil Tecca|The Score) -> 0 results
2026-03-11 20:51:22,711 [SIM] search_track(Lil Tecca|Weatherman) -> 0 results
2026-03-11 20:51:22,711 [SIM] search_track(Lil Tecca|Ransom (Remix)) -> 0 results
2026-03-11 20:51:22,711 [SIM] search_track(Lil Tecca|CAUTION) -> 0 results
2026-03-11 20:51:22,711 [SIM] search_track(Lil Tecca|DID THAT) -> 0 results
2026-03-11 20:51:22,711 [SIM] search_track(Lil Tecca|EVERYWHERE I GO) -> 0 results
2026-03-11 20:51:22,711 [SIM] search_track(Lil Tecca|FEE) -> 0 results
2026-03-11 20:51:22,711 [SIM] search_track(Lil Tecca|INVESTIGATION) -> 0 results
2026-03-11 20:51:22,711 [SIM] search_track(Lil Tecca|LOT OF ME) -> 0 results
2026-03-11 20:51:22,711 [SIM] search_track(Lil Tecca|MONEY ON ME) -> 0 results
2026-03-11 20:51:22,711 [SIM] search_track(Lil Tecca|MY SIDE) -> 0 results
2026-03-11 20:51:22,711 [SIM] search_track(Lil Tecca|NADA) -> 0 results
2026-03-11 20:51:22,711 [SIM] search_track(Lil Tecca|NEVER LEFT) -> 0 results
2026-03-11 20:51:22,711 [SIM] search_track(Lil Tecca|NO DISCUSSION) -> 0 results
2026-03-11 20:51:22,737 [SIM] search_track(Lil Tecca|SHOOTERS) -> 0 results
2026-03-11 20:51:22,737 [SIM] search_track(Lil Tecca|WHATEVER) -> 0 results
2026-03-11 20:51:22,737 [SIM] search_track(Lil Tecca|YOU DON'T NEED ME NO MORE) -> 0 results
2026-03-11 20:51:22,737 [SIM] search_track(Lil Tecca|YOU GOTTA GO DO BETTER) -> 0 results
2026-03-11 20:51:22,737 [SIM] search_track(Lil Tecca|CHOPPA SHOOT THE LOUDEST) -> 0 results
2026-03-11 20:51:22,737 [SIM] search_track(Lil Tecca|REPEAT IT) -> 0 results
2026-03-11 20:51:22,737 [SIM] search_track(Lil Tecca|SEASIDE) -> 0 results
2026-03-11 20:51:22,738 [SIM] search_track(Lil Tecca|BANK TELLER) -> 0 results
2026-03-11 20:51:22,738 [SIM] search_track(Lil Tecca|ABOUT YOU) -> 0 results
2026-03-11 20:51:22,738 [SIM] search_track(Lil Uzi Vert|Baby Pluto) -> 0 results
2026-03-11 20:51:22,738 [SIM] search_track(Lil Uzi Vert|Futsal Shuffle 2020) -> 0 results
2026-03-11 20:51:22,738 [SIM] search_track(Lil Uzi Vert|Lo Mein) -> 0 results
2026-03-11 20:51:22,738 [SIM] search_track(Lil Uzi Vert|Moon Relate) -> 0 results
2026-03-11 20:51:22,738 [SIM] search_track(Lil Uzi Vert|Myron) -> 0 results
2026-03-11 20:51:22,738 [SIM] search_track(Lil Uzi Vert|P2) -> 0 results
2026-03-11 20:51:22,738 [SIM] search_track(Lil Uzi Vert|That Way) -> 0 results
2026-03-11 20:51:22,738 [SIM] search_track(Lil Uzi Vert|Bean (Kobe)) -> 0 results
2026-03-11 20:51:22,738 [SIM] search_track(Lil Uzi Vert|Leaders) -> 0 results
2026-03-11 20:51:22,738 [SIM] search_track(Lil Uzi Vert|Do What I Want) -> 0 results
2026-03-11 20:51:22,738 [SIM] search_track(Lil Uzi Vert|Erase Your Social) -> 0 results
2026-03-11 20:51:22,738 [SIM] search_track(Lil Uzi Vert|Sanguine Paradise) -> 0 results
2026-03-11 20:51:22,738 [SIM] search_track(Lil Uzi Vert|Two®) -> 0 results
2026-03-11 20:51:22,738 [SIM] search_track(Lil Uzi Vert|You Was Right) -> 0 results
2026-03-11 20:51:22,738 [SIM] search_track(Lil Uzi Vert|The Way Life Goes) -> 0 results
2026-03-11 20:51:22,738 [SIM] search_track(Lil Uzi Vert|Ballin) -> 0 results
2026-03-11 20:51:22,765 [SIM] search_track(Lil Wayne|God Bless Amerika) -> 0 results
2026-03-11 20:51:22,765 [SIM] search_track(Lil Wayne|Two Four (Kobe)) -> 0 results
2026-03-11 20:51:22,765 [SIM] search_track(Lil Wayne|Mrs. Officer) -> 0 results
2026-03-11 20:51:22,765 [SIM] search_track(Lil Wayne|Bless) -> 0 results
2026-03-11 20:51:22,765 [SIM] search_track(Lil Wayne|Right Above It) -> 0 results
2026-03-11 20:51:22,765 [SIM] search_track(Lil Wayne|Bleu Snappin') -> 0 results
2026-03-11 20:51:22,765 [SIM] search_track(Lil Wayne|Hands Up (My Last)) -> 0 results
2026-03-11 20:51:22,765 [SIM] search_track(Lil Wayne|Sorry 4 The Wait) -> 0 results
2026-03-11 20:51:22,765 [SIM] search_track(Lil Wayne|Tunechi's Room) -> 0 results
2026-03-11 20:51:22,765 [SIM] search_track(Lil Wayne|Twist Made Me) -> 0 results
2026-03-11 20:51:22,765 [SIM] search_track(Lil Wayne|Shine) -> 0 results
2026-03-11 20:51:22,765 [SIM] search_track(Lil Wayne|Hoes) -> 0 results
2026-03-11 20:51:22,766 [SIM] search_track(Lil Wayne|How To Love) -> 0 results
2026-03-11 20:51:22,766 [SIM] search_track(Lil Wayne|Mirror) -> 0 results
2026-03-11 20:51:22,766 [SIM] search_track(Lil Wayne|Let It All Work Out) -> 0 results
2026-03-11 20:51:22,766 [SIM] search_track(Lil Wayne|Famous) -> 0 results
2026-03-11 20:51:22,766 [SIM] search_track(Lil Wayne|Dope Niggaz) -> 0 results
2026-03-11 20:51:22,766 [SIM] search_track(Lil Wayne|Feelin' Like Tunechi) -> 0 results
2026-03-11 20:51:22,766 [SIM] search_track(Lil Wayne|Trust Fund) -> 0 results
2026-03-11 20:51:22,766 [SIM] search_track(Lil Yachty|One Night) -> 0 results
2026-03-11 20:51:22,766 [SIM] search_track(Lil Yachty|Poland) -> 0 results
2026-03-11 20:51:22,766 [SIM] search_track(Lil Yachty|Oprah's Bank Account) -> 0 results
2026-03-11 20:51:22,766 [SIM] search_track(Lil Yachty|Yacht Club) -> 0 results
2026-03-11 20:51:22,766 [SIM] search_track(Lil Yachty|Bring It Back) -> 0 results
2026-03-11 20:51:22,766 [SIM] search_track(Lil Yachty|FYI (Know Now)) -> 0 results
2026-03-11 20:51:22,792 [SIM] search_track(Lil Yachty|Made Of Glass) -> 0 results
2026-03-11 20:51:22,792 [SIM] search_track(Lil Yachty|Say My Name) -> 0 results
2026-03-11 20:51:22,792 [SIM] search_track(Lil Yachty|Forever Young) -> 0 results
2026-03-11 20:51:22,792 [SIM] search_track(Lil Yachty|Better) -> 0 results
2026-03-11 20:51:22,792 [SIM] search_track(Lil Yachty|All Around Me) -> 0 results
2026-03-11 20:51:22,792 [SIM] search_track(LL COOL J|Bath Salt) -> 0 results
2026-03-11 20:51:22,792 [SIM] search_track(LL COOL J|Jump On It) -> 0 results
2026-03-11 20:51:22,793 [SIM] search_track(LL COOL J|Remember Me) -> 0 results
2026-03-11 20:51:22,793 [SIM] search_track(LL COOL J|Waiting On You) -> 0 results
2026-03-11 20:51:22,793 [SIM] search_track(LL COOL J|Live For You) -> 0 results
2026-03-11 20:51:22,793 [SIM] search_track(LL COOL J|New Love) -> 0 results
2026-03-11 20:51:22,793 [SIM] search_track(LL COOL J|Something About You (Love The World)) -> 0 results
2026-03-11 20:51:22,793 [SIM] search_track(LL COOL J|We're The Greatest) -> 0 results
2026-03-11 20:51:22,793 [SIM] search_track(LL COOL J|Not Leaving You Tonight) -> 0 results
2026-03-11 20:51:22,793 [SIM] search_track(LL COOL J|Take It) -> 0 results
2026-03-11 20:51:22,793 [SIM] search_track(LL COOL J|Between The Sheetz) -> 0 results
2026-03-11 20:51:22,793 [SIM] search_track(LL COOL J|Closer) -> 0 results
2026-03-11 20:51:22,793 [SIM] search_track(LL COOL J|Give Me Love) -> 0 results
2026-03-11 20:51:22,793 [SIM] search_track(LL COOL J|Bartender Please) -> 0 results
2026-03-11 20:51:22,793 [SIM] search_track(LL COOL J|We Came To Party) -> 0 results
2026-03-11 20:51:22,793 [SIM] search_track(LL COOL J|Whaddup) -> 0 results
2026-03-11 20:51:22,793 [SIM] search_track(Londrelle|3:33 in Babylon) -> 0 results
2026-03-11 20:51:22,793 [SIM] search_track(Londrelle|Cast out Spirits) -> 0 results
2026-03-11 20:51:22,793 [SIM] search_track(Londrelle|God Will Rise) -> 0 results
2026-03-11 20:51:22,793 [SIM] search_track(Londrelle|Kingdom Child) -> 0 results
2026-03-11 20:51:22,819 [SIM] search_track(Londrelle|Legendary) -> 0 results
2026-03-11 20:51:22,819 [SIM] search_track(Londrelle|Only Love Is Real) -> 0 results
2026-03-11 20:51:22,819 [SIM] search_track(Londrelle|Pray for the Hood) -> 0 results
2026-03-11 20:51:22,820 [SIM] search_track(Londrelle|Stay Grounded) -> 0 results
2026-03-11 20:51:22,820 [SIM] search_track(Londrelle|You Are Enough) -> 0 results
2026-03-11 20:51:22,820 [SIM] search_track(Londrelle|Govinda Nights) -> 0 results
2026-03-11 20:51:22,820 [SIM] search_track(Lorde|Royals) -> 0 results
2026-03-11 20:51:22,820 [SIM] search_track(Lorde|Team) -> 0 results
2026-03-11 20:51:22,820 [SIM] search_track(Lorde|Tennis Court) -> 0 results
2026-03-11 20:51:22,820 [SIM] search_track(Lorde|White Teeth Teens) -> 0 results
2026-03-11 20:51:22,820 [SIM] search_track(Luh Kel|All In You) -> 0 results
2026-03-11 20:51:22,820 [SIM] search_track(Luh Kel|Feelin In Love) -> 0 results
2026-03-11 20:51:22,820 [SIM] search_track(Luh Kel|GTW2U) -> 0 results
2026-03-11 20:51:22,820 [SIM] search_track(Lukis Mac|Celebrate Your Blessings) -> 0 results
2026-03-11 20:51:22,820 [SIM] search_track(Lukis Mac|God Mode) -> 0 results
2026-03-11 20:51:22,820 [SIM] search_track(Lukis Mac|Heal My Soul) -> 0 results
2026-03-11 20:51:22,820 [SIM] search_track(Lukis Mac|I Am Free) -> 0 results
2026-03-11 20:51:22,820 [SIM] search_track(Lukis Mac|I'm Winning) -> 0 results
2026-03-11 20:51:22,820 [SIM] search_track(Lukis Mac|My Ego Is Dying) -> 0 results
2026-03-11 20:51:22,820 [SIM] search_track(Lukis Mac|New Level) -> 0 results
2026-03-11 20:51:22,820 [SIM] search_track(Lukis Mac|I'm Learning) -> 0 results
2026-03-11 20:51:22,820 [SIM] search_track(Lukis Mac|Only God Can See) -> 0 results
2026-03-11 20:51:22,820 [SIM] search_track(Lukis Mac|Love Is the Medicine) -> 0 results
2026-03-11 20:51:22,820 [SIM] search_track(Lukis Mac|Children of Earth) -> 0 results
2026-03-11 20:51:22,820 [SIM] search_track(Lukis Mac|I'm on One) -> 0 results
2026-03-11 20:51:22,847 [SIM] search_track(Lukis Mac|Less About the Hussle) -> 0 results
2026-03-11 20:51:22,847 [SIM] search_track(Lukis Mac|Prayer) -> 0 results
2026-03-11 20:51:22,847 [SIM] search_track(Lukis Mac|Self Growth) -> 0 results
2026-03-11 20:51:22,847 [SIM] search_track(Lukis Mac|Love Is Our Legacy) -> 0 results
2026-03-11 20:51:22,847 [SIM] search_track(Lukis Mac|Elevate) -> 0 results
2026-03-11 20:51:22,847 [SIM] search_track(Lukis Mac|The Universe Knows) -> 0 results
2026-03-11 20:51:22,847 [SIM] search_track(Lupe Fiasco|Superstar) -> 0 results
2026-03-11 20:51:22,848 [SIM] search_track(Lupe Fiasco|Hip-Hop Saved My Life) -> 0 results
2026-03-11 20:51:22,848 [SIM] search_track(Lupe Fiasco|The Show Goes On) -> 0 results
2026-03-11 20:51:22,848 [SIM] search_track(Mac DeMarco|Freaking Out The Neighborhood) -> 0 results
2026-03-11 20:51:22,848 [SIM] search_track(Mac DeMarco|My Kind Of Woman) -> 0 results
2026-03-11 20:51:22,848 [SIM] search_track(Mac DeMarco|Ode To Viceroy) -> 0 results
2026-03-11 20:51:22,848 [SIM] search_track(Mac DeMarco|Blue Boy) -> 0 results
2026-03-11 20:51:22,848 [SIM] search_track(Mac DeMarco|Chamber Of Reflection) -> 0 results
2026-03-11 20:51:22,848 [SIM] search_track(Mac DeMarco|Treat Her Better) -> 0 results
2026-03-11 20:51:22,848 [SIM] search_track(Mac DeMarco|Baby's Wearing Blue Jeans) -> 0 results
2026-03-11 20:51:22,848 [SIM] search_track(Mac Dre|Feelin' Myself) -> 0 results
2026-03-11 20:51:22,848 [SIM] search_track(Mac Dre|Get Stupid) -> 0 results
2026-03-11 20:51:22,848 [SIM] search_track(Mac Dre|Doin' What I Do) -> 0 results
2026-03-11 20:51:22,848 [SIM] search_track(Mac Dre|Not My Job) -> 0 results
2026-03-11 20:51:22,848 [SIM] search_track(Machine Gun Kelly|RAP DEVIL) -> 0 results
2026-03-11 20:51:22,848 [SIM] search_track(Machine Gun Kelly|Invincible) -> 0 results
2026-03-11 20:51:22,848 [SIM] search_track(Machine Gun Kelly|ay!) -> 0 results
2026-03-11 20:51:22,848 [SIM] search_track(Macklemore|Intentions) -> 0 results
2026-03-11 20:51:22,848 [SIM] search_track(Macklemore|Good Old Days) -> 0 results
2026-03-11 20:51:22,875 [SIM] search_track(Macklemore|How To Play the Flute) -> 0 results
2026-03-11 20:51:22,875 [SIM] search_track(Macklemore|Marmalade) -> 0 results
2026-03-11 20:51:22,875 [SIM] search_track(Macklemore|Wednesday Morning) -> 0 results
2026-03-11 20:51:22,875 [SIM] search_track(Macklemore|Otherside) -> 0 results
2026-03-11 20:51:22,875 [SIM] search_track(Macklemore|Can't Hold Us) -> 0 results
2026-03-11 20:51:22,875 [SIM] search_track(Macklemore|Wings) -> 0 results
2026-03-11 20:51:22,875 [SIM] search_track(Macklemore|Gold) -> 0 results
2026-03-11 20:51:22,875 [SIM] search_track(Macklemore|Make The Money) -> 0 results
2026-03-11 20:51:22,875 [SIM] search_track(Macklemore|Neon Cathedral) -> 0 results
2026-03-11 20:51:22,875 [SIM] search_track(Macklemore|Same Love) -> 0 results
2026-03-11 20:51:22,875 [SIM] search_track(Macklemore|Starting Over) -> 0 results
2026-03-11 20:51:22,875 [SIM] search_track(Macklemore|Ten Thousand Hours) -> 0 results
2026-03-11 20:51:22,876 [SIM] search_track(Macklemore|Thin Line) -> 0 results
2026-03-11 20:51:22,876 [SIM] search_track(Macklemore|Thrift Shop) -> 0 results
2026-03-11 20:51:22,876 [SIM] search_track(Macklemore|Victory Lap) -> 0 results
2026-03-11 20:51:22,876 [SIM] search_track(Macklemore|White Walls) -> 0 results
2026-03-11 20:51:22,876 [SIM] search_track(Macklemore|As Soon As I Wake Up) -> 0 results
2026-03-11 20:51:22,876 [SIM] search_track(Macklemore|City Don't Sleep) -> 0 results
2026-03-11 20:51:22,876 [SIM] search_track(Macklemore|Claiming the City) -> 0 results
2026-03-11 20:51:22,876 [SIM] search_track(Macklemore|Contradiction) -> 0 results
2026-03-11 20:51:22,876 [SIM] search_track(Macklemore|Ego) -> 0 results
2026-03-11 20:51:22,876 [SIM] search_track(Macklemore|Hold Your Head Up) -> 0 results
2026-03-11 20:51:22,876 [SIM] search_track(Macklemore|I Said Hey) -> 0 results
2026-03-11 20:51:22,876 [SIM] search_track(Macklemore|Inhale Deep) -> 0 results
2026-03-11 20:51:22,876 [SIM] search_track(Macklemore|Love Song) -> 0 results
2026-03-11 20:51:22,903 [SIM] search_track(Macklemore|My Language) -> 0 results
2026-03-11 20:51:22,903 [SIM] search_track(Macklemore|The Magic) -> 0 results
2026-03-11 20:51:22,903 [SIM] search_track(Macklemore|Dance Off) -> 0 results
2026-03-11 20:51:22,903 [SIM] search_track(Macklemore|Buckshot) -> 0 results
2026-03-11 20:51:22,903 [SIM] search_track(Macklemore|Downtown) -> 0 results
2026-03-11 20:51:22,903 [SIM] search_track(Mariah Carey|Always Be My Baby) -> 0 results
2026-03-11 20:51:22,903 [SIM] search_track(Mariah Carey|Hero) -> 0 results
2026-03-11 20:51:22,903 [SIM] search_track(Mariah Carey|Honey) -> 0 results
2026-03-11 20:51:22,903 [SIM] search_track(Mariah Carey|Love Takes Time) -> 0 results
2026-03-11 20:51:22,903 [SIM] search_track(Mariah Carey|Touch My Body) -> 0 results
2026-03-11 20:51:22,903 [SIM] search_track(Mariah Carey|We Belong Together) -> 0 results
2026-03-11 20:51:22,903 [SIM] search_track(Mariah Carey|One Sweet Day) -> 0 results
2026-03-11 20:51:22,903 [SIM] search_track(Mariah Carey|Fantasy) -> 0 results
2026-03-11 20:51:22,903 [SIM] search_track(Maroon 5|Daylight) -> 0 results
2026-03-11 20:51:22,903 [SIM] search_track(Maroon 5|Love Somebody) -> 0 results
2026-03-11 20:51:22,903 [SIM] search_track(Maroon 5|One More Night) -> 0 results
2026-03-11 20:51:22,903 [SIM] search_track(Maroon 5|Moves Like Jagger) -> 0 results
2026-03-11 20:51:22,903 [SIM] search_track(Maroon 5|Payphone) -> 0 results
2026-03-11 20:51:22,904 [SIM] search_track(Maroon 5|Girls Like You) -> 0 results
2026-03-11 20:51:22,904 [SIM] search_track(Maroon 5|What Lovers Do) -> 0 results
2026-03-11 20:51:22,904 [SIM] search_track(Maroon 5|Memories) -> 0 results
2026-03-11 20:51:22,904 [SIM] search_track(Maroon 5|Sugar) -> 0 results
2026-03-11 20:51:22,904 [SIM] search_track(Maroon 5|Wake Up Call) -> 0 results
2026-03-11 20:51:22,904 [SIM] search_track(Maroon 5|Beautiful Mistakes) -> 0 results
2026-03-11 20:51:22,904 [SIM] search_track(Maroon 5|She Will Be Loved) -> 0 results
2026-03-11 20:51:22,931 [SIM] search_track(Maroon 5|This Love) -> 0 results
2026-03-11 20:51:22,931 [SIM] search_track(Megan Thee Stallion|Girls in the Hood) -> 0 results
2026-03-11 20:51:22,931 [SIM] search_track(Megan Thee Stallion|Outside) -> 0 results
2026-03-11 20:51:22,931 [SIM] search_track(Megan Thee Stallion|Go Crazy) -> 0 results
2026-03-11 20:51:22,931 [SIM] search_track(Megan Thee Stallion|B.I.T.C.H.) -> 0 results
2026-03-11 20:51:22,931 [SIM] search_track(Megan Thee Stallion|Hot Girl Summer) -> 0 results
2026-03-11 20:51:22,931 [SIM] search_track(Metro Boomin|Around Me) -> 0 results
2026-03-11 20:51:22,931 [SIM] search_track(Metro Boomin|Superhero (Heroes & Villains)) -> 0 results
2026-03-11 20:51:22,931 [SIM] search_track(Metro Boomin|Too Many Nights) -> 0 results
2026-03-11 20:51:22,931 [SIM] search_track(Metro Boomin|On Time) -> 0 results
2026-03-11 20:51:22,931 [SIM] search_track(Metro Boomin|Creepin') -> 0 results
2026-03-11 20:51:22,931 [SIM] search_track(Michael Jackson|Hold My Hand (with Akon)) -> 0 results
2026-03-11 20:51:22,931 [SIM] search_track(Michael Jackson|Bad) -> 0 results
2026-03-11 20:51:22,931 [SIM] search_track(Michael Jackson|Black or White) -> 0 results
2026-03-11 20:51:22,931 [SIM] search_track(Michael Jackson|Man in the Mirror) -> 0 results
2026-03-11 20:51:22,931 [SIM] search_track(Michael Jackson|Rock with You) -> 0 results
2026-03-11 20:51:22,931 [SIM] search_track(Michael Jackson|Smooth Criminal) -> 0 results
2026-03-11 20:51:22,931 [SIM] search_track(Michael Jackson|Thriller) -> 0 results
2026-03-11 20:51:22,931 [SIM] search_track(Michael Jackson|You Are Not Alone) -> 0 results
2026-03-11 20:51:22,932 [SIM] search_track(MIKA|Any Other World) -> 0 results
2026-03-11 20:51:22,932 [SIM] search_track(MIKA|Big Girl (You Are Beautiful)) -> 0 results
2026-03-11 20:51:22,932 [SIM] search_track(MIKA|Happy Ending) -> 0 results
2026-03-11 20:51:22,932 [SIM] search_track(MIKA|Lollipop) -> 0 results
2026-03-11 20:51:22,932 [SIM] search_track(MIKA|Love Today) -> 0 results
2026-03-11 20:51:22,932 [SIM] search_track(MIKA|Relax, Take It Easy) -> 0 results
2026-03-11 20:51:22,958 [SIM] search_track(MIKA|Stuck In The Middle) -> 0 results
2026-03-11 20:51:22,958 [SIM] search_track(mike.|Closer) -> 0 results
2026-03-11 20:51:22,958 [SIM] search_track(mike.|music when i'm high) -> 0 results
2026-03-11 20:51:22,959 [SIM] search_track(mike.|oasis) -> 0 results
2026-03-11 20:51:22,959 [SIM] search_track(mike.|woke up new) -> 0 results
2026-03-11 20:51:22,959 [SIM] search_track(mike.|2 birds) -> 0 results
2026-03-11 20:51:22,959 [SIM] search_track(mike.|days go bye) -> 0 results
2026-03-11 20:51:22,959 [SIM] search_track(mike.|life got crazy) -> 0 results
2026-03-11 20:51:22,959 [SIM] search_track(mike.|rodman) -> 0 results
2026-03-11 20:51:22,959 [SIM] search_track(mike.|what i know) -> 0 results
2026-03-11 20:51:22,959 [SIM] search_track(Mike Posner|Bow Chicka Wow Wow) -> 0 results
2026-03-11 20:51:22,959 [SIM] search_track(Mike Posner|Cooler Than Me) -> 0 results
2026-03-11 20:51:22,959 [SIM] search_track(Mike Posner|Gone In September) -> 0 results
2026-03-11 20:51:22,959 [SIM] search_track(Mike Posner|Save Your Goodbye) -> 0 results
2026-03-11 20:51:22,959 [SIM] search_track(Mike Posner|Be As You Are) -> 0 results
2026-03-11 20:51:22,959 [SIM] search_track(Mike Posner|I Took A Pill In Ibiza (Seeb Remix)) -> 0 results
2026-03-11 20:51:22,959 [SIM] search_track(Mike Posner|In The Arms Of A Stranger (Brian Kierulf Remix)) -> 0 results
2026-03-11 20:51:22,959 [SIM] search_track(Mike Posner|Drug Dealer Girl) -> 0 results
2026-03-11 20:51:22,959 [SIM] search_track(Mike Posner|The Way It Used to Be) -> 0 results
2026-03-11 20:51:22,959 [SIM] search_track(Mike Posner|Top of the World) -> 0 results
2026-03-11 20:51:22,959 [SIM] search_track(Miley Cyrus|We Can't Stop) -> 0 results
2026-03-11 20:51:22,960 [SIM] search_track(Miley Cyrus|Wrecking Ball) -> 0 results
2026-03-11 20:51:22,960 [SIM] search_track(Miley Cyrus|Party In The U.S.A.) -> 0 results
2026-03-11 20:51:22,960 [SIM] search_track(MKTO|American Dream) -> 0 results
2026-03-11 20:51:22,960 [SIM] search_track(MKTO|Classic) -> 0 results
2026-03-11 20:51:22,985 [SIM] search_track(MKTO|Thank You) -> 0 results
2026-03-11 20:51:22,985 [SIM] search_track(MKTO|Could Be Me) -> 0 results
2026-03-11 20:51:22,986 [SIM] search_track(Modern Talking|Brother Louie) -> 0 results
2026-03-11 20:51:22,986 [SIM] search_track(Modern Talking|Cheri Cheri Lady) -> 0 results
2026-03-11 20:51:22,986 [SIM] search_track(Modern Talking|Geronimo's Cadillac) -> 0 results
2026-03-11 20:51:22,986 [SIM] search_track(Modern Talking|You Can Win If You Want) -> 0 results
2026-03-11 20:51:22,986 [SIM] search_track(Modern Talking|You're My Heart, You're My Soul) -> 0 results
2026-03-11 20:51:22,986 [SIM] search_track(Money Man|New York) -> 0 results
2026-03-11 20:51:22,986 [SIM] search_track(Money Man|Fans Go Crazy) -> 0 results
2026-03-11 20:51:22,986 [SIM] search_track(Money Man|LLC) -> 0 results
2026-03-11 20:51:22,986 [SIM] search_track(Moneybagg Yo|Scorpio) -> 0 results
2026-03-11 20:51:22,986 [SIM] search_track(Moneybagg Yo|Wockesha) -> 0 results
2026-03-11 20:51:22,986 [SIM] search_track(Moneybagg Yo|All Dat) -> 0 results
2026-03-11 20:51:22,986 [SIM] search_track(Moneybagg Yo|Rocky Road) -> 0 results
2026-03-11 20:51:22,986 [SIM] search_track(Moneybagg Yo|Hard For The Next) -> 0 results
2026-03-11 20:51:22,986 [SIM] search_track(Morgan Wallen|180 (Lifestyle)) -> 0 results
2026-03-11 20:51:22,986 [SIM] search_track(Morgan Wallen|Ain’t That Some) -> 0 results
2026-03-11 20:51:22,986 [SIM] search_track(Morgan Wallen|F150-50) -> 0 results
2026-03-11 20:51:22,986 [SIM] search_track(Morgan Wallen|Hope That’s True) -> 0 results
2026-03-11 20:51:22,986 [SIM] search_track(Morgan Wallen|Last Night) -> 0 results
2026-03-11 20:51:22,986 [SIM] search_track(Morgan Wallen|Me To Me) -> 0 results
2026-03-11 20:51:22,986 [SIM] search_track(Morgan Wallen|Neon Star (Country Boy Lullaby)) -> 0 results
2026-03-11 20:51:22,986 [SIM] search_track(Morgan Wallen|One Thing At A Time) -> 0 results
2026-03-11 20:51:22,986 [SIM] search_track(Morgan Wallen|Outlook) -> 0 results
2026-03-11 20:51:22,987 [SIM] search_track(Morgan Wallen|Sunrise) -> 0 results
2026-03-11 20:51:23,015 [SIM] search_track(Morgan Wallen|Thought You Should Know) -> 0 results
2026-03-11 20:51:23,015 [SIM] search_track(Morgan Wallen|Cowgirls) -> 0 results
2026-03-11 20:51:23,015 [SIM] search_track(Morgan Wallen|In The Bible) -> 0 results
2026-03-11 20:51:23,015 [SIM] search_track(Morgan Wallen|Love Somebody) -> 0 results
2026-03-11 20:51:23,015 [SIM] search_track(MOUNT WESTMORE|Activated) -> 0 results
2026-03-11 20:51:23,015 [SIM] search_track(MOUNT WESTMORE|Big Subwoofer) -> 0 results
2026-03-11 20:51:23,015 [SIM] search_track(MOUNT WESTMORE|California) -> 0 results
2026-03-11 20:51:23,015 [SIM] search_track(MOUNT WESTMORE|Do My Best) -> 0 results
2026-03-11 20:51:23,015 [SIM] search_track(MOUNT WESTMORE|Free Game) -> 0 results
2026-03-11 20:51:23,015 [SIM] search_track(MOUNT WESTMORE|Ghetto Gutter) -> 0 results
2026-03-11 20:51:23,016 [SIM] search_track(MOUNT WESTMORE|I Got Pull) -> 0 results
2026-03-11 20:51:23,016 [SIM] search_track(MOUNT WESTMORE|Lace You Up) -> 0 results
2026-03-11 20:51:23,016 [SIM] search_track(MOUNT WESTMORE|Motto) -> 0 results
2026-03-11 20:51:23,016 [SIM] search_track(MOUNT WESTMORE|Up & Down) -> 0 results
2026-03-11 20:51:23,016 [SIM] search_track(MOUNT WESTMORE|Too Big) -> 0 results
2026-03-11 20:51:23,016 [SIM] search_track(Muse|Resistance) -> 0 results
2026-03-11 20:51:23,016 [SIM] search_track(Muse|Undisclosed Desires) -> 0 results
2026-03-11 20:51:23,016 [SIM] search_track(Muse|Uprising) -> 0 results
2026-03-11 20:51:23,016 [SIM] search_track(Mustard|7 to 7) -> 0 results
2026-03-11 20:51:23,016 [SIM] search_track(Mustard|Pray For Me) -> 0 results
2026-03-11 20:51:23,016 [SIM] search_track(Mustard|Up Now) -> 0 results
2026-03-11 20:51:23,016 [SIM] search_track(Mustard|Mines) -> 0 results
2026-03-11 20:51:23,016 [SIM] search_track(Mustard|One Bad Decision) -> 0 results
2026-03-11 20:51:23,016 [SIM] search_track(Mustard|Show Me the Way) -> 0 results
2026-03-11 20:51:23,016 [SIM] search_track(Mustard|Yak's Prayer) -> 0 results
2026-03-11 20:51:23,042 [SIM] search_track(Mustard|Ghetto) -> 0 results
2026-03-11 20:51:23,042 [SIM] search_track(Mustard|One of Them Ones) -> 0 results
2026-03-11 20:51:23,042 [SIM] search_track(Mustard|Truth Is) -> 0 results
2026-03-11 20:51:23,042 [SIM] search_track(Mustard|Pressured Up) -> 0 results
2026-03-11 20:51:23,042 [SIM] search_track(Mustard|Parking Lot) -> 0 results
2026-03-11 20:51:23,042 [SIM] search_track(Mustard|Ballin’) -> 0 results
2026-03-11 20:51:23,042 [SIM] search_track(N.W.A|8 Ball (Remix)) -> 0 results
2026-03-11 20:51:23,042 [SIM] search_track(N.W.A|Compton's N The House (Remix)) -> 0 results
2026-03-11 20:51:23,042 [SIM] search_track(N.W.A|Dopeman (Remix)) -> 0 results
2026-03-11 20:51:23,042 [SIM] search_track(N.W.A|Express Yourself) -> 0 results
2026-03-11 20:51:23,042 [SIM] search_track(N.W.A|Fuck Tha Police) -> 0 results
2026-03-11 20:51:23,043 [SIM] search_track(N.W.A|Gangsta Gangsta) -> 0 results
2026-03-11 20:51:23,043 [SIM] search_track(N.W.A|I Ain't Tha 1) -> 0 results
2026-03-11 20:51:23,043 [SIM] search_track(N.W.A|If It Ain't Ruff) -> 0 results
2026-03-11 20:51:23,043 [SIM] search_track(N.W.A|Parental Discretion Iz Advised) -> 0 results
2026-03-11 20:51:23,043 [SIM] search_track(N.W.A|Quiet On Tha Set) -> 0 results
2026-03-11 20:51:23,043 [SIM] search_track(N.W.A|Something 2 Dance 2) -> 0 results
2026-03-11 20:51:23,043 [SIM] search_track(N.W.A|Something Like That) -> 0 results
2026-03-11 20:51:23,043 [SIM] search_track(N.W.A|Straight Outta Compton) -> 0 results
2026-03-11 20:51:23,043 [SIM] search_track(N.W.A|Alwayz Into Somethin') -> 0 results
2026-03-11 20:51:23,043 [SIM] search_track(N.W.A|Chin Check) -> 0 results
2026-03-11 20:51:23,043 [SIM] search_track(Nas|I Can) -> 0 results
2026-03-11 20:51:23,043 [SIM] search_track(Nas|One Mic) -> 0 results
2026-03-11 20:51:23,043 [SIM] search_track(Nas|Wave Gods) -> 0 results
2026-03-11 20:51:23,043 [SIM] search_track(Natasha Bedingfield|Angel) -> 0 results
2026-03-11 20:51:23,069 [SIM] search_track(Natasha Bedingfield|Pocketful of Sunshine) -> 0 results
2026-03-11 20:51:23,069 [SIM] search_track(Natasha Bedingfield|Put Your Arms Around Me) -> 0 results
2026-03-11 20:51:23,069 [SIM] search_track(Natasha Bedingfield|Love Like This) -> 0 results
2026-03-11 20:51:23,069 [SIM] search_track(Natasha Bedingfield|These Words) -> 0 results
2026-03-11 20:51:23,069 [SIM] search_track(Natasha Bedingfield|Unwritten) -> 0 results
2026-03-11 20:51:23,069 [SIM] search_track(Natasha Bedingfield|Wild Horses) -> 0 results
2026-03-11 20:51:23,069 [SIM] search_track(NAV|Held Me Down) -> 0 results
2026-03-11 20:51:23,069 [SIM] search_track(NAV|A$AP Ferg) -> 0 results
2026-03-11 20:51:23,069 [SIM] search_track(NAV|Wrong Decisions) -> 0 results
2026-03-11 20:51:23,069 [SIM] search_track(Ne-Yo|Because Of You) -> 0 results
2026-03-11 20:51:23,069 [SIM] search_track(Ne-Yo|Go On Girl) -> 0 results
2026-03-11 20:51:23,069 [SIM] search_track(Ne-Yo|I Ain't Gotta Tell You) -> 0 results
2026-03-11 20:51:23,070 [SIM] search_track(Ne-Yo|It Just Ain't Right) -> 0 results
2026-03-11 20:51:23,070 [SIM] search_track(Ne-Yo|Sexy Love) -> 0 results
2026-03-11 20:51:23,070 [SIM] search_track(Ne-Yo|So Sick) -> 0 results
2026-03-11 20:51:23,070 [SIM] search_track(Ne-Yo|Closer) -> 0 results
2026-03-11 20:51:23,070 [SIM] search_track(Ne-Yo|Miss Independent) -> 0 results
2026-03-11 20:51:23,070 [SIM] search_track(Nelly|Just A Dream) -> 0 results
2026-03-11 20:51:23,070 [SIM] search_track(Nelly|Birthday Girl) -> 0 results
2026-03-11 20:51:23,070 [SIM] search_track(Nelly|Ride Wit Me) -> 0 results
2026-03-11 20:51:23,070 [SIM] search_track(Nelly|Dilemma) -> 0 results
2026-03-11 20:51:23,070 [SIM] search_track(Nic D|Better) -> 0 results
2026-03-11 20:51:23,070 [SIM] search_track(Nic D|Concrete) -> 0 results
2026-03-11 20:51:23,070 [SIM] search_track(Nic D|Down Town Things) -> 0 results
2026-03-11 20:51:23,070 [SIM] search_track(Nic D|Good For Something) -> 0 results
2026-03-11 20:51:23,102 [SIM] search_track(Nic D|While You Alive) -> 0 results
2026-03-11 20:51:23,102 [SIM] search_track(Nic D|Who You Are) -> 0 results
2026-03-11 20:51:23,102 [SIM] search_track(Nic D|Air Force Ones) -> 0 results
2026-03-11 20:51:23,102 [SIM] search_track(Nic D|bonita) -> 0 results
2026-03-11 20:51:23,102 [SIM] search_track(Nic D|Crazy Steep) -> 0 results
2026-03-11 20:51:23,102 [SIM] search_track(Nic D|Fine Apple) -> 0 results
2026-03-11 20:51:23,102 [SIM] search_track(Nic D|Forgot To Miss Me) -> 0 results
2026-03-11 20:51:23,102 [SIM] search_track(Nic D|Icee Pop) -> 0 results
2026-03-11 20:51:23,103 [SIM] search_track(Nic D|If Love Had A Sound) -> 0 results
2026-03-11 20:51:23,103 [SIM] search_track(Nic D|Missin' Out) -> 0 results
2026-03-11 20:51:23,103 [SIM] search_track(Nic D|Serotonin) -> 0 results
2026-03-11 20:51:23,103 [SIM] search_track(Nic D|You Got Me Like) -> 0 results
2026-03-11 20:51:23,103 [SIM] search_track(Nic D|3 Nights in Nashville) -> 0 results
2026-03-11 20:51:23,103 [SIM] search_track(Nic D|God Made Me) -> 0 results
2026-03-11 20:51:23,103 [SIM] search_track(Nic D|Daytona) -> 0 results
2026-03-11 20:51:23,103 [SIM] search_track(Nic D|Sundown) -> 0 results
2026-03-11 20:51:23,103 [SIM] search_track(Nic D|Did Me) -> 0 results
2026-03-11 20:51:23,103 [SIM] search_track(Nic D|Might Be The Move) -> 0 results
2026-03-11 20:51:23,103 [SIM] search_track(Nic D|Neva Know) -> 0 results
2026-03-11 20:51:23,103 [SIM] search_track(Nic D|What You Mean) -> 0 results
2026-03-11 20:51:23,103 [SIM] search_track(Nickelback|Next Contestant) -> 0 results
2026-03-11 20:51:23,103 [SIM] search_track(Nickelback|How You Remind Me) -> 0 results
2026-03-11 20:51:23,103 [SIM] search_track(Nickelback|If Everyone Cared) -> 0 results
2026-03-11 20:51:23,103 [SIM] search_track(Nickelback|Photograph) -> 0 results
2026-03-11 20:51:23,103 [SIM] search_track(Nickelback|When We Stand Together) -> 0 results
2026-03-11 20:51:23,131 [SIM] search_track(Nicki Minaj|I’m The Best) -> 0 results
2026-03-11 20:51:23,131 [SIM] search_track(Nicki Minaj|Moment 4 Life) -> 0 results
2026-03-11 20:51:23,131 [SIM] search_track(Nicki Minaj|Blazin) -> 0 results
2026-03-11 20:51:23,131 [SIM] search_track(Nicki Minaj|Fly) -> 0 results
2026-03-11 20:51:23,131 [SIM] search_track(Nicki Minaj|Barbie Dangerous) -> 0 results
2026-03-11 20:51:23,131 [SIM] search_track(Nicki Minaj|Fallin 4 U) -> 0 results
2026-03-11 20:51:23,131 [SIM] search_track(Nicki Minaj|Just The Memories) -> 0 results
2026-03-11 20:51:23,131 [SIM] search_track(Nicki Minaj|Last Time I Saw You) -> 0 results
2026-03-11 20:51:23,131 [SIM] search_track(Nicki Minaj|Pink Birthday) -> 0 results
2026-03-11 20:51:23,131 [SIM] search_track(Nicki Minaj|Pink Friday Girls) -> 0 results
2026-03-11 20:51:23,131 [SIM] search_track(Nicki Minaj|Needle) -> 0 results
2026-03-11 20:51:23,131 [SIM] search_track(Nicki Minaj|Nicki Hendrix) -> 0 results
2026-03-11 20:51:23,131 [SIM] search_track(Nicki Minaj|Let Me Calm Down) -> 0 results
2026-03-11 20:51:23,131 [SIM] search_track(Nicki Minaj|RNB) -> 0 results
2026-03-11 20:51:23,131 [SIM] search_track(Nicki Minaj|Cowgirl) -> 0 results
2026-03-11 20:51:23,132 [SIM] search_track(Nicki Minaj|Love Me Enough) -> 0 results
2026-03-11 20:51:23,132 [SIM] search_track(Nicki Minaj|Starships) -> 0 results
2026-03-11 20:51:23,132 [SIM] search_track(Nicki Minaj|Super Bass) -> 0 results
2026-03-11 20:51:23,132 [SIM] search_track(Nicki Minaj|Super Freaky Girl) -> 0 results
2026-03-11 20:51:23,132 [SIM] search_track(Nicki Minaj|Bed) -> 0 results
2026-03-11 20:51:23,132 [SIM] search_track(Nicki Minaj|High School) -> 0 results
2026-03-11 20:51:23,132 [SIM] search_track(Nicki Minaj|Freedom) -> 0 results
2026-03-11 20:51:23,132 [SIM] search_track(Nicki Minaj|Yikes) -> 0 results
2026-03-11 20:51:23,132 [SIM] search_track(Nicki Minaj|Majesty) -> 0 results
2026-03-11 20:51:23,132 [SIM] search_track(Nicki Minaj|Barbie World) -> 0 results
2026-03-11 20:51:23,158 [SIM] search_track(Nimo|Being Kind) -> 0 results
2026-03-11 20:51:23,159 [SIM] search_track(Nimo|Keep Loving) -> 0 results
2026-03-11 20:51:23,159 [SIM] search_track(Nimo|Prayer) -> 0 results
2026-03-11 20:51:23,159 [SIM] search_track(Nimo|Grateful) -> 0 results
2026-03-11 20:51:23,159 [SIM] search_track(Nimo|Planting Seeds) -> 0 results
2026-03-11 20:51:23,159 [SIM] search_track(Nimo|To My People) -> 0 results
2026-03-11 20:51:23,159 [SIM] search_track(Nimo|Beautiful) -> 0 results
2026-03-11 20:51:23,159 [SIM] search_track(Nimo|Dear God) -> 0 results
2026-03-11 20:51:23,159 [SIM] search_track(Nimo|Graduation) -> 0 results
2026-03-11 20:51:23,159 [SIM] search_track(Nimo|Ode to Women) -> 0 results
2026-03-11 20:51:23,159 [SIM] search_track(NLE Choppa|100 Grapes) -> 0 results
2026-03-11 20:51:23,159 [SIM] search_track(NLE Choppa|Body Catchers) -> 0 results
2026-03-11 20:51:23,159 [SIM] search_track(NLE Choppa|Bryson) -> 0 results
2026-03-11 20:51:23,159 [SIM] search_track(NLE Choppa|Done) -> 0 results
2026-03-11 20:51:23,159 [SIM] search_track(NLE Choppa|Intro) -> 0 results
2026-03-11 20:51:23,159 [SIM] search_track(NLE Choppa|Love Tonight) -> 0 results
2026-03-11 20:51:23,159 [SIM] search_track(NLE Choppa|Man Down) -> 0 results
2026-03-11 20:51:23,159 [SIM] search_track(NLE Choppa|Paradise) -> 0 results
2026-03-11 20:51:23,159 [SIM] search_track(NLE Choppa|Picture Me Grapin’) -> 0 results
2026-03-11 20:51:23,159 [SIM] search_track(NLE Choppa|Taliban) -> 0 results
2026-03-11 20:51:23,159 [SIM] search_track(NLE Choppa|Twin Flame) -> 0 results
2026-03-11 20:51:23,159 [SIM] search_track(NLE Choppa|Moonlight) -> 0 results
2026-03-11 20:51:23,160 [SIM] search_track(NLE Choppa|Hear Me) -> 0 results
2026-03-11 20:51:23,160 [SIM] search_track(NLE Choppa|Champions) -> 0 results
2026-03-11 20:51:23,160 [SIM] search_track(NLE Choppa|College Girls) -> 0 results
2026-03-11 20:51:23,189 [SIM] search_track(NLE Choppa|Drop Shit) -> 0 results
2026-03-11 20:51:23,189 [SIM] search_track(NLE Choppa|Little Miss) -> 0 results
2026-03-11 20:51:23,190 [SIM] search_track(NLE Choppa|Mmm Hmm) -> 0 results
2026-03-11 20:51:23,190 [SIM] search_track(NLE Choppa|Protect) -> 0 results
2026-03-11 20:51:23,190 [SIM] search_track(NLE Choppa|Stickin And Movin) -> 0 results
2026-03-11 20:51:23,190 [SIM] search_track(NLE Choppa|Yak Flow) -> 0 results
2026-03-11 20:51:23,190 [SIM] search_track(NLE Choppa|Walk Em Down) -> 0 results
2026-03-11 20:51:23,190 [SIM] search_track(NLE Choppa|Make Em Say) -> 0 results
2026-03-11 20:51:23,190 [SIM] search_track(NLE Choppa|Jumpin) -> 0 results
2026-03-11 20:51:23,190 [SIM] search_track(Operator Please|Just A Song About Ping Pong) -> 0 results
2026-03-11 20:51:23,190 [SIM] search_track(Operator Please|Logic) -> 0 results
2026-03-11 20:51:23,190 [SIM] search_track(Operator Please|Two For My Seconds) -> 0 results
2026-03-11 20:51:23,190 [SIM] search_track(OutKast|B.O.B. (Bombs Over Baghdad)) -> 0 results
2026-03-11 20:51:23,190 [SIM] search_track(OutKast|Ms. Jackson) -> 0 results
2026-03-11 20:51:23,190 [SIM] search_track(OutKast|Rosa Parks) -> 0 results
2026-03-11 20:51:23,190 [SIM] search_track(OutKast|So Fresh, So Clean) -> 0 results
2026-03-11 20:51:23,190 [SIM] search_track(OutKast|Git Up, Git Out) -> 0 results
2026-03-11 20:51:23,190 [SIM] search_track(OutKast|The Whole World) -> 0 results
2026-03-11 20:51:23,190 [SIM] search_track(OutKast|Hey Ya!) -> 0 results
2026-03-11 20:51:23,190 [SIM] search_track(OutKast|Roses) -> 0 results
2026-03-11 20:51:23,190 [SIM] search_track(OutKast|The Way You Move) -> 0 results
2026-03-11 20:51:23,190 [SIM] search_track(Owl City|Fireflies) -> 0 results
2026-03-11 20:51:23,190 [SIM] search_track(Owl City|Hello Seattle) -> 0 results
2026-03-11 20:51:23,190 [SIM] search_track(Owl City|On The Wing) -> 0 results
2026-03-11 20:51:23,191 [SIM] search_track(Owl City|Vanilla Twilight) -> 0 results
2026-03-11 20:51:23,216 [SIM] search_track(Owl City|When Can I See You Again?) -> 0 results
2026-03-11 20:51:23,216 [SIM] search_track(Owl City|Good Time) -> 0 results
2026-03-11 20:51:23,217 [SIM] search_track(Ozzy Osbourne|Mama, I'm Coming Home) -> 0 results
2026-03-11 20:51:23,217 [SIM] search_track(Ozzy Osbourne|Road to Nowhere) -> 0 results
2026-03-11 20:51:23,217 [SIM] search_track(Ozzy Osbourne|Dreamer) -> 0 results
2026-03-11 20:51:23,217 [SIM] search_track(Petula Clark|A Sign of the Times) -> 0 results
2026-03-11 20:51:23,217 [SIM] search_track(Petula Clark|Don't Sleep In the Subway) -> 0 results
2026-03-11 20:51:23,217 [SIM] search_track(Petula Clark|Downtown) -> 0 results
2026-03-11 20:51:23,217 [SIM] search_track(Petula Clark|I Couldn't Live Without Your Love) -> 0 results
2026-03-11 20:51:23,217 [SIM] search_track(Petula Clark|My Love) -> 0 results
2026-03-11 20:51:23,217 [SIM] search_track(Phil Collins|One More Night (2016 Remaster)) -> 0 results
2026-03-11 20:51:23,217 [SIM] search_track(Phil Collins|Take Me Home (2016 Remaster)) -> 0 results
2026-03-11 20:51:23,217 [SIM] search_track(Phil Collins|I Wish It Would Rain Down (2016 Remaster)) -> 0 results
2026-03-11 20:51:23,217 [SIM] search_track(Phil Collins|In the Air Tonight (2015 Remaster)) -> 0 results
2026-03-11 20:51:23,217 [SIM] search_track(Pink Floyd|Another Brick in the Wall) -> 0 results
2026-03-11 20:51:23,217 [SIM] search_track(Pink Floyd|Comfortably Numb) -> 0 results
2026-03-11 20:51:23,217 [SIM] search_track(Pink Floyd|Hey You) -> 0 results
2026-03-11 20:51:23,217 [SIM] search_track(Pink Floyd|High Hopes) -> 0 results
2026-03-11 20:51:23,217 [SIM] search_track(PinkPantheress|Mosquito) -> 0 results
2026-03-11 20:51:23,217 [SIM] search_track(PinkPantheress|Nice to meet you) -> 0 results
2026-03-11 20:51:23,217 [SIM] search_track(PinkPantheress|Boy's a liar Pt. 2) -> 0 results
2026-03-11 20:51:23,217 [SIM] search_track(PinkPantheress|Angel (From Barbie The Album)) -> 0 results
2026-03-11 20:51:23,217 [SIM] search_track(PinkPantheress|Illegal) -> 0 results
2026-03-11 20:51:23,218 [SIM] search_track(PinkPantheress|Where you are) -> 0 results
2026-03-11 20:51:23,218 [SIM] search_track(PinkPantheress|I Must Apologise) -> 0 results
2026-03-11 20:51:23,244 [SIM] search_track(PinkPantheress|Nineteen) -> 0 results
2026-03-11 20:51:23,244 [SIM] search_track(Pitbull|Hotel Room Service) -> 0 results
2026-03-11 20:51:23,244 [SIM] search_track(Pitbull|International Love) -> 0 results
2026-03-11 20:51:23,244 [SIM] search_track(Pitbull|Feel This Moment) -> 0 results
2026-03-11 20:51:23,244 [SIM] search_track(Pitbull|Timber) -> 0 results
2026-03-11 20:51:23,244 [SIM] search_track(Pitbull|Give Me Everything) -> 0 results
2026-03-11 20:51:23,244 [SIM] search_track(Pitbull|Hey Baby (Drop It to the Floor)) -> 0 results
2026-03-11 20:51:23,244 [SIM] search_track(Pitbull|Fun) -> 0 results
2026-03-11 20:51:23,244 [SIM] search_track(Pleasure P|Boyfriend #2) -> 0 results
2026-03-11 20:51:23,245 [SIM] search_track(Pleasure P|Did You Wrong) -> 0 results
2026-03-11 20:51:23,245 [SIM] search_track(Pleasure P|Under) -> 0 results
2026-03-11 20:51:23,245 [SIM] search_track(Pleasure P|I'm a Beast) -> 0 results
2026-03-11 20:51:23,245 [SIM] search_track(Plies|I Got Motion) -> 0 results
2026-03-11 20:51:23,245 [SIM] search_track(Plies|Want It, Need It) -> 0 results
2026-03-11 20:51:23,245 [SIM] search_track(Plies|Shawty) -> 0 results
2026-03-11 20:51:23,245 [SIM] search_track(Plies|Hypnotized) -> 0 results
2026-03-11 20:51:23,245 [SIM] search_track(Plies|All Thee Above) -> 0 results
2026-03-11 20:51:23,245 [SIM] search_track(Plies|Bust It Baby Pt. 2) -> 0 results
2026-03-11 20:51:23,245 [SIM] search_track(POLO G|Black Hearted) -> 0 results
2026-03-11 20:51:23,245 [SIM] search_track(POLO G|GNF (OKOKOK)) -> 0 results
2026-03-11 20:51:23,245 [SIM] search_track(POLO G|Painting Pictures) -> 0 results
2026-03-11 20:51:23,245 [SIM] search_track(POLO G|RAPSTAR) -> 0 results
2026-03-11 20:51:23,245 [SIM] search_track(POLO G|So Real) -> 0 results
2026-03-11 20:51:23,246 [SIM] search_track(POLO G|Toxic) -> 0 results
2026-03-11 20:51:23,246 [SIM] search_track(POLO G|Zooted Freestyle) -> 0 results
2026-03-11 20:51:23,273 [SIM] search_track(POLO G|Party Lyfe) -> 0 results
2026-03-11 20:51:23,273 [SIM] search_track(POLO G|Go Part 1) -> 0 results
2026-03-11 20:51:23,273 [SIM] search_track(POLO G|GANG GANG) -> 0 results
2026-03-11 20:51:23,273 [SIM] search_track(POLO G|For the Love of New York) -> 0 results
2026-03-11 20:51:23,273 [SIM] search_track(POLO G|Clueless) -> 0 results
2026-03-11 20:51:23,273 [SIM] search_track(POLO G|Heart of a Giant) -> 0 results
2026-03-11 20:51:23,273 [SIM] search_track(POLO G|Fame & Riches) -> 0 results
2026-03-11 20:51:23,273 [SIM] search_track(POLO G|Broken Guitars) -> 0 results
2026-03-11 20:51:23,273 [SIM] search_track(POLO G|Bad Man (Smooth Criminal)) -> 0 results
2026-03-11 20:51:23,273 [SIM] search_track(POLO G|Martin & Gina) -> 0 results
2026-03-11 20:51:23,273 [SIM] search_track(POLO G|Through Da Storm) -> 0 results
2026-03-11 20:51:23,273 [SIM] search_track(POLO G|Thug Memorials) -> 0 results
2026-03-11 20:51:23,273 [SIM] search_track(POLO G|First Place) -> 0 results
2026-03-11 20:51:23,273 [SIM] search_track(Pop Smoke|Beat The Speaker) -> 0 results
2026-03-11 20:51:23,273 [SIM] search_track(Pop Smoke|Woo Baby) -> 0 results
2026-03-11 20:51:23,274 [SIM] search_track(Pop Smoke|Back Door) -> 0 results
2026-03-11 20:51:23,274 [SIM] search_track(Pop Smoke|Dior) -> 0 results
2026-03-11 20:51:23,274 [SIM] search_track(Pop Smoke|Gangstas) -> 0 results
2026-03-11 20:51:23,274 [SIM] search_track(Pop Smoke|Got It On Me) -> 0 results
2026-03-11 20:51:23,274 [SIM] search_track(Pop Smoke|Something Special) -> 0 results
2026-03-11 20:51:23,274 [SIM] search_track(Pop Smoke|What You Know Bout Love) -> 0 results
2026-03-11 20:51:23,274 [SIM] search_track(Pop Smoke|The Woo) -> 0 results
2026-03-11 20:51:23,274 [SIM] search_track(Pop Smoke|For The Night) -> 0 results
2026-03-11 20:51:23,274 [SIM] search_track(Pop Smoke|Hello) -> 0 results
2026-03-11 20:51:23,274 [SIM] search_track(Pop Smoke|Enjoy Yourself) -> 0 results
2026-03-11 20:51:23,300 [SIM] search_track(Pop Smoke|Mood Swings) -> 0 results
2026-03-11 20:51:23,301 [SIM] search_track(Post Malone|Chemical) -> 0 results
2026-03-11 20:51:23,301 [SIM] search_track(Post Malone|Mourning) -> 0 results
2026-03-11 20:51:23,301 [SIM] search_track(Post Malone|Novacandy) -> 0 results
2026-03-11 20:51:23,301 [SIM] search_track(Post Malone|Overdrive) -> 0 results
2026-03-11 20:51:23,301 [SIM] search_track(Post Malone|Too Cool To Die) -> 0 results
2026-03-11 20:51:23,301 [SIM] search_track(Post Malone|Candy Paint) -> 0 results
2026-03-11 20:51:23,301 [SIM] search_track(Post Malone|Psycho) -> 0 results
2026-03-11 20:51:23,301 [SIM] search_track(Post Malone|Fallin’ In Love) -> 0 results
2026-03-11 20:51:23,301 [SIM] search_track(Post Malone|Yours) -> 0 results
2026-03-11 20:51:23,301 [SIM] search_track(Post Malone|Pour Me A Drink) -> 0 results
2026-03-11 20:51:23,301 [SIM] search_track(Post Malone|Guy For That) -> 0 results
2026-03-11 20:51:23,301 [SIM] search_track(Post Malone|I Had Some Help) -> 0 results
2026-03-11 20:51:23,301 [SIM] search_track(Post Malone|Circles) -> 0 results
2026-03-11 20:51:23,301 [SIM] search_track(Post Malone|I'm Gonna Be) -> 0 results
2026-03-11 20:51:23,301 [SIM] search_track(Post Malone|Enemies) -> 0 results
2026-03-11 20:51:23,301 [SIM] search_track(Post Malone|On The Road) -> 0 results
2026-03-11 20:51:23,301 [SIM] search_track(Post Malone|Sunflower) -> 0 results
2026-03-11 20:51:23,302 [SIM] search_track(Post Malone|Goodbyes) -> 0 results
2026-03-11 20:51:23,302 [SIM] search_track(Post Malone|Go Flex) -> 0 results
2026-03-11 20:51:23,302 [SIM] search_track(Post Malone|White Iverson) -> 0 results
2026-03-11 20:51:23,302 [SIM] search_track(Post Malone|Congratulations) -> 0 results
2026-03-11 20:51:23,302 [SIM] search_track(Post Malone|Wrapped Around Your Finger) -> 0 results
2026-03-11 20:51:23,302 [SIM] search_track(Post Malone|I Like You (A Happier Song)) -> 0 results
2026-03-11 20:51:23,302 [SIM] search_track(Post Malone|I Cannot Be (A Sadder Song)) -> 0 results
2026-03-11 20:51:23,327 [SIM] search_track(Post Malone|Cooped Up) -> 0 results
2026-03-11 20:51:23,327 [SIM] search_track(Post Malone|Wasting Angels) -> 0 results
2026-03-11 20:51:23,327 [SIM] search_track(Post Malone|One Right Now) -> 0 results
2026-03-11 20:51:23,327 [SIM] search_track(Protoje|Answer to Your Name) -> 0 results
2026-03-11 20:51:23,328 [SIM] search_track(Protoje|Stylin') -> 0 results
2026-03-11 20:51:23,328 [SIM] search_track(Protoje|Who Knows) -> 0 results
2026-03-11 20:51:23,328 [SIM] search_track(Protoje|Sudden Flight) -> 0 results
2026-03-11 20:51:23,328 [SIM] search_track(Protoje|Bout Noon) -> 0 results
2026-03-11 20:51:23,328 [SIM] search_track(Protoje|No Lipstick) -> 0 results
2026-03-11 20:51:23,328 [SIM] search_track(Queen|Don't Stop Me Now) -> 0 results
2026-03-11 20:51:23,328 [SIM] search_track(Queen|We Are The Champions) -> 0 results
2026-03-11 20:51:23,328 [SIM] search_track(Queen|We Will Rock You) -> 0 results
2026-03-11 20:51:23,328 [SIM] search_track(R. Kelly|Heaven I Need a Hug) -> 0 results
2026-03-11 20:51:23,328 [SIM] search_track(R. Kelly|The Storm Is Over Now) -> 0 results
2026-03-11 20:51:23,328 [SIM] search_track(R. Kelly|I Believe I Can Fly) -> 0 results
2026-03-11 20:51:23,328 [SIM] search_track(R. Kelly|I Wish) -> 0 results
2026-03-11 20:51:23,328 [SIM] search_track(R. Kelly|Number One) -> 0 results
2026-03-11 20:51:23,328 [SIM] search_track(R. Kelly|I'm a Flirt) -> 0 results
2026-03-11 20:51:23,328 [SIM] search_track(R. Kelly|Same Girl) -> 0 results
2026-03-11 20:51:23,328 [SIM] search_track(Ramones|I Wanna Be Sedated (2002 Remaster)) -> 0 results
2026-03-11 20:51:23,328 [SIM] search_track(Ramones|I Wanna Be Your Boyfriend (2001 Remaster)) -> 0 results
2026-03-11 20:51:23,328 [SIM] search_track(Ramones|Pet Sematary (2002 Remaster)) -> 0 results
2026-03-11 20:51:23,328 [SIM] search_track(Ramones|Bonzo Goes to Bitburg) -> 0 results
2026-03-11 20:51:23,328 [SIM] search_track(Rappin' 4-Tay|Ain't Nobody Coachin') -> 0 results
2026-03-11 20:51:23,328 [SIM] search_track(Rappin' 4-Tay|Lay Ya Gunz Down) -> 0 results
2026-03-11 20:51:23,358 [SIM] search_track(Rappin' 4-Tay|One Nite) -> 0 results
2026-03-11 20:51:23,358 [SIM] search_track(Rappin' 4-Tay|Playaz Dedication) -> 0 results
2026-03-11 20:51:23,358 [SIM] search_track(Rappin' 4-Tay|What Fo') -> 0 results
2026-03-11 20:51:23,358 [SIM] search_track(Rappin' 4-Tay|I'll Be Around) -> 0 results
2026-03-11 20:51:23,358 [SIM] search_track(Rappin' 4-Tay|Playaz Club) -> 0 results
2026-03-11 20:51:23,358 [SIM] search_track(Rappin' 4-Tay|25-2-Life) -> 0 results
2026-03-11 20:51:23,358 [SIM] search_track(Rappin' 4-Tay|Ain't No Playa (Playaz Sh*t)) -> 0 results
2026-03-11 20:51:23,358 [SIM] search_track(Rappin' 4-Tay|I Paid My Dues) -> 0 results
2026-03-11 20:51:23,358 [SIM] search_track(Rappin' 4-Tay|Never Talk Down) -> 0 results
2026-03-11 20:51:23,358 [SIM] search_track(Rappin' 4-Tay|Off Parole) -> 0 results
2026-03-11 20:51:23,358 [SIM] search_track(Rappin' 4-Tay|Introduction to Mackin') -> 0 results
2026-03-11 20:51:23,358 [SIM] search_track(Rappin' 4-Tay|Problems) -> 0 results
2026-03-11 20:51:23,358 [SIM] search_track(Rappin' 4-Tay|Sometimes) -> 0 results
2026-03-11 20:51:23,358 [SIM] search_track(Rexx Life Raj|A Few More Reasons) -> 0 results
2026-03-11 20:51:23,358 [SIM] search_track(Rexx Life Raj|Cleanse) -> 0 results
2026-03-11 20:51:23,358 [SIM] search_track(Rexx Life Raj|Dandelion Root) -> 0 results
2026-03-11 20:51:23,359 [SIM] search_track(Rexx Life Raj|I'd Rather Go Alone) -> 0 results
2026-03-11 20:51:23,359 [SIM] search_track(Rexx Life Raj|If They Told Me) -> 0 results
2026-03-11 20:51:23,359 [SIM] search_track(Rexx Life Raj|Slow Down) -> 0 results
2026-03-11 20:51:23,359 [SIM] search_track(Rexx Life Raj|Hook Mitchell) -> 0 results
2026-03-11 20:51:23,359 [SIM] search_track(Rexx Life Raj|Burb3rry Coat) -> 0 results
2026-03-11 20:51:23,359 [SIM] search_track(Rexx Life Raj|Whirlwind) -> 0 results
2026-03-11 20:51:23,359 [SIM] search_track(Rexx Life Raj|Summers Around The Corner) -> 0 results
2026-03-11 20:51:23,359 [SIM] search_track(Rexx Life Raj|Your Way) -> 0 results
2026-03-11 20:51:23,359 [SIM] search_track(Rexx Life Raj|Moonwalk) -> 0 results
2026-03-11 20:51:23,394 [SIM] search_track(Rexx Life Raj|Falling) -> 0 results
2026-03-11 20:51:23,394 [SIM] search_track(Rexx Life Raj|All Over Again) -> 0 results
2026-03-11 20:51:23,394 [SIM] search_track(Rexx Life Raj|Already Mine) -> 0 results
2026-03-11 20:51:23,394 [SIM] search_track(Rexx Life Raj|Better Man) -> 0 results
2026-03-11 20:51:23,394 [SIM] search_track(Rexx Life Raj|Dim My Light) -> 0 results
2026-03-11 20:51:23,394 [SIM] search_track(Rexx Life Raj|I'm Not An Apprentice) -> 0 results
2026-03-11 20:51:23,394 [SIM] search_track(Rexx Life Raj|Narrated By Me) -> 0 results
2026-03-11 20:51:23,395 [SIM] search_track(Rexx Life Raj|That's Not Your Path) -> 0 results
2026-03-11 20:51:23,395 [SIM] search_track(Rexx Life Raj|Blame The Bad Bitch) -> 0 results
2026-03-11 20:51:23,395 [SIM] search_track(Rexx Life Raj|Couple Months In LA) -> 0 results
2026-03-11 20:51:23,395 [SIM] search_track(Rexx Life Raj|Settled) -> 0 results
2026-03-11 20:51:23,395 [SIM] search_track(Rexx Life Raj|Waiting for You) -> 0 results
2026-03-11 20:51:23,395 [SIM] search_track(Rhino!|Larry Lobster) -> 0 results
2026-03-11 20:51:23,395 [SIM] search_track(Rhino!|Mo Salah) -> 0 results
2026-03-11 20:51:23,395 [SIM] search_track(Rhino!|Okay!) -> 0 results
2026-03-11 20:51:23,395 [SIM] search_track(Rhino!|Orlando) -> 0 results
2026-03-11 20:51:23,395 [SIM] search_track(Rhino!|Snowman) -> 0 results
2026-03-11 20:51:23,395 [SIM] search_track(Rhino!|Til' 2) -> 0 results
2026-03-11 20:51:23,395 [SIM] search_track(Rhino!|Fasho) -> 0 results
2026-03-11 20:51:23,395 [SIM] search_track(Rhino!|Nowhere To Be Found) -> 0 results
2026-03-11 20:51:23,395 [SIM] search_track(Rhino!|Scuse Me) -> 0 results
2026-03-11 20:51:23,395 [SIM] search_track(Rhino!|Hot Topic) -> 0 results
2026-03-11 20:51:23,395 [SIM] search_track(Rhino!|HOUSTON) -> 0 results
2026-03-11 20:51:23,395 [SIM] search_track(Rhino!|Money Pit) -> 0 results
2026-03-11 20:51:23,395 [SIM] search_track(Rhino!|RX-7) -> 0 results
2026-03-11 20:51:23,433 [SIM] search_track(Rhino!|MIKEY) -> 0 results
2026-03-11 20:51:23,433 [SIM] search_track(Rhino!|Got Me) -> 0 results
2026-03-11 20:51:23,433 [SIM] search_track(Rhino!|Close Friends) -> 0 results
2026-03-11 20:51:23,433 [SIM] search_track(Rhino!|I.O.U) -> 0 results
2026-03-11 20:51:23,433 [SIM] search_track(Rhino!|IFFY) -> 0 results
2026-03-11 20:51:23,433 [SIM] search_track(Rhino!|Ink Master) -> 0 results
2026-03-11 20:51:23,433 [SIM] search_track(Rhino!|On The Way!) -> 0 results
2026-03-11 20:51:23,433 [SIM] search_track(Rhino!|Phases) -> 0 results
2026-03-11 20:51:23,433 [SIM] search_track(Rhino!|Shaun White) -> 0 results
2026-03-11 20:51:23,433 [SIM] search_track(Rhino!|Syracuse) -> 0 results
2026-03-11 20:51:23,434 [SIM] search_track(Rhino!|Think First) -> 0 results
2026-03-11 20:51:23,434 [SIM] search_track(Rhino!|Japanese Denim) -> 0 results
2026-03-11 20:51:23,434 [SIM] search_track(Rhino!|TRASH) -> 0 results
2026-03-11 20:51:23,434 [SIM] search_track(Rich The Kid|Red) -> 0 results
2026-03-11 20:51:23,434 [SIM] search_track(Rich The Kid|Money Talk) -> 0 results
2026-03-11 20:51:23,434 [SIM] search_track(Rich The Kid|Motion) -> 0 results
2026-03-11 20:51:23,434 [SIM] search_track(Rich The Kid|Plug Walk) -> 0 results
2026-03-11 20:51:23,434 [SIM] search_track(Rick Ross|Pirates) -> 0 results
2026-03-11 20:51:23,434 [SIM] search_track(Rick Ross|3 Kings) -> 0 results
2026-03-11 20:51:23,434 [SIM] search_track(Rick Ross|Hustlin') -> 0 results
2026-03-11 20:51:23,434 [SIM] search_track(Rick Ross|Blow) -> 0 results
2026-03-11 20:51:23,434 [SIM] search_track(Rick Ross|Gold Roses) -> 0 results
2026-03-11 20:51:23,434 [SIM] search_track(Rick Ross|Outlawz) -> 0 results
2026-03-11 20:51:23,434 [SIM] search_track(Riff Raff|Air Canada) -> 0 results
2026-03-11 20:51:23,434 [SIM] search_track(Riff Raff|Jumpin out the Gym) -> 0 results
2026-03-11 20:51:23,463 [SIM] search_track(Riff Raff|How To Be The Man) -> 0 results
2026-03-11 20:51:23,463 [SIM] search_track(Riff Raff|Introducing The Icon) -> 0 results
2026-03-11 20:51:23,463 [SIM] search_track(Riff Raff|Kokayne) -> 0 results
2026-03-11 20:51:23,464 [SIM] search_track(Riff Raff|Time) -> 0 results
2026-03-11 20:51:23,464 [SIM] search_track(Riff Raff|Tip Toe Wing In My Jawwwdinz) -> 0 results
2026-03-11 20:51:23,464 [SIM] search_track(Riff Raff|Versace Python) -> 0 results
2026-03-11 20:51:23,464 [SIM] search_track(Riff Raff|VIP Pass To My Heart) -> 0 results
2026-03-11 20:51:23,464 [SIM] search_track(Riff Raff|Cool It Down) -> 0 results
2026-03-11 20:51:23,464 [SIM] search_track(Riff Raff|Lava Glaciers) -> 0 results
2026-03-11 20:51:23,464 [SIM] search_track(Riff Raff|Aquaberry Dolphin) -> 0 results
2026-03-11 20:51:23,464 [SIM] search_track(Riff Raff|Maybe You Love Me) -> 0 results
2026-03-11 20:51:23,464 [SIM] search_track(Riff Raff|4 Million) -> 0 results
2026-03-11 20:51:23,464 [SIM] search_track(Riff Raff|Carlos Slim) -> 0 results
2026-03-11 20:51:23,464 [SIM] search_track(Riff Raff|Husky) -> 0 results
2026-03-11 20:51:23,464 [SIM] search_track(Riff Raff|WHAT DOES iT MEAN TO BE A QUEEN) -> 0 results
2026-03-11 20:51:23,464 [SIM] search_track(Riff Raff|Silhouette of the Pinnacle) -> 0 results
2026-03-11 20:51:23,464 [SIM] search_track(Riff Raff|As If Life Didn't Tear Us Apart) -> 0 results
2026-03-11 20:51:23,464 [SIM] search_track(Riff Raff|Lay by the Stars & Sleep by the Ocean) -> 0 results
2026-03-11 20:51:23,464 [SIM] search_track(Riff Raff|Foreign Land) -> 0 results
2026-03-11 20:51:23,464 [SIM] search_track(Riff Raff|Prada Plasterd) -> 0 results
2026-03-11 20:51:23,464 [SIM] search_track(Riff Raff|Freeze Dried) -> 0 results
2026-03-11 20:51:23,464 [SIM] search_track(Riff Raff|Lil Mama I'm Sorry) -> 0 results
2026-03-11 20:51:23,465 [SIM] search_track(Rihanna|Don't Stop The Music) -> 0 results
2026-03-11 20:51:23,465 [SIM] search_track(Rihanna|Shut Up And Drive) -> 0 results
2026-03-11 20:51:23,465 [SIM] search_track(Rihanna|Take A Bow) -> 0 results
2026-03-11 20:51:23,498 [SIM] search_track(Rihanna|Umbrella) -> 0 results
2026-03-11 20:51:23,498 [SIM] search_track(Rihanna|Cheers (Drink To That)) -> 0 results
2026-03-11 20:51:23,498 [SIM] search_track(Rihanna|Only Girl (In The World)) -> 0 results
2026-03-11 20:51:23,498 [SIM] search_track(Rihanna|What's My Name?) -> 0 results
2026-03-11 20:51:23,498 [SIM] search_track(Rihanna|Love The Way You Lie (Pt. 2)) -> 0 results
2026-03-11 20:51:23,498 [SIM] search_track(Rihanna|We Ride) -> 0 results
2026-03-11 20:51:23,498 [SIM] search_track(Rihanna|Where Have You Been) -> 0 results
2026-03-11 20:51:23,499 [SIM] search_track(Rihanna|We Found Love) -> 0 results
2026-03-11 20:51:23,499 [SIM] search_track(Rihanna|Talk That Talk) -> 0 results
2026-03-11 20:51:23,499 [SIM] search_track(Rihanna|Diamonds) -> 0 results
2026-03-11 20:51:23,499 [SIM] search_track(Rihanna|Love Without Tragedy) -> 0 results
2026-03-11 20:51:23,499 [SIM] search_track(Rihanna|What Now) -> 0 results
2026-03-11 20:51:23,499 [SIM] search_track(Rihanna|Nobody's Business) -> 0 results
2026-03-11 20:51:23,499 [SIM] search_track(Rihanna|Right Now) -> 0 results
2026-03-11 20:51:23,499 [SIM] search_track(Rihanna|Loveeeeeee Song) -> 0 results
2026-03-11 20:51:23,499 [SIM] search_track(Rihanna|Stay) -> 0 results
2026-03-11 20:51:23,499 [SIM] search_track(Rob Thomas|Ever the Same) -> 0 results
2026-03-11 20:51:23,499 [SIM] search_track(Rob Thomas|Lonely No More) -> 0 results
2026-03-11 20:51:23,499 [SIM] search_track(Rob Thomas|This Is How a Heart Breaks) -> 0 results
2026-03-11 20:51:23,499 [SIM] search_track(Rob Thomas|When the Heartache Ends) -> 0 results
2026-03-11 20:51:23,499 [SIM] search_track(Rod Wave|Keep Going) -> 0 results
2026-03-11 20:51:23,499 [SIM] search_track(Rod Wave|Yungen) -> 0 results
2026-03-11 20:51:23,500 [SIM] search_track(Rod Wave|Got It Right) -> 0 results
2026-03-11 20:51:23,500 [SIM] search_track(Rod Wave|MJ Story) -> 0 results
2026-03-11 20:51:23,500 [SIM] search_track(Rod Wave|Back Lit) -> 0 results
2026-03-11 20:51:23,532 [SIM] search_track(Rod Wave|Boyz Don't Cry) -> 0 results
2026-03-11 20:51:23,532 [SIM] search_track(Rod Wave|Call Your Friends) -> 0 results
2026-03-11 20:51:23,532 [SIM] search_track(Rod Wave|Checkmate) -> 0 results
2026-03-11 20:51:23,532 [SIM] search_track(Rod Wave|Come See Me) -> 0 results
2026-03-11 20:51:23,532 [SIM] search_track(Rod Wave|Crazy) -> 0 results
2026-03-11 20:51:23,532 [SIM] search_track(Rod Wave|Fight The Feeling) -> 0 results
2026-03-11 20:51:23,532 [SIM] search_track(Rod Wave|Great Gatsby) -> 0 results
2026-03-11 20:51:23,533 [SIM] search_track(Rod Wave|HG4) -> 0 results
2026-03-11 20:51:23,533 [SIM] search_track(Rod Wave|Keep It G) -> 0 results
2026-03-11 20:51:23,533 [SIM] search_track(Rod Wave|Long Journey) -> 0 results
2026-03-11 20:51:23,533 [SIM] search_track(Rod Wave|Love For A Thug) -> 0 results
2026-03-11 20:51:23,533 [SIM] search_track(Rod Wave|Love Story/Interlude) -> 0 results
2026-03-11 20:51:23,533 [SIM] search_track(Rod Wave|Pass You By) -> 0 results
2026-03-11 20:51:23,533 [SIM] search_track(Rod Wave|Rap Beef) -> 0 results
2026-03-11 20:51:23,533 [SIM] search_track(Rod Wave|Turks & Caicos) -> 0 results
2026-03-11 20:51:23,533 [SIM] search_track(Rod Wave|2018) -> 0 results
2026-03-11 20:51:23,533 [SIM] search_track(Rod Wave|Nostalgia) -> 0 results
2026-03-11 20:51:23,533 [SIM] search_track(Rod Wave|Girl Of My Dreams) -> 0 results
2026-03-11 20:51:23,533 [SIM] search_track(Rod Wave|Rags2Riches) -> 0 results
2026-03-11 20:51:23,534 [SIM] search_track(Rod Wave|Heart On Ice) -> 0 results
2026-03-11 20:51:23,534 [SIM] search_track(Rod Wave|True Story) -> 0 results
2026-03-11 20:51:23,534 [SIM] search_track(Rod Wave|Calabasas) -> 0 results
2026-03-11 20:51:23,534 [SIM] search_track(Rod Wave|All I Got) -> 0 results
2026-03-11 20:51:23,534 [SIM] search_track(Rod Wave|Cuban Links) -> 0 results
2026-03-11 20:51:23,534 [SIM] search_track(Roddy Ricch|25 million) -> 0 results
2026-03-11 20:51:23,564 [SIM] search_track(Roddy Ricch|more than a trend) -> 0 results
2026-03-11 20:51:23,564 [SIM] search_track(Roddy Ricch|rollercoastin) -> 0 results
2026-03-11 20:51:23,564 [SIM] search_track(Roddy Ricch|hibachi) -> 0 results
2026-03-11 20:51:23,564 [SIM] search_track(Roddy Ricch|Real Talk) -> 0 results
2026-03-11 20:51:23,564 [SIM] search_track(Roddy Ricch|The Box) -> 0 results
2026-03-11 20:51:23,564 [SIM] search_track(Roddy Ricch|High Fashion) -> 0 results
2026-03-11 20:51:23,564 [SIM] search_track(Roddy Ricch|Lonely Road) -> 0 results
2026-03-11 20:51:23,564 [SIM] search_track(Russ|Back From London Freestyle) -> 0 results
2026-03-11 20:51:23,564 [SIM] search_track(Russ|Never Again) -> 0 results
2026-03-11 20:51:23,564 [SIM] search_track(Russ|Waves) -> 0 results
2026-03-11 20:51:23,564 [SIM] search_track(Russ|2006) -> 0 results
2026-03-11 20:51:23,564 [SIM] search_track(Russ|A LOT MORE) -> 0 results
2026-03-11 20:51:23,564 [SIM] search_track(Russ|CAN'T GO ON) -> 0 results
2026-03-11 20:51:23,564 [SIM] search_track(Russ|CIVIL WAR) -> 0 results
2026-03-11 20:51:23,564 [SIM] search_track(Russ|MOMMA) -> 0 results
2026-03-11 20:51:23,564 [SIM] search_track(Russ|NEED A MINUTE) -> 0 results
2026-03-11 20:51:23,564 [SIM] search_track(Russ|NIGHTTIME (Interlude)) -> 0 results
2026-03-11 20:51:23,565 [SIM] search_track(Russ|NO TEARS LEFT) -> 0 results
2026-03-11 20:51:23,565 [SIM] search_track(Russ|PARANOID) -> 0 results
2026-03-11 20:51:23,565 [SIM] search_track(Russ|PATIENCE) -> 0 results
2026-03-11 20:51:23,565 [SIM] search_track(Russ|SHOTS) -> 0 results
2026-03-11 20:51:23,565 [SIM] search_track(Russ|SUMMER AT 7) -> 0 results
2026-03-11 20:51:23,565 [SIM] search_track(Russ|YOU COULDA LEFT ME ALONE) -> 0 results
2026-03-11 20:51:23,565 [SIM] search_track(Russ|I THOUGHT YOU GOT ME) -> 0 results
2026-03-11 20:51:23,565 [SIM] search_track(Russ|BEST ON EARTH) -> 0 results
2026-03-11 20:51:23,594 [SIM] search_track(Russ|SKY) -> 0 results
2026-03-11 20:51:23,594 [SIM] search_track(Russ|ASSHOLE) -> 0 results
2026-03-11 20:51:23,594 [SIM] search_track(Russ|FOOT ON THE GAS) -> 0 results
2026-03-11 20:51:23,594 [SIM] search_track(Russ|ALL TO YOU) -> 0 results
2026-03-11 20:51:23,594 [SIM] search_track(Russ|GUESS WHAT) -> 0 results
2026-03-11 20:51:23,594 [SIM] search_track(Russ|3AM) -> 0 results
2026-03-11 20:51:23,594 [SIM] search_track(Russ|10 Year Freestyle) -> 0 results
2026-03-11 20:51:23,594 [SIM] search_track(Russ|3:15 (Breathe)) -> 0 results
2026-03-11 20:51:23,594 [SIM] search_track(Russ|Ain't Nobody Takin My Baby) -> 0 results
2026-03-11 20:51:23,595 [SIM] search_track(Russ|AINT GOIN BACK) -> 0 results
2026-03-11 20:51:23,595 [SIM] search_track(Russ|Alone) -> 0 results
2026-03-11 20:51:23,595 [SIM] search_track(Russ|Back To Life) -> 0 results
2026-03-11 20:51:23,595 [SIM] search_track(Russ|Bankrupt) -> 0 results
2026-03-11 20:51:23,595 [SIM] search_track(Russ|BREAK!) -> 0 results
2026-03-11 20:51:23,595 [SIM] search_track(Russ|Can't Be Me) -> 0 results
2026-03-11 20:51:23,595 [SIM] search_track(Russ|Can't Let Go) -> 0 results
2026-03-11 20:51:23,595 [SIM] search_track(Russ|Cheers) -> 0 results
2026-03-11 20:51:23,595 [SIM] search_track(Russ|CROWN) -> 0 results
2026-03-11 20:51:23,595 [SIM] search_track(Russ|Drives) -> 0 results
2026-03-11 20:51:23,595 [SIM] search_track(Russ|Fire) -> 0 results
2026-03-11 20:51:23,595 [SIM] search_track(Russ|For the Stunt) -> 0 results
2026-03-11 20:51:23,595 [SIM] search_track(Russ|Freed Up) -> 0 results
2026-03-11 20:51:23,595 [SIM] search_track(Russ|Get Up & Get It) -> 0 results
2026-03-11 20:51:23,595 [SIM] search_track(Russ|Gimme Love) -> 0 results
2026-03-11 20:51:23,595 [SIM] search_track(Russ|Give Up) -> 0 results
2026-03-11 20:51:23,624 [SIM] search_track(Russ|Gone) -> 0 results
2026-03-11 20:51:23,624 [SIM] search_track(Russ|HANDSOMER) -> 0 results
2026-03-11 20:51:23,624 [SIM] search_track(Russ|Hard For Me) -> 0 results
2026-03-11 20:51:23,624 [SIM] search_track(Russ|I Love Me) -> 0 results
2026-03-11 20:51:23,624 [SIM] search_track(Russ|In The Dirt) -> 0 results
2026-03-11 20:51:23,624 [SIM] search_track(Russ|Lucky) -> 0 results
2026-03-11 20:51:23,624 [SIM] search_track(Russ|RENT FREE) -> 0 results
2026-03-11 20:51:23,624 [SIM] search_track(Russ|September 16) -> 0 results
2026-03-11 20:51:23,624 [SIM] search_track(Russ|SSX Tricky) -> 0 results
2026-03-11 20:51:23,624 [SIM] search_track(Russ|STATUS) -> 0 results
2026-03-11 20:51:23,624 [SIM] search_track(Russ|Take It All in) -> 0 results
2026-03-11 20:51:23,624 [SIM] search_track(Russ|That's My Girl) -> 0 results
2026-03-11 20:51:23,624 [SIM] search_track(Russ|We Just Havent Met Yet) -> 0 results
2026-03-11 20:51:23,624 [SIM] search_track(Russ|Your Favorite Rapper) -> 0 results
2026-03-11 20:51:23,624 [SIM] search_track(Russ|Are You Entertained) -> 0 results
2026-03-11 20:51:23,625 [SIM] search_track(Russ|Best Friend) -> 0 results
2026-03-11 20:51:23,625 [SIM] search_track(Russ|ON 10) -> 0 results
2026-03-11 20:51:23,625 [SIM] search_track(Russ|April 7) -> 0 results
2026-03-11 20:51:23,625 [SIM] search_track(Russ|Crazy) -> 0 results
2026-03-11 20:51:23,625 [SIM] search_track(Russ|Cyclone) -> 0 results
2026-03-11 20:51:23,625 [SIM] search_track(Russ|Embrace) -> 0 results
2026-03-11 20:51:23,625 [SIM] search_track(Russ|Forever) -> 0 results
2026-03-11 20:51:23,625 [SIM] search_track(Russ|Go Up) -> 0 results
2026-03-11 20:51:23,625 [SIM] search_track(Russ|How’d You Do It) -> 0 results
2026-03-11 20:51:23,625 [SIM] search_track(Russ|I Want You) -> 0 results
2026-03-11 20:51:23,653 [SIM] search_track(Russ|La La La) -> 0 results
2026-03-11 20:51:23,653 [SIM] search_track(Russ|Lonely Road) -> 0 results
2026-03-11 20:51:23,653 [SIM] search_track(Russ|Movin) -> 0 results
2026-03-11 20:51:23,653 [SIM] search_track(Russ|Pent up in a Penthouse) -> 0 results
2026-03-11 20:51:23,653 [SIM] search_track(Russ|Right Now) -> 0 results
2026-03-11 20:51:23,653 [SIM] search_track(Russ|Superman) -> 0 results
2026-03-11 20:51:23,653 [SIM] search_track(Russ|Tell Me Who) -> 0 results
2026-03-11 20:51:23,653 [SIM] search_track(Russ|Trying) -> 0 results
2026-03-11 20:51:23,653 [SIM] search_track(Russ|User Guide) -> 0 results
2026-03-11 20:51:23,653 [SIM] search_track(Russ|West) -> 0 results
2026-03-11 20:51:23,653 [SIM] search_track(Russ|Worried) -> 0 results
2026-03-11 20:51:23,653 [SIM] search_track(Russ|Shut Me Up) -> 0 results
2026-03-11 20:51:23,654 [SIM] search_track(Russ|Gettin to It) -> 0 results
2026-03-11 20:51:23,654 [SIM] search_track(Russ|Recognize) -> 0 results
2026-03-11 20:51:23,654 [SIM] search_track(S Club 7|Bring It All Back) -> 0 results
2026-03-11 20:51:23,654 [SIM] search_track(S Club 7|Bring The House Down) -> 0 results
2026-03-11 20:51:23,654 [SIM] search_track(S Club 7|Don't Stop Movin') -> 0 results
2026-03-11 20:51:23,654 [SIM] search_track(S Club 7|S Club Party) -> 0 results
2026-03-11 20:51:23,654 [SIM] search_track(Sabrina Carpenter|Espresso) -> 0 results
2026-03-11 20:51:23,654 [SIM] search_track(Sabrina Carpenter|Feather) -> 0 results
2026-03-11 20:51:23,654 [SIM] search_track(Sabrina Carpenter|Nonsense) -> 0 results
2026-03-11 20:51:23,654 [SIM] search_track(Scorey|Catch Me If You Can) -> 0 results
2026-03-11 20:51:23,654 [SIM] search_track(Scorey|Dior You) -> 0 results
2026-03-11 20:51:23,654 [SIM] search_track(Scorey|Guardian Angel) -> 0 results
2026-03-11 20:51:23,654 [SIM] search_track(Scorey|Love Letter) -> 0 results
2026-03-11 20:51:23,686 [SIM] search_track(Scorey|Rock N Roll) -> 0 results
2026-03-11 20:51:23,686 [SIM] search_track(Scorey|Die Young) -> 0 results
2026-03-11 20:51:23,686 [SIM] search_track(Scorey|Girls Love Rod Wave) -> 0 results
2026-03-11 20:51:23,686 [SIM] search_track(Scorey|No Names) -> 0 results
2026-03-11 20:51:23,686 [SIM] search_track(Scorey|Wildlife) -> 0 results
2026-03-11 20:51:23,686 [SIM] search_track(Sean Paul|Like Glue) -> 0 results
2026-03-11 20:51:23,686 [SIM] search_track(Sean Paul|Temperature) -> 0 results
2026-03-11 20:51:23,686 [SIM] search_track(Sean Paul|Got 2 Luv U) -> 0 results
2026-03-11 20:51:23,686 [SIM] search_track(Selena Gomez|Kill Em With Kindness) -> 0 results
2026-03-11 20:51:23,687 [SIM] search_track(Selena Gomez|Same Old Love) -> 0 results
2026-03-11 20:51:23,687 [SIM] search_track(Selena Gomez|Good For You) -> 0 results
2026-03-11 20:51:23,687 [SIM] search_track(Selena Gomez|Look At Her Now) -> 0 results
2026-03-11 20:51:23,687 [SIM] search_track(Selena Gomez|Bluest Flame) -> 0 results
2026-03-11 20:51:23,687 [SIM] search_track(Selena Gomez|Wolves) -> 0 results
2026-03-11 20:51:23,687 [SIM] search_track(Selena Gomez|Love You Like A Love Song) -> 0 results
2026-03-11 20:51:23,687 [SIM] search_track(Shaggy|Boombastic) -> 0 results
2026-03-11 20:51:23,687 [SIM] search_track(Shaggy|Hope) -> 0 results
2026-03-11 20:51:23,687 [SIM] search_track(Shaggy|Angel) -> 0 results
2026-03-11 20:51:23,687 [SIM] search_track(Shaggy|Luv Me, Luv Me) -> 0 results
2026-03-11 20:51:23,687 [SIM] search_track(Shakira|Whenever, Wherever) -> 0 results
2026-03-11 20:51:23,687 [SIM] search_track(Shakira|Waka Waka) -> 0 results
2026-03-11 20:51:23,687 [SIM] search_track(Shakira|Hips Don't Lie) -> 0 results
2026-03-11 20:51:23,687 [SIM] search_track(Short Stack|Heartbreak Made Me A Killer) -> 0 results
2026-03-11 20:51:23,687 [SIM] search_track(Short Stack|Planets) -> 0 results
2026-03-11 20:51:23,687 [SIM] search_track(Short Stack|We Dance To A Different Disco, Honey) -> 0 results
2026-03-11 20:51:23,715 [SIM] search_track(Shy Glizzy|Movies) -> 0 results
2026-03-11 20:51:23,715 [SIM] search_track(Shy Glizzy|Poppin My Shit) -> 0 results
2026-03-11 20:51:23,715 [SIM] search_track(Shy Glizzy|Underrated) -> 0 results
2026-03-11 20:51:23,715 [SIM] search_track(Shy Glizzy|Whippin' Up) -> 0 results
2026-03-11 20:51:23,715 [SIM] search_track(Shy Glizzy|No Days Off) -> 0 results
2026-03-11 20:51:23,715 [SIM] search_track(Shy Glizzy|Fools Fall N Love) -> 0 results
2026-03-11 20:51:23,715 [SIM] search_track(Side A|Forevermore) -> 0 results
2026-03-11 20:51:23,715 [SIM] search_track(Side A|Only You) -> 0 results
2026-03-11 20:51:23,715 [SIM] search_track(Side A|So Many Questions) -> 0 results
2026-03-11 20:51:23,715 [SIM] search_track(Simple Plan|This Song Saved My Life) -> 0 results
2026-03-11 20:51:23,715 [SIM] search_track(Simple Plan|Astronaut) -> 0 results
2026-03-11 20:51:23,715 [SIM] search_track(Simple Plan|Jet Lag) -> 0 results
2026-03-11 20:51:23,716 [SIM] search_track(Simple Plan|Perfect) -> 0 results
2026-03-11 20:51:23,716 [SIM] search_track(Simple Plan|Welcome to My Life) -> 0 results
2026-03-11 20:51:23,716 [SIM] search_track(Simple Plan|When I'm Gone) -> 0 results
2026-03-11 20:51:23,716 [SIM] search_track(Skrillex|Ease My Mind) -> 0 results
2026-03-11 20:51:23,716 [SIM] search_track(Skrillex|Way Back) -> 0 results
2026-03-11 20:51:23,716 [SIM] search_track(Skrillex|Bangarang) -> 0 results
2026-03-11 20:51:23,716 [SIM] search_track(Sleepy Hallow|Cupid's Guidance) -> 0 results
2026-03-11 20:51:23,716 [SIM] search_track(Sleepy Hallow|Luv Em All) -> 0 results
2026-03-11 20:51:23,716 [SIM] search_track(Sleepy Hallow|2055) -> 0 results
2026-03-11 20:51:23,716 [SIM] search_track(Snoop Dogg|Thank You) -> 0 results
2026-03-11 20:51:23,716 [SIM] search_track(Snoop Dogg|Gunz N Smoke) -> 0 results
2026-03-11 20:51:23,716 [SIM] search_track(Snoop Dogg|Gorgeous) -> 0 results
2026-03-11 20:51:23,716 [SIM] search_track(Snoop Dogg|Another Part Of Me) -> 0 results
2026-03-11 20:51:23,744 [SIM] search_track(Snoop Dogg|Sandwich Bag) -> 0 results
2026-03-11 20:51:23,744 [SIM] search_track(Snoop Dogg|Sensual Seduction) -> 0 results
2026-03-11 20:51:23,744 [SIM] search_track(Snoop Dogg|Riders On The Storm) -> 0 results
2026-03-11 20:51:23,744 [SIM] search_track(Snoop Dogg|Young, Wild & Free) -> 0 results
2026-03-11 20:51:23,744 [SIM] search_track(Snoop Dogg|Boss' Life) -> 0 results
2026-03-11 20:51:23,744 [SIM] search_track(Snoop Dogg|Imagine) -> 0 results
2026-03-11 20:51:23,745 [SIM] search_track(Snoop Dogg|That's That Shit) -> 0 results
2026-03-11 20:51:23,745 [SIM] search_track(Snoop Dogg|Still A G Thang) -> 0 results
2026-03-11 20:51:23,745 [SIM] search_track(Snoop Dogg|Bitch Please) -> 0 results
2026-03-11 20:51:23,745 [SIM] search_track(Snow Patrol|Chasing Cars) -> 0 results
2026-03-11 20:51:23,745 [SIM] search_track(Snow Patrol|Hands Open) -> 0 results
2026-03-11 20:51:23,745 [SIM] search_track(Snow Patrol|Called Out In The Dark) -> 0 results
2026-03-11 20:51:23,745 [SIM] search_track(T-Pain|Best Love Song) -> 0 results
2026-03-11 20:51:23,745 [SIM] search_track(T-Pain|I'm Sprung) -> 0 results
2026-03-11 20:51:23,745 [SIM] search_track(T-Pain|Bartender) -> 0 results
2026-03-11 20:51:23,745 [SIM] search_track(T-Pain|Up Down (Do This All Day)) -> 0 results
2026-03-11 20:51:23,745 [SIM] search_track(T-Pain|Can't Believe It) -> 0 results
2026-03-11 20:51:23,745 [SIM] search_track(T-Pain|5 O'Clock) -> 0 results
2026-03-11 20:51:23,745 [SIM] search_track(T-Pain|I'm N Luv (Wit a Stripper)) -> 0 results
2026-03-11 20:51:23,745 [SIM] search_track(T-Pain|Buy U a Drank (Shawty Snappin')) -> 0 results
2026-03-11 20:51:23,745 [SIM] search_track(T-Pain|Club Husband) -> 0 results
2026-03-11 20:51:23,745 [SIM] search_track(T-Pain|Dan Bilzerian) -> 0 results
2026-03-11 20:51:23,745 [SIM] search_track(T.I.|Live Your Life) -> 0 results
2026-03-11 20:51:23,745 [SIM] search_track(T.I.|My Life Your Entertainment) -> 0 results
2026-03-11 20:51:23,746 [SIM] search_track(T.I.|Whatever You Like) -> 0 results
2026-03-11 20:51:23,778 [SIM] search_track(T.I.|Bring Em Out) -> 0 results
2026-03-11 20:51:23,778 [SIM] search_track(T.I.|What You Know) -> 0 results
2026-03-11 20:51:23,778 [SIM] search_track(T.I.|Got Your Back) -> 0 results
2026-03-11 20:51:23,778 [SIM] search_track(T.I.|Hello) -> 0 results
2026-03-11 20:51:23,778 [SIM] search_track(T.I.|Popped Off) -> 0 results
2026-03-11 20:51:23,778 [SIM] search_track(Taio Cruz|Break Your Heart) -> 0 results
2026-03-11 20:51:23,778 [SIM] search_track(Taio Cruz|Dynamite) -> 0 results
2026-03-11 20:51:23,778 [SIM] search_track(Taio Cruz|Troublemaker) -> 0 results
2026-03-11 20:51:23,778 [SIM] search_track(Taio Cruz|Hangover) -> 0 results
2026-03-11 20:51:23,778 [SIM] search_track(Talib Kweli|Everything Man) -> 0 results
2026-03-11 20:51:23,778 [SIM] search_track(Talib Kweli|Hostile Gospel, Pt. 1 (Deliver Us)) -> 0 results
2026-03-11 20:51:23,779 [SIM] search_track(Talib Kweli|In the Mood) -> 0 results
2026-03-11 20:51:23,779 [SIM] search_track(Talib Kweli|The Perfect Beat) -> 0 results
2026-03-11 20:51:23,779 [SIM] search_track(Taylor Swift|Blank Space) -> 0 results
2026-03-11 20:51:23,779 [SIM] search_track(Taylor Swift|Shake It Off) -> 0 results
2026-03-11 20:51:23,779 [SIM] search_track(Taylor Swift|Fearless) -> 0 results
2026-03-11 20:51:23,779 [SIM] search_track(Taylor Swift|Fifteen) -> 0 results
2026-03-11 20:51:23,779 [SIM] search_track(Taylor Swift|Love Story) -> 0 results
2026-03-11 20:51:23,779 [SIM] search_track(Taylor Swift|You Belong With Me) -> 0 results
2026-03-11 20:51:23,779 [SIM] search_track(Taylor Swift|Anti-Hero) -> 0 results
2026-03-11 20:51:23,779 [SIM] search_track(Taylor Swift|Bejeweled) -> 0 results
2026-03-11 20:51:23,779 [SIM] search_track(Taylor Swift|Glitch) -> 0 results
2026-03-11 20:51:23,779 [SIM] search_track(Taylor Swift|Karma) -> 0 results
2026-03-11 20:51:23,779 [SIM] search_track(Taylor Swift|Would've, Could've, Should've) -> 0 results
2026-03-11 20:51:23,779 [SIM] search_track(Taylor Swift|Back To December) -> 0 results
2026-03-11 20:51:23,806 [SIM] search_track(Taylor Swift|Stay Stay Stay) -> 0 results
2026-03-11 20:51:23,806 [SIM] search_track(Taylor Swift|Teardrops On My Guitar) -> 0 results
2026-03-11 20:51:23,807 [SIM] search_track(Taylor Swift|We Are Never Ever Getting Back Together) -> 0 results
2026-03-11 20:51:23,807 [SIM] search_track(TeeManay|Go Girl) -> 0 results
2026-03-11 20:51:23,807 [SIM] search_track(TeeManay|Killin Me) -> 0 results
2026-03-11 20:51:23,807 [SIM] search_track(TeeManay|Selfish) -> 0 results
2026-03-11 20:51:23,807 [SIM] search_track(The Black Eyed Peas|Hey Mama) -> 0 results
2026-03-11 20:51:23,807 [SIM] search_track(The Black Eyed Peas|Shut Up) -> 0 results
2026-03-11 20:51:23,807 [SIM] search_track(The Black Eyed Peas|Where Is The Love?) -> 0 results
2026-03-11 20:51:23,807 [SIM] search_track(The Black Eyed Peas|Don't Lie) -> 0 results
2026-03-11 20:51:23,807 [SIM] search_track(The Black Eyed Peas|Don't Phunk With My Heart) -> 0 results
2026-03-11 20:51:23,807 [SIM] search_track(The Black Eyed Peas|My Humps) -> 0 results
2026-03-11 20:51:23,807 [SIM] search_track(The Black Eyed Peas|Pump It) -> 0 results
2026-03-11 20:51:23,807 [SIM] search_track(The Black Eyed Peas|Do It Like This) -> 0 results
2026-03-11 20:51:23,807 [SIM] search_track(The Black Eyed Peas|Don’t Stop The Party) -> 0 results
2026-03-11 20:51:23,807 [SIM] search_track(The Black Eyed Peas|Just Can’t Get Enough) -> 0 results
2026-03-11 20:51:23,807 [SIM] search_track(The Black Eyed Peas|Love You Long Time) -> 0 results
2026-03-11 20:51:23,807 [SIM] search_track(The Black Eyed Peas|Play It Loud) -> 0 results
2026-03-11 20:51:23,807 [SIM] search_track(The Black Eyed Peas|The Time (Dirty Bit)) -> 0 results
2026-03-11 20:51:23,807 [SIM] search_track(The Black Eyed Peas|Alive) -> 0 results
2026-03-11 20:51:23,807 [SIM] search_track(The Black Eyed Peas|Boom Boom Pow) -> 0 results
2026-03-11 20:51:23,807 [SIM] search_track(The Black Eyed Peas|I Gotta Feeling) -> 0 results
2026-03-11 20:51:23,807 [SIM] search_track(The Black Eyed Peas|Imma Be) -> 0 results
2026-03-11 20:51:23,807 [SIM] search_track(The Black Eyed Peas|Meet Me Halfway) -> 0 results
2026-03-11 20:51:23,808 [SIM] search_track(The Black Sorrows|Better Times) -> 0 results
2026-03-11 20:51:23,834 [SIM] search_track(The Black Sorrows|Brown Eyed Girl) -> 0 results
2026-03-11 20:51:23,834 [SIM] search_track(The Black Sorrows|Come On, Come On) -> 0 results
2026-03-11 20:51:23,834 [SIM] search_track(The Black Sorrows|Harley & Rose) -> 0 results
2026-03-11 20:51:23,834 [SIM] search_track(The Black Sorrows|Hold It Up To The Mirror) -> 0 results
2026-03-11 20:51:23,834 [SIM] search_track(The Black Sorrows|The Chosen Ones) -> 0 results
2026-03-11 20:51:23,834 [SIM] search_track(The Clash|London Calling) -> 0 results
2026-03-11 20:51:23,834 [SIM] search_track(The Clash|Should I Stay or Should I Go) -> 0 results
2026-03-11 20:51:23,834 [SIM] search_track(The Clash|The Guns of Brixton) -> 0 results
2026-03-11 20:51:23,834 [SIM] search_track(The Clash|Train in Vain (Stand by Me)) -> 0 results
2026-03-11 20:51:23,834 [SIM] search_track(The Game|My Life) -> 0 results
2026-03-11 20:51:23,834 [SIM] search_track(The Game|Plug) -> 0 results
2026-03-11 20:51:23,834 [SIM] search_track(The Game|Drug Test) -> 0 results
2026-03-11 20:51:23,834 [SIM] search_track(The Game|West Coast Kings) -> 0 results
2026-03-11 20:51:23,835 [SIM] search_track(The Game|Hate It Or Love It) -> 0 results
2026-03-11 20:51:23,835 [SIM] search_track(The Game|How We Do) -> 0 results
2026-03-11 20:51:23,835 [SIM] search_track(The Kid LAROI|BABY I'M BACK) -> 0 results
2026-03-11 20:51:23,835 [SIM] search_track(The Kid LAROI|Forever & Again) -> 0 results
2026-03-11 20:51:23,835 [SIM] search_track(The Kid LAROI|SO DONE) -> 0 results
2026-03-11 20:51:23,835 [SIM] search_track(The Kid LAROI|Diva) -> 0 results
2026-03-11 20:51:23,835 [SIM] search_track(The Kid LAROI|STILL CHOSE YOU) -> 0 results
2026-03-11 20:51:23,835 [SIM] search_track(The Kid LAROI|GO) -> 0 results
2026-03-11 20:51:23,835 [SIM] search_track(The Kid LAROI|STAY) -> 0 results
2026-03-11 20:51:23,835 [SIM] search_track(The Kid LAROI|FEEL SOMETHING) -> 0 results
2026-03-11 20:51:23,835 [SIM] search_track(The Kinks|This Time Tomorrow) -> 0 results
2026-03-11 20:51:23,835 [SIM] search_track(The Kinks|Tired of Waiting for You) -> 0 results
2026-03-11 20:51:23,865 [SIM] search_track(The Kinks|You Really Got Me) -> 0 results
2026-03-11 20:51:23,865 [SIM] search_track(The Notorious B.I.G.|Party On The West Coast) -> 0 results
2026-03-11 20:51:23,865 [SIM] search_track(The Notorious B.I.G.|Big Poppa) -> 0 results
2026-03-11 20:51:23,865 [SIM] search_track(The Notorious B.I.G.|Hypnotize) -> 0 results
2026-03-11 20:51:23,865 [SIM] search_track(The Notorious B.I.G.|Juicy) -> 0 results
2026-03-11 20:51:23,865 [SIM] search_track(The Notorious B.I.G.|Niggas Bleed) -> 0 results
2026-03-11 20:51:23,865 [SIM] search_track(The Notorious B.I.G.|One More Chance) -> 0 results
2026-03-11 20:51:23,866 [SIM] search_track(The Notorious B.I.G.|Ten Crack Commandments) -> 0 results
2026-03-11 20:51:23,866 [SIM] search_track(The Notorious B.I.G.|Unbelievable) -> 0 results
2026-03-11 20:51:23,866 [SIM] search_track(The Notorious B.I.G.|Warning) -> 0 results
2026-03-11 20:51:23,866 [SIM] search_track(The Notorious B.I.G.|Who Shot Ya?) -> 0 results
2026-03-11 20:51:23,866 [SIM] search_track(The Notorious B.I.G.|Nasty Girl) -> 0 results
2026-03-11 20:51:23,866 [SIM] search_track(The Notorious B.I.G.|Notorious Thugs) -> 0 results
2026-03-11 20:51:23,866 [SIM] search_track(The Notorious B.I.G.|Running Your Mouth) -> 0 results
2026-03-11 20:51:23,866 [SIM] search_track(The Notorious B.I.G.|Dead Wrong) -> 0 results
2026-03-11 20:51:23,866 [SIM] search_track(The Notorious B.I.G.|Want That Old Thing Back) -> 0 results
2026-03-11 20:51:23,866 [SIM] search_track(The Notorious B.I.G.|Get Money) -> 0 results
2026-03-11 20:51:23,866 [SIM] search_track(The Notorious B.I.G.|Notorious B.I.G.) -> 0 results
2026-03-11 20:51:23,866 [SIM] search_track(The Notorious B.I.G.|Fuck You Tonight) -> 0 results
2026-03-11 20:51:23,866 [SIM] search_track(The Notorious B.I.G.|Miss U) -> 0 results
2026-03-11 20:51:23,866 [SIM] search_track(The Notorious B.I.G.|Sky's the Limit) -> 0 results
2026-03-11 20:51:23,866 [SIM] search_track(The Notorious B.I.G.|Mo Money Mo Problems) -> 0 results
2026-03-11 20:51:23,866 [SIM] search_track(The Polish Ambassador|Let the Rhythm Just) -> 0 results
2026-03-11 20:51:23,866 [SIM] search_track(The Polish Ambassador|Lost & Found) -> 0 results
2026-03-11 20:51:23,866 [SIM] search_track(The Polish Ambassador|Shine Bright) -> 0 results
2026-03-11 20:51:23,894 [SIM] search_track(The Polish Ambassador|The Caged Bird Sings) -> 0 results
2026-03-11 20:51:23,894 [SIM] search_track(The Polish Ambassador|Kumite) -> 0 results
2026-03-11 20:51:23,894 [SIM] search_track(The Script|If You Could See Me Now) -> 0 results
2026-03-11 20:51:23,894 [SIM] search_track(The Script|Hall of Fame) -> 0 results
2026-03-11 20:51:23,894 [SIM] search_track(The Script|The Man Who Can't Be Moved) -> 0 results
2026-03-11 20:51:23,895 [SIM] search_track(The Veronicas|Lolita) -> 0 results
2026-03-11 20:51:23,895 [SIM] search_track(The Veronicas|You Ruin Me) -> 0 results
2026-03-11 20:51:23,895 [SIM] search_track(The Veronicas|Always) -> 0 results
2026-03-11 20:51:23,895 [SIM] search_track(The Veronicas|Born Bob Dylan) -> 0 results
2026-03-11 20:51:23,895 [SIM] search_track(The Veronicas|Cold) -> 0 results
2026-03-11 20:51:23,895 [SIM] search_track(The Veronicas|Cruel) -> 0 results
2026-03-11 20:51:23,895 [SIM] search_track(The Veronicas|Did You Miss Me (I'm a Veronica)) -> 0 results
2026-03-11 20:51:23,895 [SIM] search_track(The Veronicas|If You Love Someone) -> 0 results
2026-03-11 20:51:23,895 [SIM] search_track(The Veronicas|Let Me Out) -> 0 results
2026-03-11 20:51:23,895 [SIM] search_track(The Veronicas|Line of Fire) -> 0 results
2026-03-11 20:51:23,895 [SIM] search_track(The Veronicas|Mad Love) -> 0 results
2026-03-11 20:51:23,895 [SIM] search_track(The Veronicas|More Like Me) -> 0 results
2026-03-11 20:51:23,895 [SIM] search_track(The Veronicas|Sanctified) -> 0 results
2026-03-11 20:51:23,896 [SIM] search_track(The Veronicas|Teenage Millionaire) -> 0 results
2026-03-11 20:51:23,896 [SIM] search_track(The Veronicas|You and Me) -> 0 results
2026-03-11 20:51:23,896 [SIM] search_track(The Wombats|Give Me a Try) -> 0 results
2026-03-11 20:51:23,896 [SIM] search_track(The Wombats|Kill the Director) -> 0 results
2026-03-11 20:51:23,896 [SIM] search_track(The Wombats|Your Body Is a Weapon) -> 0 results
2026-03-11 20:51:23,896 [SIM] search_track(The Wombats|1996) -> 0 results
2026-03-11 20:51:23,896 [SIM] search_track(The Wombats|Techno Fan) -> 0 results
2026-03-11 20:51:23,929 [SIM] search_track(Too Short|Gettin' It) -> 0 results
2026-03-11 20:51:23,930 [SIM] search_track(Too Short|Burn Rubber) -> 0 results
2026-03-11 20:51:23,930 [SIM] search_track(Too Short|I'm a Player) -> 0 results
2026-03-11 20:51:23,930 [SIM] search_track(Too Short|The Ghetto) -> 0 results
2026-03-11 20:51:23,930 [SIM] search_track(Toosii|Favorite Song) -> 0 results
2026-03-11 20:51:23,930 [SIM] search_track(Toosii|Fuk You Mean) -> 0 results
2026-03-11 20:51:23,930 [SIM] search_track(Toosii|Heartaches) -> 0 results
2026-03-11 20:51:23,930 [SIM] search_track(Tove Lo|Habits (Stay High)) -> 0 results
2026-03-11 20:51:23,930 [SIM] search_track(Tove Lo|Talking Body) -> 0 results
2026-03-11 20:51:23,930 [SIM] search_track(Tove Lo|Cool Girl) -> 0 results
2026-03-11 20:51:23,930 [SIM] search_track(Travie McCoy|We'll Be Alright) -> 0 results
2026-03-11 20:51:23,930 [SIM] search_track(Travie McCoy|Billionaire) -> 0 results
2026-03-11 20:51:23,930 [SIM] search_track(Travie McCoy|Keep on Keeping On) -> 0 results
2026-03-11 20:51:23,930 [SIM] search_track(Travie McCoy|Rough Water) -> 0 results
2026-03-11 20:51:23,930 [SIM] search_track(Travie McCoy|Golden) -> 0 results
2026-03-11 20:51:23,930 [SIM] search_track(Trey Songz|Not for Long) -> 0 results
2026-03-11 20:51:23,930 [SIM] search_track(Trey Songz|Touchin, Lovin) -> 0 results
2026-03-11 20:51:23,931 [SIM] search_track(Trey Songz|Can't Help but Wait) -> 0 results
2026-03-11 20:51:23,931 [SIM] search_track(Trey Songz|Missin' You) -> 0 results
2026-03-11 20:51:23,931 [SIM] search_track(Trey Songz|Role Play) -> 0 results
2026-03-11 20:51:23,931 [SIM] search_track(Twista|Sunshine) -> 0 results
2026-03-11 20:51:23,931 [SIM] search_track(Twista|Hope (Album Version)) -> 0 results
2026-03-11 20:51:23,931 [SIM] search_track(Twista|Overnight Celebrity) -> 0 results
2026-03-11 20:51:23,931 [SIM] search_track(Twista|So Sexy Chapter II (Like This)) -> 0 results
2026-03-11 20:51:23,931 [SIM] search_track(Twista|So Sexy) -> 0 results
2026-03-11 20:51:23,960 [SIM] search_track(Twista|Hope) -> 0 results
2026-03-11 20:51:23,960 [SIM] search_track(Tyga|Booty Dancer) -> 0 results
2026-03-11 20:51:23,960 [SIM] search_track(Tyga|Sheikh Talk) -> 0 results
2026-03-11 20:51:23,961 [SIM] search_track(Tyga|Freaky Deaky) -> 0 results
2026-03-11 20:51:23,961 [SIM] search_track(Tyga|Sunshine) -> 0 results
2026-03-11 20:51:23,961 [SIM] search_track(Tyga|FREAK) -> 0 results
2026-03-11 20:51:23,961 [SIM] search_track(Tyga|Taste) -> 0 results
2026-03-11 20:51:23,961 [SIM] search_track(Tyla Yaweh|Gemini) -> 0 results
2026-03-11 20:51:23,961 [SIM] search_track(Tyla Yaweh|High Right Now) -> 0 results
2026-03-11 20:51:23,961 [SIM] search_track(Tyla Yaweh|They Ain't You) -> 0 results
2026-03-11 20:51:23,961 [SIM] search_track(Tyla Yaweh|Salute) -> 0 results
2026-03-11 20:51:23,961 [SIM] search_track(Tyla Yaweh|I Think I Luv Her) -> 0 results
2026-03-11 20:51:23,961 [SIM] search_track(Tyla Yaweh|All the Smoke) -> 0 results
2026-03-11 20:51:23,961 [SIM] search_track(Tyla Yaweh|Tommy Lee) -> 0 results
2026-03-11 20:51:23,961 [SIM] search_track(Tyla Yaweh|High Right Now (Remix)) -> 0 results
2026-03-11 20:51:23,961 [SIM] search_track(Unkle Adams|Beast Mode) -> 0 results
2026-03-11 20:51:23,961 [SIM] search_track(Unkle Adams|Friends Over Enemies) -> 0 results
2026-03-11 20:51:23,961 [SIM] search_track(Unkle Adams|I Am Stronger) -> 0 results
2026-03-11 20:51:23,961 [SIM] search_track(Usher|Monstar) -> 0 results
2026-03-11 20:51:23,961 [SIM] search_track(Usher|More) -> 0 results
2026-03-11 20:51:23,961 [SIM] search_track(Usher|U Got It Bad) -> 0 results
2026-03-11 20:51:23,961 [SIM] search_track(Usher|DJ Got Us Fallin' In Love) -> 0 results
2026-03-11 20:51:23,961 [SIM] search_track(Usher|Hey Daddy (Daddy's Home)) -> 0 results
2026-03-11 20:51:23,961 [SIM] search_track(Usher|My Boo) -> 0 results
2026-03-11 20:51:23,961 [SIM] search_track(Vee tha Rula|Go Hard) -> 0 results
2026-03-11 20:51:23,991 [SIM] search_track(Vee tha Rula|Bullshit) -> 0 results
2026-03-11 20:51:23,991 [SIM] search_track(Vee tha Rula|D.O.A.) -> 0 results
2026-03-11 20:51:23,991 [SIM] search_track(Vwillz|Baby Baby) -> 0 results
2026-03-11 20:51:23,991 [SIM] search_track(Vwillz|Eyes on You) -> 0 results
2026-03-11 20:51:23,991 [SIM] search_track(Vwillz|Top Floor) -> 0 results
2026-03-11 20:51:23,991 [SIM] search_track(Vwillz|BRIDE AT A BAR) -> 0 results
2026-03-11 20:51:23,991 [SIM] search_track(Vwillz|Central Park) -> 0 results
2026-03-11 20:51:23,991 [SIM] search_track(Wale|My Love) -> 0 results
2026-03-11 20:51:23,992 [SIM] search_track(Wale|On Chill) -> 0 results
2026-03-11 20:51:23,992 [SIM] search_track(Wale|Poke It Out) -> 0 results
2026-03-11 20:51:23,992 [SIM] search_track(Weezer|Buddy Holly) -> 0 results
2026-03-11 20:51:23,992 [SIM] search_track(Weezer|Island In The Sun) -> 0 results
2026-03-11 20:51:23,992 [SIM] search_track(Weezer|The Good Life) -> 0 results
2026-03-11 20:51:23,992 [SIM] search_track("Weird Al" Yankovic|Amish Paradise ("Gangsta's Paradise" Parody)) -> 0 results
2026-03-11 20:51:23,992 [SIM] search_track("Weird Al" Yankovic|eBay ("I Want It That Way" Parody)) -> 0 results
2026-03-11 20:51:23,992 [SIM] search_track("Weird Al" Yankovic|Like a Surgeon ("Like a Virgin" Parody)) -> 0 results
2026-03-11 20:51:23,992 [SIM] search_track("Weird Al" Yankovic|The Saga Begins ("American Pie" Parody)) -> 0 results
2026-03-11 20:51:23,992 [SIM] search_track("Weird Al" Yankovic|White & Nerdy ("Ridin'" Parody)) -> 0 results
2026-03-11 20:51:23,992 [SIM] search_track(Will Smith|Gettin' Jiggy Wit It) -> 0 results
2026-03-11 20:51:23,992 [SIM] search_track(Will Smith|Just The Two Of Us) -> 0 results
2026-03-11 20:51:23,992 [SIM] search_track(Will Smith|Men In Black) -> 0 results
2026-03-11 20:51:23,992 [SIM] search_track(Will Smith|Miami) -> 0 results
2026-03-11 20:51:23,992 [SIM] search_track(Will Smith|Yes Yes Y'All) -> 0 results
2026-03-11 20:51:23,992 [SIM] search_track(Will Smith|Girls Ain't Nothing But Trouble) -> 0 results
2026-03-11 20:51:23,992 [SIM] search_track(Will Smith|Parents Just Don't Understand) -> 0 results
2026-03-11 20:51:24,019 [SIM] search_track(Will Smith|Summertime) -> 0 results
2026-03-11 20:51:24,020 [SIM] search_track(Will Smith|The Fresh Prince of Bel-Air) -> 0 results
2026-03-11 20:51:24,020 [SIM] search_track(Will Smith|Party Starter) -> 0 results
2026-03-11 20:51:24,020 [SIM] search_track(Will Smith|Switch) -> 0 results
2026-03-11 20:51:24,020 [SIM] search_track(Will Smith|Afro Angel) -> 0 results
2026-03-11 20:51:24,020 [SIM] search_track(Will Smith|Freakin' It) -> 0 results
2026-03-11 20:51:24,020 [SIM] search_track(Will Smith|La Fiesta) -> 0 results
2026-03-11 20:51:24,020 [SIM] search_track(Will Smith|Partners) -> 0 results
2026-03-11 20:51:24,020 [SIM] search_track(Will Smith|So Fresh) -> 0 results
2026-03-11 20:51:24,020 [SIM] search_track(Will Smith|No More) -> 0 results
2026-03-11 20:51:24,020 [SIM] search_track(Will Smith|Wild Wild West) -> 0 results
2026-03-11 20:51:24,020 [SIM] search_track(Will Smith|Can You Feel Me?) -> 0 results
2026-03-11 20:51:24,020 [SIM] search_track(Will Smith|The Rain) -> 0 results
2026-03-11 20:51:24,020 [SIM] search_track(Will Smith|Uuhhh) -> 0 results
2026-03-11 20:51:24,020 [SIM] search_track(Will Smith|Da Butta) -> 0 results
2026-03-11 20:51:24,020 [SIM] search_track(Will Smith|Who Am I) -> 0 results
2026-03-11 20:51:24,020 [SIM] search_track(Will Smith|I'm Comin) -> 0 results
2026-03-11 20:51:24,020 [SIM] search_track(Wiz Khalifa|How The Story Goes) -> 0 results
2026-03-11 20:51:24,020 [SIM] search_track(Wiz Khalifa|No Singles) -> 0 results
2026-03-11 20:51:24,020 [SIM] search_track(Wiz Khalifa|Everyday) -> 0 results
2026-03-11 20:51:24,020 [SIM] search_track(Wiz Khalifa|Ready For Love) -> 0 results
2026-03-11 20:51:24,020 [SIM] search_track(Wiz Khalifa|Bad Ass Bitches) -> 0 results
2026-03-11 20:51:24,021 [SIM] search_track(Wiz Khalifa|High Maintenance) -> 0 results
2026-03-11 20:51:24,021 [SIM] search_track(Wiz Khalifa|Homies) -> 0 results
2026-03-11 20:51:24,021 [SIM] search_track(Wiz Khalifa|Keys) -> 0 results
2026-03-11 20:51:24,050 [SIM] search_track(Wiz Khalifa|Memory Lane) -> 0 results
2026-03-11 20:51:24,050 [SIM] search_track(Wiz Khalifa|MVP) -> 0 results
2026-03-11 20:51:24,050 [SIM] search_track(Wiz Khalifa|Nobody Knows) -> 0 results
2026-03-11 20:51:24,050 [SIM] search_track(Wiz Khalifa|Something Real) -> 0 results
2026-03-11 20:51:24,050 [SIM] search_track(Wiz Khalifa|Thank Him) -> 0 results
2026-03-11 20:51:24,050 [SIM] search_track(Wiz Khalifa|We Don’t Go Out To Nightclubs Anymore) -> 0 results
2026-03-11 20:51:24,050 [SIM] search_track(Wiz Khalifa|We're Not Even) -> 0 results
2026-03-11 20:51:24,050 [SIM] search_track(Wiz Khalifa|Big Daddy Wiz) -> 0 results
2026-03-11 20:51:24,050 [SIM] search_track(Wiz Khalifa|1000 Women) -> 0 results
2026-03-11 20:51:24,050 [SIM] search_track(Wiz Khalifa|Black And Yellow) -> 0 results
2026-03-11 20:51:24,050 [SIM] search_track(Wiz Khalifa|Million Dollar Moment) -> 0 results
2026-03-11 20:51:24,050 [SIM] search_track(Wiz Khalifa|Still Wiz) -> 0 results
2026-03-11 20:51:24,050 [SIM] search_track(Wiz Khalifa|When I Grow Up) -> 0 results
2026-03-11 20:51:24,050 [SIM] search_track(Wiz Khalifa|Let It Go) -> 0 results
2026-03-11 20:51:24,050 [SIM] search_track(Wiz Khalifa|See You Again) -> 0 results
2026-03-11 20:51:24,051 [SIM] search_track(Wiz Khalifa|My Favorite Song) -> 0 results
2026-03-11 20:51:24,051 [SIM] search_track(Wiz Khalifa|Something New) -> 0 results
2026-03-11 20:51:24,051 [SIM] search_track(Xzibit|Paparazzi) -> 0 results
2026-03-11 20:51:24,051 [SIM] search_track(Xzibit|The Foundation) -> 0 results
2026-03-11 20:51:24,051 [SIM] search_track(Xzibit|Don't Approach Me) -> 0 results
2026-03-11 20:51:24,051 [SIM] search_track(Xzibit|Beware Of Us) -> 0 results
2026-03-11 20:51:24,051 [SIM] search_track(Xzibit|Symphony In X Major) -> 0 results
2026-03-11 20:51:24,051 [SIM] search_track(YG|BOMPTOWN FINEST) -> 0 results
2026-03-11 20:51:24,051 [SIM] search_track(YG|Laugh Now Kry Later!) -> 0 results
2026-03-11 20:51:24,051 [SIM] search_track(YG|LOVE MAKE) -> 0 results
2026-03-11 20:51:24,078 [SIM] search_track(YG|Sign Language) -> 0 results
2026-03-11 20:51:24,078 [SIM] search_track(YG|Toxic) -> 0 results
2026-03-11 20:51:24,078 [SIM] search_track(YG|Run) -> 0 results
2026-03-11 20:51:24,078 [SIM] search_track(YNW Melly|Legendary) -> 0 results
2026-03-11 20:51:24,078 [SIM] search_track(YNW Melly|Mixed Personalities) -> 0 results
2026-03-11 20:51:24,078 [SIM] search_track(YNW Melly|Thugged Out) -> 0 results
2026-03-11 20:51:24,078 [SIM] search_track(YNW Melly|Dedication) -> 0 results
2026-03-11 20:51:24,079 [SIM] search_track(YNW Melly|Lovey Dovey) -> 0 results
2026-03-11 20:51:24,079 [SIM] search_track(YNW Melly|Save Me) -> 0 results
2026-03-11 20:51:24,079 [SIM] search_track(Young Dubliners|Follow Me Up To Carlow) -> 0 results
2026-03-11 20:51:24,079 [SIM] search_track(Young Dubliners|I'll Tell Me Ma) -> 0 results
2026-03-11 20:51:24,079 [SIM] search_track(Young Dubliners|If I Should Fall From Grace With God) -> 0 results
2026-03-11 20:51:24,079 [SIM] search_track(Young Dubliners|The Foggy Dew) -> 0 results
2026-03-11 20:51:24,079 [SIM] search_track(Young Dubliners|The Rocky Road To Dublin) -> 0 results
2026-03-11 20:51:24,079 [SIM] search_track(Young Jeezy|Put On) -> 0 results
2026-03-11 20:51:24,079 [SIM] search_track(Young Jeezy|Soul Survivor) -> 0 results
2026-03-11 20:51:24,079 [SIM] search_track(Young Jeezy|My President) -> 0 results
2026-03-11 20:51:24,079 [SIM] search_track(Young Money|Every Girl) -> 0 results
2026-03-11 20:51:24,079 [SIM] search_track(Young Money|BedRock) -> 0 results
2026-03-11 20:51:24,079 [SIM] search_track(Young Money|Trophies) -> 0 results
2026-03-11 20:51:24,079 [SIM] search_track(Young Thug|Hate The Game) -> 0 results
2026-03-11 20:51:24,079 [SIM] search_track(Young Thug|Hot) -> 0 results
2026-03-11 20:51:24,079 [SIM] search_track(Young Thug|The London) -> 0 results
2026-03-11 20:51:24,079 [SIM] search_track(YoungBoy Never Broke Again|Came A Long Way) -> 0 results
2026-03-11 20:51:24,079 [SIM] search_track(YoungBoy Never Broke Again|Don't Hurt Me) -> 0 results
2026-03-11 20:51:24,106 [SIM] search_track(YoungBoy Never Broke Again|Guitar Hero) -> 0 results
2026-03-11 20:51:24,106 [SIM] search_track(YoungBoy Never Broke Again|Better Than Ever) -> 0 results
2026-03-11 20:51:24,107 [SIM] search_track(YoungBoy Never Broke Again|HTAFL) -> 0 results
2026-03-11 20:51:24,107 [SIM] search_track(YoungBoy Never Broke Again|I Love It) -> 0 results
2026-03-11 20:51:24,107 [SIM] search_track(YoungBoy Never Broke Again|Lose Me) -> 0 results
2026-03-11 20:51:24,107 [SIM] search_track(YoungBoy Never Broke Again|Nurse) -> 0 results
2026-03-11 20:51:24,107 [SIM] search_track(YoungBoy Never Broke Again|Ben Lomond Mountain) -> 0 results
2026-03-11 20:51:24,107 [SIM] search_track(YoungBoy Never Broke Again|Get Right) -> 0 results
2026-03-11 20:51:24,107 [SIM] search_track(YoungBoy Never Broke Again|King Of The Jungle) -> 0 results
2026-03-11 20:51:24,107 [SIM] search_track(YoungBoy Never Broke Again|Rain) -> 0 results
2026-03-11 20:51:24,107 [SIM] search_track(YoungBoy Never Broke Again|Right Now) -> 0 results
2026-03-11 20:51:24,107 [SIM] search_track(YoungBoy Never Broke Again|Rose Gold) -> 0 results
2026-03-11 20:51:24,107 [SIM] search_track(YoungBoy Never Broke Again|Sedated) -> 0 results
2026-03-11 20:51:24,107 [SIM] search_track(YoungBoy Never Broke Again|I Admit) -> 0 results
2026-03-11 20:51:24,107 [SIM] search_track(YoungBoy Never Broke Again|Dedicated) -> 0 results
2026-03-11 20:51:24,107 [SIM] search_track(YoungBoy Never Broke Again|Goals) -> 0 results
2026-03-11 20:51:24,107 [SIM] search_track(YoungBoy Never Broke Again|Kacey Talk) -> 0 results
2026-03-11 20:51:24,107 [SIM] search_track(YoungBoy Never Broke Again|No Time) -> 0 results
2026-03-11 20:51:24,107 [SIM] search_track(YoungBoy Never Broke Again|No Where) -> 0 results
2026-03-11 20:51:24,107 [SIM] search_track(YoungBoy Never Broke Again|No. 9) -> 0 results
2026-03-11 20:51:24,107 [SIM] search_track(YoungBoy Never Broke Again|Proud of Myself) -> 0 results
2026-03-11 20:51:24,107 [SIM] search_track(YoungBoy Never Broke Again|Purge Me) -> 0 results
2026-03-11 20:51:24,107 [SIM] search_track(YoungBoy Never Broke Again|Swag On Point) -> 0 results
2026-03-11 20:51:24,107 [SIM] search_track(YoungBoy Never Broke Again|Trouble Calling) -> 0 results
2026-03-11 20:51:24,108 [SIM] search_track(YoungBoy Never Broke Again|Wagwan) -> 0 results
2026-03-11 20:51:24,134 [SIM] search_track(YoungBoy Never Broke Again|My Go To) -> 0 results
2026-03-11 20:51:24,134 [SIM] search_track(YoungBoy Never Broke Again|I Am Who They Say I Am) -> 0 results
2026-03-11 20:51:24,135 [SIM] search_track(YoungBoy Never Broke Again|Don't Rate Me) -> 0 results
2026-03-11 20:51:24,135 [SIM] search_track(YoungBoy Never Broke Again|Black Ball) -> 0 results
2026-03-11 20:51:24,135 [SIM] search_track(Yung Bleu|Vent) -> 0 results
2026-03-11 20:51:24,135 [SIM] search_track(Yung Bleu|Bad Lil Vibe) -> 0 results
2026-03-11 20:51:24,135 [SIM] search_track(Yung Bleu|Don't Forget Me) -> 0 results
2026-03-11 20:51:24,135 [SIM] search_track(Yung Bleu|Hard To Find) -> 0 results
2026-03-11 20:51:24,135 [SIM] search_track(Yung Bleu|No Good Decisions) -> 0 results
2026-03-11 20:51:24,135 [SIM] search_track(Yung Bleu|Rich Killaz) -> 0 results
2026-03-11 20:51:24,135 [SIM] search_track(Yung Bleu|The Real Side) -> 0 results
2026-03-11 20:51:24,135 [SIM] search_track(Yung Bleu|What Type of Games) -> 0 results
2026-03-11 20:51:24,135 [SIM] search_track(Yung Bleu|One Of Those Nights) -> 0 results
2026-03-11 20:51:24,135 [SIM] search_track(Yung Bleu|Life Worth Living) -> 0 results
2026-03-11 20:51:24,135 [SIM] search_track(Yung Bleu|Freak Freak) -> 0 results
2026-03-11 20:51:24,135 [SIM] search_track(Yung Bleu|Soul Child) -> 0 results
2026-03-11 20:51:24,135 [SIM] search_track(Yung Bleu|Your Love Is Dangerous) -> 0 results
2026-03-11 20:51:24,135 [SIM] search_track(Yung Bleu|Walk Through The Fire) -> 0 results
2026-03-11 20:51:24,135 [SIM] search_track(Yung Bleu|Love In The Way) -> 0 results
2026-03-11 20:51:24,135 [SIM] search_track(Yung Bleu|Feel It Inside) -> 0 results
2026-03-11 20:51:24,135 [SIM] search_track(Yung Bleu|Fire Inside) -> 0 results
2026-03-11 20:51:24,136 [SIM] search_track(Yung Gravy|Back On That Horse) -> 0 results
2026-03-11 20:51:24,136 [SIM] search_track(Yung Gravy|Clementine) -> 0 results
2026-03-11 20:51:24,136 [SIM] search_track(Yung Gravy|DMPB) -> 0 results
2026-03-11 20:51:24,136 [SIM] search_track(Yung Gravy|Lone Ranger) -> 0 results
2026-03-11 20:51:24,165 [SIM] search_track(Yung Gravy|My Day 1's) -> 0 results
2026-03-11 20:51:24,166 [SIM] search_track(Yung Gravy|Cop A Truck) -> 0 results
2026-03-11 20:51:24,166 [SIM] search_track(Yung Gravy|White Claw) -> 0 results
2026-03-11 20:51:24,166 [SIM] search_track(Yung Gravy|My Garage) -> 0 results
2026-03-11 20:51:24,166 [SIM] search_track(Yung Gravy|Betty (Get Money)) -> 0 results
2026-03-11 20:51:24,166 [SIM] search_track(Yung Gravy|Mr. Clean) -> 0 results
2026-03-11 20:51:24,166 [SIM] search_track(Yung Gravy|Goodness Gracious) -> 0 results
2026-03-11 20:51:24,166 [SIM] search_track(Yung Gravy|C’est La Vie) -> 0 results
2026-03-11 20:51:24,166 [SIM] search_track(Zara Larsson|Weak Heart) -> 0 results
2026-03-11 20:51:24,166 [SIM] search_track(Zara Larsson|Lush Life) -> 0 results
2026-03-11 20:51:24,166 [SIM] search_track(Zara Larsson|Never Forget You) -> 0 results
2026-03-11 20:51:24,166 [SIM] search_track(Zara Larsson|So Good) -> 0 results
2026-03-11 20:51:24,166 [SIM] search_track(Garry Sandhu|Dil De De) -> 0 results
2026-03-11 20:51:24,166 [SIM] search_track(Panjabi MC|Beware of the Boys) -> 0 results
2026-03-11 20:51:24,166 [SIM] search_track(Shekhar Ravjiani|Ishq Wala Love) -> 0 results
2026-03-11 20:51:24,166 [SIM] search_track(Vishal-Shekhar|Desi Girl) -> 0 results
2026-03-11 20:51:24,166 [SIM] search_track(Craig Douglas|Our Favourite Melodies) -> 0 results
2026-03-11 20:51:24,166 [SIM] search_track(Helen Shapiro|Let's Talk About Love) -> 0 results
2026-03-11 20:51:24,166 [SIM] search_track(Kenny Lynch|Up on The Roof) -> 0 results
2026-03-11 20:51:24,166 [SIM] search_track(Shane Fenton and the Fentones|Cindy's Birthday) -> 0 results
2026-03-11 20:51:24,167 [SIM] search_track(The Shadows|Wonderful Land) -> 0 results
2026-03-11 20:51:24,167 [SIM] search_track(Arrested Development|Mr Wendal) -> 0 results
2026-03-11 20:51:24,167 [SIM] search_track(Brotherhood|One Shot) -> 0 results
2026-03-11 20:51:24,167 [SIM] search_track(Frankie and Co.|King Of New York) -> 0 results
2026-03-11 20:51:24,167 [SIM] search_track(Guru|Love Sick) -> 0 results
2026-03-11 20:51:24,194 [SIM] search_track(Guru|No Time To Play) -> 0 results
2026-03-11 20:51:24,194 [SIM] search_track(Ice T|That's How I'm Livin') -> 0 results
2026-03-11 20:51:24,194 [SIM] search_track(Luniz|I Got 5 On It) -> 0 results
2026-03-11 20:51:24,194 [SIM] search_track(Mantronix|Bassline) -> 0 results
2026-03-11 20:51:24,194 [SIM] search_track(Mantronix|Get a Life) -> 0 results
2026-03-11 20:51:24,194 [SIM] search_track(Monie Love|It's a Shame (My Sister)) -> 0 results
2026-03-11 20:51:24,194 [SIM] search_track(Worlds Famous Supreme Team|Hey DJ) -> 0 results
2026-03-11 20:51:24,194 [SIM] search_track(2Pac|Before I Leave) -> 0 results
2026-03-11 20:51:24,194 [SIM] search_track(2Pac|Better Dayz (Remix)) -> 0 results
2026-03-11 20:51:24,194 [SIM] search_track(2Pac|Desperate) -> 0 results
2026-03-11 20:51:24,194 [SIM] search_track(2Pac|Died in Your Arms) -> 0 results
2026-03-11 20:51:24,194 [SIM] search_track(2Pac|Fight til the End) -> 0 results
2026-03-11 20:51:24,194 [SIM] search_track(2Pac|Gave You My Heart) -> 0 results
2026-03-11 20:51:24,195 [SIM] search_track(2Pac|In My Heart) -> 0 results
2026-03-11 20:51:24,195 [SIM] search_track(2Pac|Listen to Your Heart) -> 0 results
2026-03-11 20:51:24,195 [SIM] search_track(2Pac|Memories) -> 0 results
2026-03-11 20:51:24,195 [SIM] search_track(2Pac|My Block) -> 0 results
2026-03-11 20:51:24,195 [SIM] search_track(2Pac|Never Had A Friend Like Me) -> 0 results
2026-03-11 20:51:24,195 [SIM] search_track(2Pac|Old School (Lofi)) -> 0 results
2026-03-11 20:51:24,195 [SIM] search_track(2Pac|Punk Police) -> 0 results
2026-03-11 20:51:24,195 [SIM] search_track(2Pac|Remember Me) -> 0 results
2026-03-11 20:51:24,195 [SIM] search_track(2Pac|Scarface) -> 0 results
2026-03-11 20:51:24,195 [SIM] search_track(2Pac|Smile Now Cry Later) -> 0 results
2026-03-11 20:51:24,195 [SIM] search_track(2Pac|Still Love You) -> 0 results
2026-03-11 20:51:24,195 [SIM] search_track(2Pac|The Taking) -> 0 results
2026-03-11 20:51:24,226 [SIM] search_track(2Pac|Trust Me) -> 0 results
2026-03-11 20:51:24,226 [SIM] search_track(2Pac|When I'm Gone (Remix)) -> 0 results
2026-03-11 20:51:24,226 [SIM] search_track(2Pac|My Life Be Like) -> 0 results
2026-03-11 20:51:24,226 [SIM] search_track(2Pac|Real Thugs) -> 0 results
2026-03-11 20:51:24,226 [SIM] search_track(2Pac|Thug Nation) -> 0 results
2026-03-11 20:51:24,226 [SIM] search_track(2Pac|Do You Feel Me) -> 0 results
2026-03-11 20:51:24,226 [SIM] search_track(2Pac|Enemies) -> 0 results
2026-03-11 20:51:24,226 [SIM] search_track(2Pac|I'll Be Missing You) -> 0 results
2026-03-11 20:51:24,226 [SIM] search_track(Eminem|I'm Back (Remix)) -> 0 results
2026-03-11 20:51:24,226 [SIM] search_track(Ice Cube|Built for This) -> 0 results
2026-03-11 20:51:24,226 [SIM] search_track(Ice Cube|West Side Connection) -> 0 results
2026-03-11 20:51:24,226 [SIM] search_track(¡Mayday!|Run Up) -> 0 results
2026-03-11 20:51:24,226 [SIM] search_track($Not|Whipski) -> 0 results
2026-03-11 20:51:24,226 [SIM] search_track(03 Greedo|Substance) -> 0 results
2026-03-11 20:51:24,227 [SIM] search_track(2 Chainz|We Own It (Fast & Furious)) -> 0 results
2026-03-11 20:51:24,227 [SIM] search_track(2KBABY|Luigi) -> 0 results
2026-03-11 20:51:24,227 [SIM] search_track(2KBABY|Like This) -> 0 results
2026-03-11 20:51:24,227 [SIM] search_track(3OH!3|Starstrukk) -> 0 results
2026-03-11 20:51:24,227 [SIM] search_track(4 Non Blondes|What's Up?) -> 0 results
2026-03-11 20:51:24,227 [SIM] search_track(42 Dugg|Hold Me Down) -> 0 results
2026-03-11 20:51:24,227 [SIM] search_track(42 Dugg|4 Da Gang) -> 0 results
2026-03-11 20:51:24,227 [SIM] search_track(48May|Leather and Tattoos) -> 0 results
2026-03-11 20:51:24,227 [SIM] search_track(7th Floor Freeze|Pray II God) -> 0 results
2026-03-11 20:51:24,227 [SIM] search_track(A Boogie wit da Hoodie|Flood My Wrist) -> 0 results
2026-03-11 20:51:24,227 [SIM] search_track(A Boogie wit da Hoodie|Let's Go Away) -> 0 results
2026-03-11 20:51:24,254 [SIM] search_track(A Touch Of Class|Around the World (La La La La La)) -> 0 results
2026-03-11 20:51:24,254 [SIM] search_track(A$AP Rocky|Fashion Killa) -> 0 results
2026-03-11 20:51:24,254 [SIM] search_track(A$AP Rocky|Palace) -> 0 results
2026-03-11 20:51:24,254 [SIM] search_track(A-Jay|Dead Presidents) -> 0 results
2026-03-11 20:51:24,255 [SIM] search_track(A. R. Rahman|Jai Ho! (You Are My Destiny)) -> 0 results
2026-03-11 20:51:24,255 [SIM] search_track(Abhi The Nomad|Good Luck) -> 0 results
2026-03-11 20:51:24,255 [SIM] search_track(Abhi The Nomad|Rockstar) -> 0 results
2026-03-11 20:51:24,255 [SIM] search_track(AFROJACK|Take Over Control) -> 0 results
2026-03-11 20:51:24,255 [SIM] search_track(Air Supply|Making Love Out of Nothing at All) -> 0 results
2026-03-11 20:51:24,255 [SIM] search_track(Alabama 3|Mansion On The Hill) -> 0 results
2026-03-11 20:51:24,255 [SIM] search_track(Alicia Keys|No One) -> 0 results
2026-03-11 20:51:24,255 [SIM] search_track(Alicia Keys|Underdog) -> 0 results
2026-03-11 20:51:24,255 [SIM] search_track(Alien Ant Farm|Smooth Criminal) -> 0 results
2026-03-11 20:51:24,255 [SIM] search_track(Alison Wonderland|U Don’t Know) -> 0 results
2026-03-11 20:51:24,255 [SIM] search_track(American Hi-Fi|Flavor Of The Week) -> 0 results
2026-03-11 20:51:24,255 [SIM] search_track(Amy Winehouse|Rehab) -> 0 results
2026-03-11 20:51:24,255 [SIM] search_track(Anastacia|Sick and Tired) -> 0 results
2026-03-11 20:51:24,255 [SIM] search_track(Andra|Without You) -> 0 results
2026-03-11 20:51:24,255 [SIM] search_track(Andy Grammer|Keep Your Head Up) -> 0 results
2026-03-11 20:51:24,255 [SIM] search_track(Angus & Julia Stone|Big Jet Plane) -> 0 results
2026-03-11 20:51:24,255 [SIM] search_track(Anne-Marie|2002) -> 0 results
2026-03-11 20:51:24,255 [SIM] search_track(Anne-Marie|Alarm) -> 0 results
2026-03-11 20:51:24,255 [SIM] search_track(Anuel AA|Wakanda) -> 0 results
2026-03-11 20:51:24,255 [SIM] search_track(AQUA STONE THRONE|Excellent Choices) -> 0 results
2026-03-11 20:51:24,255 [SIM] search_track(Armani White|BILLIE EILISH.) -> 0 results
2026-03-11 20:51:24,283 [SIM] search_track(AronChupa|I'm an Albatraoz) -> 0 results
2026-03-11 20:51:24,283 [SIM] search_track(Arrested Development|People Everyday) -> 0 results
2026-03-11 20:51:24,283 [SIM] search_track(Ashanti|Foolish) -> 0 results
2026-03-11 20:51:24,283 [SIM] search_track(Ashanti|Body On Me) -> 0 results
2026-03-11 20:51:24,283 [SIM] search_track(ATEEZ|WORK Pt.4 - ATEEZ X G-Eazy) -> 0 results
2026-03-11 20:51:24,283 [SIM] search_track(Atomic Kitten|The Tide Is High) -> 0 results
2026-03-11 20:51:24,283 [SIM] search_track(Ava MakeBelieve|Pass Out) -> 0 results
2026-03-11 20:51:24,283 [SIM] search_track(AWOLNATION|Sail) -> 0 results
2026-03-11 20:51:24,283 [SIM] search_track(B-Lovee|No Secrets) -> 0 results
2026-03-11 20:51:24,283 [SIM] search_track(Baby Bash|Suga Suga) -> 0 results
2026-03-11 20:51:24,283 [SIM] search_track(BABY GRAVY|Super Smash Bros.) -> 0 results
2026-03-11 20:51:24,283 [SIM] search_track(baby jayy|Good Morning) -> 0 results
2026-03-11 20:51:24,283 [SIM] search_track(Baby Keem|ORANGE SODA) -> 0 results
2026-03-11 20:51:24,283 [SIM] search_track(Baby Rich|No Chances (Remix)) -> 0 results
2026-03-11 20:51:24,283 [SIM] search_track(Babyface Ray|Guardian Angel) -> 0 results
2026-03-11 20:51:24,283 [SIM] search_track(Baccara|Yes Sir, I Can Boogie) -> 0 results
2026-03-11 20:51:24,283 [SIM] search_track(Bankrol Hayden|Come Through) -> 0 results
2026-03-11 20:51:24,284 [SIM] search_track(Bas|The Jackie) -> 0 results
2026-03-11 20:51:24,284 [SIM] search_track(Bazanji|Real Me) -> 0 results
2026-03-11 20:51:24,284 [SIM] search_track(Bazzi|Beautiful) -> 0 results
2026-03-11 20:51:24,284 [SIM] search_track(Bazzi|Mine) -> 0 results
2026-03-11 20:51:24,284 [SIM] search_track(bbno$|lil' freak) -> 0 results
2026-03-11 20:51:24,284 [SIM] search_track(Beanie Sigel|Feel It In The Air) -> 0 results
2026-03-11 20:51:24,284 [SIM] search_track(Belly|Better Believe) -> 0 results
2026-03-11 20:51:24,284 [SIM] search_track(Belly|Dust) -> 0 results
2026-03-11 20:51:24,313 [SIM] search_track(Bemax|Sweet Little Bumble Bee) -> 0 results
2026-03-11 20:51:24,314 [SIM] search_track(Benny Benassi|Cinema) -> 0 results
2026-03-11 20:51:24,314 [SIM] search_track(benny blanco|Eastside) -> 0 results
2026-03-11 20:51:24,314 [SIM] search_track(Benny The Butcher|Johnny P's Caddy) -> 0 results
2026-03-11 20:51:24,314 [SIM] search_track(Better Than Ezra|Good) -> 0 results
2026-03-11 20:51:24,314 [SIM] search_track(Big Havi|9 Times Out Of 10) -> 0 results
2026-03-11 20:51:24,314 [SIM] search_track(Big Joe Louis & Soul Investigators|Go-Go Train) -> 0 results
2026-03-11 20:51:24,314 [SIM] search_track(Big Pun|Still Not a Player) -> 0 results
2026-03-11 20:51:24,314 [SIM] search_track(Big Syke|Enjoy N Life) -> 0 results
2026-03-11 20:51:24,314 [SIM] search_track(Big Syke|Good Timez) -> 0 results
2026-03-11 20:51:24,314 [SIM] search_track(BigWalkDog|Love of the Money) -> 0 results
2026-03-11 20:51:24,314 [SIM] search_track(Bill Blass|Thankyou) -> 0 results
2026-03-11 20:51:24,314 [SIM] search_track(Billie Eilish|BIRDS OF A FEATHER) -> 0 results
2026-03-11 20:51:24,314 [SIM] search_track(Billy Idol|Dancing With Myself) -> 0 results
2026-03-11 20:51:24,314 [SIM] search_track(Binki|Landline) -> 0 results
2026-03-11 20:51:24,314 [SIM] search_track(Bizarre|Rockstar) -> 0 results
2026-03-11 20:51:24,314 [SIM] search_track(Bizarre|Coming Home) -> 0 results
2026-03-11 20:51:24,314 [SIM] search_track(Black Yungin'|YA YA YA) -> 0 results
2026-03-11 20:51:24,314 [SIM] search_track(Blackstreet|No Diggity) -> 0 results
2026-03-11 20:51:24,315 [SIM] search_track(Blaine|Bastard) -> 0 results
2026-03-11 20:51:24,315 [SIM] search_track(Blue Oyster Cult|(Don't Fear) The Reaper) -> 0 results
2026-03-11 20:51:24,315 [SIM] search_track(Bluejuice|Broken Leg) -> 0 results
2026-03-11 20:51:24,315 [SIM] search_track(Blxst|Sometimes) -> 0 results
2026-03-11 20:51:24,315 [SIM] search_track(Blxst|Fck Boys) -> 0 results
2026-03-11 20:51:24,315 [SIM] search_track(Bob Marley & The Wailers|Buffalo Soldier) -> 0 results
2026-03-11 20:51:24,341 [SIM] search_track(Bow Wow|Girlfriend) -> 0 results
2026-03-11 20:51:24,341 [SIM] search_track(Brookfield Duece|Fixture) -> 0 results
2026-03-11 20:51:24,341 [SIM] search_track(Bryce Vine|La La Land) -> 0 results
2026-03-11 20:51:24,342 [SIM] search_track(Bryson Tiller|Whatever She Wants) -> 0 results
2026-03-11 20:51:24,342 [SIM] search_track(Bugus|Soft Life) -> 0 results
2026-03-11 20:51:24,342 [SIM] search_track(Busta Rhymes|I Know What You Want) -> 0 results
2026-03-11 20:51:24,342 [SIM] search_track(Busy Signal|Sweet Love (Night Shift)) -> 0 results
2026-03-11 20:51:24,342 [SIM] search_track(Cage The Elephant|Ain't No Rest for the Wicked) -> 0 results
2026-03-11 20:51:24,342 [SIM] search_track(Caleborate|Contact) -> 0 results
2026-03-11 20:51:24,342 [SIM] search_track(Capital STEEZ Archive|Stars) -> 0 results
2026-03-11 20:51:24,342 [SIM] search_track(Caramella Girls|Caramelldansen (Radio Mix)) -> 0 results
2026-03-11 20:51:24,342 [SIM] search_track(Carl Rutherford|Turn off the Fear) -> 0 results
2026-03-11 20:51:24,342 [SIM] search_track(Carly Rae Jepsen|I Really Like You) -> 0 results
2026-03-11 20:51:24,342 [SIM] search_track(Cascada|Evacuate The Dancefloor) -> 0 results
2026-03-11 20:51:24,342 [SIM] search_track(CASE.|Be Like Me) -> 0 results
2026-03-11 20:51:24,342 [SIM] search_track(Cash Cash|Too Late) -> 0 results
2026-03-11 20:51:24,342 [SIM] search_track(CeeLo Green|FU) -> 0 results
2026-03-11 20:51:24,342 [SIM] search_track(Central Cee|Obsessed With You) -> 0 results
2026-03-11 20:51:24,342 [SIM] search_track(Chamillionaire|Ridin') -> 0 results
2026-03-11 20:51:24,342 [SIM] search_track(Chance the Rapper|The Writer) -> 0 results
2026-03-11 20:51:24,342 [SIM] search_track(Charli XCX|360) -> 0 results
2026-03-11 20:51:24,342 [SIM] search_track(Charli XCX|Boom Clap) -> 0 results
2026-03-11 20:51:24,342 [SIM] search_track(Charlie sloth|Get It) -> 0 results
2026-03-11 20:51:24,343 [SIM] search_track(Cher|If I Could Turn Back Time) -> 0 results
2026-03-11 20:51:24,343 [SIM] search_track(Chiddy Bang|Dream Chasin') -> 0 results
2026-03-11 20:51:24,369 [SIM] search_track(Chiddy Bang|Mind Your Manners) -> 0 results
2026-03-11 20:51:24,369 [SIM] search_track(Childish Gambino|Feels Like Summer) -> 0 results
2026-03-11 20:51:24,369 [SIM] search_track(Chingy|Holidae In) -> 0 results
2026-03-11 20:51:24,369 [SIM] search_track(Chini|Heart Beat Fast) -> 0 results
2026-03-11 20:51:24,369 [SIM] search_track(Chris Webby|Flyin) -> 0 results
2026-03-11 20:51:24,369 [SIM] search_track(Ciara|Can't Leave 'Em Alone) -> 0 results
2026-03-11 20:51:24,369 [SIM] search_track(Ciara|Goodies) -> 0 results
2026-03-11 20:51:24,369 [SIM] search_track(City Girls|Act Up) -> 0 results
2026-03-11 20:51:24,369 [SIM] search_track(City Girls|JT First Day Out) -> 0 results
2026-03-11 20:51:24,369 [SIM] search_track(ClariS|Kimi ga iruto) -> 0 results
2026-03-11 20:51:24,370 [SIM] search_track(Cliff Richard|Summer Holiday) -> 0 results
2026-03-11 20:51:24,370 [SIM] search_track(Cochise|KANEKI) -> 0 results
2026-03-11 20:51:24,370 [SIM] search_track(Coi Leray|At The Top) -> 0 results
2026-03-11 20:51:24,370 [SIM] search_track(Colbie Caillat|Brighter Than The Sun) -> 0 results
2026-03-11 20:51:24,370 [SIM] search_track(Colby O'Donis|What You Got) -> 0 results
2026-03-11 20:51:24,370 [SIM] search_track(Connie Francis|Pretty Little Baby (Stereo Mix)) -> 0 results
2026-03-11 20:51:24,370 [SIM] search_track(Conrad Sewell|Healing Hands) -> 0 results
2026-03-11 20:51:24,370 [SIM] search_track(Consequence|Don't Forget 'Em (Remix)) -> 0 results
2026-03-11 20:51:24,370 [SIM] search_track(Courtney Santana|Campfire Freestyle) -> 0 results
2026-03-11 20:51:24,370 [SIM] search_track(Crape|One More Time) -> 0 results
2026-03-11 20:51:24,370 [SIM] search_track(Creed|One Last Breath) -> 0 results
2026-03-11 20:51:24,370 [SIM] search_track(Croosh|My Way) -> 0 results
2026-03-11 20:51:24,372 [SIM] search_track(Cyndi Lauper|Time After Time) -> 0 results
2026-03-11 20:51:24,372 [SIM] search_track(d4vd|Feel It (From “Invincible”)) -> 0 results
2026-03-11 20:51:24,402 [SIM] search_track(Dabbla|Psychoville) -> 0 results
2026-03-11 20:51:24,402 [SIM] search_track(Dad Bodi|Smell Like $$$) -> 0 results
2026-03-11 20:51:24,402 [SIM] search_track(Dame D.O.L.L.A.|BACK ACTIVATED) -> 0 results
2026-03-11 20:51:24,402 [SIM] search_track(Dan + Shay|10,000 Hours) -> 0 results
2026-03-11 20:51:24,402 [SIM] search_track(Darude|Sandstorm) -> 0 results
2026-03-11 20:51:24,403 [SIM] search_track(Dave|Law Of Attraction) -> 0 results
2026-03-11 20:51:24,403 [SIM] search_track(David Fleming|Last Son) -> 0 results
2026-03-11 20:51:24,403 [SIM] search_track(DDG|Elon Musk) -> 0 results
2026-03-11 20:51:24,403 [SIM] search_track(De La Soul|Shopping Bags (She Got from You)) -> 0 results
2026-03-11 20:51:24,403 [SIM] search_track(Deebaby|Millions for My Pain) -> 0 results
2026-03-11 20:51:24,403 [SIM] search_track(Delta Goodrem|In This Life) -> 0 results
2026-03-11 20:51:24,403 [SIM] search_track(Des'ree|You Gotta Be) -> 0 results
2026-03-11 20:51:24,403 [SIM] search_track(Dido|Sand in My Shoes) -> 0 results
2026-03-11 20:51:24,403 [SIM] search_track(Dido|Thank You) -> 0 results
2026-03-11 20:51:24,403 [SIM] search_track(Die Antwoord|Cookie Thumper!) -> 0 results
2026-03-11 20:51:24,403 [SIM] search_track(Die Antwoord|Enter The Ninja) -> 0 results
2026-03-11 20:51:24,403 [SIM] search_track(Dimitri Vegas & Like Mike|He's a Pirate) -> 0 results
2026-03-11 20:51:24,403 [SIM] search_track(Dixie D'Amelio|One Whole Day) -> 0 results
2026-03-11 20:51:24,403 [SIM] search_track(DizzyEight|Breath) -> 0 results
2026-03-11 20:51:24,403 [SIM] search_track(DJ Antoine|Welcome to St. Tropez) -> 0 results
2026-03-11 20:51:24,403 [SIM] search_track(DJ Chose|Trying (Remix)) -> 0 results
2026-03-11 20:51:24,403 [SIM] search_track(DJ Drama|My Moment) -> 0 results
2026-03-11 20:51:24,403 [SIM] search_track(DJ Laz|Move Shake Drop Remix) -> 0 results
2026-03-11 20:51:24,403 [SIM] search_track(DJ Paul|We Made It) -> 0 results
2026-03-11 20:51:24,403 [SIM] search_track(DJ Sammy|Look for Love) -> 0 results
2026-03-11 20:51:24,430 [SIM] search_track(DJ Wreckless|Aroma) -> 0 results
2026-03-11 20:51:24,430 [SIM] search_track(Dolly Parton|Jolene) -> 0 results
2026-03-11 20:51:24,430 [SIM] search_track(Dom Dolla|Forever (with Kid Cudi)) -> 0 results
2026-03-11 20:51:24,430 [SIM] search_track(Dominic Fike|3 Nights) -> 0 results
2026-03-11 20:51:24,430 [SIM] search_track(Dominic Fike|Mona Lisa) -> 0 results
2026-03-11 20:51:24,430 [SIM] search_track(Don Diablo|Starlight (Could You Be Mine)) -> 0 results
2026-03-11 20:51:24,430 [SIM] search_track(Don McLean|American Pie) -> 0 results
2026-03-11 20:51:24,430 [SIM] search_track(Dorrough Music|Highlights) -> 0 results
2026-03-11 20:51:24,430 [SIM] search_track(Drapht|Rapunzel) -> 0 results
2026-03-11 20:51:24,430 [SIM] search_track(Dreamville|Under The Sun) -> 0 results
2026-03-11 20:51:24,430 [SIM] search_track(Dro Kenji|FINDERS KEEPERS) -> 0 results
2026-03-11 20:51:24,430 [SIM] search_track(Dua Lipa|Levitating) -> 0 results
2026-03-11 20:51:24,431 [SIM] search_track(Eamon|Fuck It (I Don't Want You Back)) -> 0 results
2026-03-11 20:51:24,431 [SIM] search_track(Earl Sweatshirt|Chum) -> 0 results
2026-03-11 20:51:24,431 [SIM] search_track(Earth, Wind & Fire|September) -> 0 results
2026-03-11 20:51:24,431 [SIM] search_track(Echosmith|Cool Kids) -> 0 results
2026-03-11 20:51:24,431 [SIM] search_track(Eiffel 65|Blue (Da Ba Dee)) -> 0 results
2026-03-11 20:51:24,431 [SIM] search_track(Eiffel 65|Move Your Body) -> 0 results
2026-03-11 20:51:24,431 [SIM] search_track(Eliza Rose|B.O.T.A. (Baddest Of Them All)) -> 0 results
2026-03-11 20:51:24,431 [SIM] search_track(Elvis Presley|Burning Love (with The Royal Philharmonic Orchestra)) -> 0 results
2026-03-11 20:51:24,431 [SIM] search_track(Empire Of The Sun|Walking On A Dream) -> 0 results
2026-03-11 20:51:24,431 [SIM] search_track(Enemies Swe|Powertrain) -> 0 results
2026-03-11 20:51:24,431 [SIM] search_track(Enrique Iglesias|Tonight (I'm Lovin' You)) -> 0 results
2026-03-11 20:51:24,431 [SIM] search_track(Eric Burdon|Sixteen Tons) -> 0 results
2026-03-11 20:51:24,431 [SIM] search_track(Eric Carmen|Hungry Eyes) -> 0 results
2026-03-11 20:51:24,457 [SIM] search_track(Eric Carmen|Make Me Lose Control) -> 0 results
2026-03-11 20:51:24,457 [SIM] search_track(Eskimo Joe|From The Sea) -> 0 results
2026-03-11 20:51:24,457 [SIM] search_track(Eurythmics|Sweet Dreams (Are Made of This)) -> 0 results
2026-03-11 20:51:24,457 [SIM] search_track(Eve|Who's That Girl?) -> 0 results
2026-03-11 20:51:24,457 [SIM] search_track(Eve|Let Me Blow Ya Mind) -> 0 results
2026-03-11 20:51:24,457 [SIM] search_track(Faker|This Heart Attack) -> 0 results
2026-03-11 20:51:24,457 [SIM] search_track(Fame or Juliet|Dreams of Reality) -> 0 results
2026-03-11 20:51:24,457 [SIM] search_track(Famous Dex|JAPAN) -> 0 results
2026-03-11 20:51:24,457 [SIM] search_track(Far East Movement|Rocketeer) -> 0 results
2026-03-11 20:51:24,457 [SIM] search_track(Far East Movement|Like A G6) -> 0 results
2026-03-11 20:51:24,458 [SIM] search_track(Fase Yoda|Messed Up) -> 0 results
2026-03-11 20:51:24,458 [SIM] search_track(FBG Goat|Private Phones) -> 0 results
2026-03-11 20:51:24,458 [SIM] search_track(Felly|Everybody Loves You) -> 0 results
2026-03-11 20:51:24,458 [SIM] search_track(Fifth Harmony|Work from Home) -> 0 results
2026-03-11 20:51:24,458 [SIM] search_track(Fireboy DML|Diana) -> 0 results
2026-03-11 20:51:24,458 [SIM] search_track(Fireboy DML|Peru) -> 0 results
2026-03-11 20:51:24,458 [SIM] search_track(Fivio Foreign|Sicc & Tired) -> 0 results
2026-03-11 20:51:24,458 [SIM] search_track(Fivio Foreign|ONBOA47RD) -> 0 results
2026-03-11 20:51:24,458 [SIM] search_track(FL Dusa|Dear God) -> 0 results
2026-03-11 20:51:24,458 [SIM] search_track(FL Dusa|Exhausted) -> 0 results
2026-03-11 20:51:24,458 [SIM] search_track(Fleetwood Mac|Dreams (2004 Remaster)) -> 0 results
2026-03-11 20:51:24,458 [SIM] search_track(Fleetwood Mac|Go Your Own Way (2004 Remaster)) -> 0 results
2026-03-11 20:51:24,458 [SIM] search_track(Flo Milli|Never Lose Me) -> 0 results
2026-03-11 20:51:24,458 [SIM] search_track(Florence + The Machine|You've Got The Love) -> 0 results
2026-03-11 20:51:24,458 [SIM] search_track(Flume|Holdin On) -> 0 results
2026-03-11 20:51:24,488 [SIM] search_track(Flume|The Difference) -> 0 results
2026-03-11 20:51:24,488 [SIM] search_track(Foo Fighters|Wheels) -> 0 results
2026-03-11 20:51:24,488 [SIM] search_track(Foresta|Quiet Thoughts) -> 0 results
2026-03-11 20:51:24,489 [SIM] search_track(Franz Ferdinand|Take Me Out) -> 0 results
2026-03-11 20:51:24,489 [SIM] search_track(Fredo Bang|Come Thru) -> 0 results
2026-03-11 20:51:24,489 [SIM] search_track(Fredo Bang|No Love) -> 0 results
2026-03-11 20:51:24,489 [SIM] search_track(Fredo|Money Talks) -> 0 results
2026-03-11 20:51:24,489 [SIM] search_track(Freeway|Take It To The Top (Album Version Explicit)) -> 0 results
2026-03-11 20:51:24,489 [SIM] search_track(Fulton Lee|Rollin) -> 0 results
2026-03-11 20:51:24,489 [SIM] search_track(fun.|Some Nights) -> 0 results
2026-03-11 20:51:24,489 [SIM] search_track(fun.|We Are Young) -> 0 results
2026-03-11 20:51:24,489 [SIM] search_track(Funkmaster Flex|If I Get Locked Up) -> 0 results
2026-03-11 20:51:24,489 [SIM] search_track(GARYSHAWN|Boo Thang) -> 0 results
2026-03-11 20:51:24,489 [SIM] search_track(GARYSHAWN|Endless Love) -> 0 results
2026-03-11 20:51:24,489 [SIM] search_track(Gavin DeGraw|Not Over You) -> 0 results
2026-03-11 20:51:24,489 [SIM] search_track(George Ezra|Budapest) -> 0 results
2026-03-11 20:51:24,489 [SIM] search_track(Geuice|Warmer) -> 0 results
2026-03-11 20:51:24,489 [SIM] search_track(Ghostnaut|Break Away) -> 0 results
2026-03-11 20:51:24,489 [SIM] search_track(Ginny Owens|Remind Me) -> 0 results
2026-03-11 20:51:24,489 [SIM] search_track(Ginuwine|Differences) -> 0 results
2026-03-11 20:51:24,489 [SIM] search_track(Girl Talk|Put You On) -> 0 results
2026-03-11 20:51:24,489 [SIM] search_track(Glass Animals|Heat Waves) -> 0 results
2026-03-11 20:51:24,489 [SIM] search_track(Gmac Cash|Detroit Sign) -> 0 results
2026-03-11 20:51:24,489 [SIM] search_track(gnash|I Hate U I Love U) -> 0 results
2026-03-11 20:51:24,489 [SIM] search_track(Good Charlotte|Last Night) -> 0 results
2026-03-11 20:51:24,518 [SIM] search_track(Gorillaz|Feel Good Inc.) -> 0 results
2026-03-11 20:51:24,518 [SIM] search_track(Grace Vanderwaal|Moonlight) -> 0 results
2026-03-11 20:51:24,518 [SIM] search_track(Groove Armada|Song 4 Mutya (Out of Control)) -> 0 results
2026-03-11 20:51:24,518 [SIM] search_track(Grouplove|Tongue Tied) -> 0 results
2026-03-11 20:51:24,518 [SIM] search_track(Gryffin|Caught Up) -> 0 results
2026-03-11 20:51:24,518 [SIM] search_track(Guapdad 4000|Pose) -> 0 results
2026-03-11 20:51:24,519 [SIM] search_track(Gunther|Ding Dong Song) -> 0 results
2026-03-11 20:51:24,519 [SIM] search_track(Guy Sebastian|Don't Worry Be Happy) -> 0 results
2026-03-11 20:51:24,519 [SIM] search_track(Gwen Stefani|Now That You Got It) -> 0 results
2026-03-11 20:51:24,519 [SIM] search_track(Hanoi Rocks|11th Street Kidzz) -> 0 results
2026-03-11 20:51:24,519 [SIM] search_track(Hardo|Slangn KK) -> 0 results
2026-03-11 20:51:24,519 [SIM] search_track(Havana Brown|We Run The Night) -> 0 results
2026-03-11 20:51:24,519 [SIM] search_track(Havana Brown|Big Banana) -> 0 results
2026-03-11 20:51:24,519 [SIM] search_track(Hi-Rez|Bye Haters) -> 0 results
2026-03-11 20:51:24,519 [SIM] search_track(Hinder|Lips Of An Angel) -> 0 results
2026-03-11 20:51:24,519 [SIM] search_track(Hoang Thuy Linh|See Tình (Cucak Remix)) -> 0 results
2026-03-11 20:51:24,519 [SIM] search_track(Hoku|Perfect Day) -> 0 results
2026-03-11 20:51:24,519 [SIM] search_track(HoneyWorks|Kawaikutegomen) -> 0 results
2026-03-11 20:51:24,519 [SIM] search_track(Hooters|All You Zombies) -> 0 results
2026-03-11 20:51:24,519 [SIM] search_track(Hunter Hayes|Somebody's Heartbreak) -> 0 results
2026-03-11 20:51:24,519 [SIM] search_track(HVME|Alright) -> 0 results
2026-03-11 20:51:24,519 [SIM] search_track(iakopo|Live (Slow Slow)) -> 0 results
2026-03-11 20:51:24,519 [SIM] search_track(Iamkeynotes|All These People) -> 0 results
2026-03-11 20:51:24,519 [SIM] search_track(Ice Spice|Gangsta Boo) -> 0 results
2026-03-11 20:51:24,519 [SIM] search_track(Ice Spice|Pretty Girl) -> 0 results
2026-03-11 20:51:24,553 [SIM] search_track(ILoveMakonnen|Tuesday) -> 0 results
2026-03-11 20:51:24,553 [SIM] search_track(Imanbek|Ordinary Life) -> 0 results
2026-03-11 20:51:24,553 [SIM] search_track(Intenso Project|Get It On) -> 0 results
2026-03-11 20:51:24,553 [SIM] search_track(Interworld|METAMORPHOSIS) -> 0 results
2026-03-11 20:51:24,553 [SIM] search_track(INXS|Never Tear Us Apart) -> 0 results
2026-03-11 20:51:24,553 [SIM] search_track(Israel Kamakawiwo'ole|Over the Rainbow) -> 0 results
2026-03-11 20:51:24,553 [SIM] search_track(ItaloBrothers|Stamp On The Ground) -> 0 results
2026-03-11 20:51:24,553 [SIM] search_track(Ivory Scott|Real 2) -> 0 results
2026-03-11 20:51:24,553 [SIM] search_track(J Holiday|Bed) -> 0 results
2026-03-11 20:51:24,553 [SIM] search_track(J+1|Give 'Em the Love) -> 0 results
2026-03-11 20:51:24,553 [SIM] search_track(J-Kwon|Tipsy) -> 0 results
2026-03-11 20:51:24,553 [SIM] search_track(J. Valentine|UnLonely) -> 0 results
2026-03-11 20:51:24,553 [SIM] search_track(Jackson 5|ABC) -> 0 results
2026-03-11 20:51:24,553 [SIM] search_track(Jas Von|Gettin' Older) -> 0 results
2026-03-11 20:51:24,553 [SIM] search_track(Jason Mraz|I'm Yours) -> 0 results
2026-03-11 20:51:24,553 [SIM] search_track(Jayco Beatz|Real) -> 0 results
2026-03-11 20:51:24,553 [SIM] search_track(Jennifer Lopez|Papi) -> 0 results
2026-03-11 20:51:24,554 [SIM] search_track(Jennifer Lopez|I'm Gonna Be Alright) -> 0 results
2026-03-11 20:51:24,554 [SIM] search_track(Jessie J|Domino) -> 0 results
2026-03-11 20:51:24,554 [SIM] search_track(Jim Jones|Chicken Fried Rice) -> 0 results
2026-03-11 20:51:24,554 [SIM] search_track(Jim Jones|Godspeed) -> 0 results
2026-03-11 20:51:24,554 [SIM] search_track(Jimin|Angel Pt. 1) -> 0 results
2026-03-11 20:51:24,554 [SIM] search_track(Jimmy Eat World|Hear You Me) -> 0 results
2026-03-11 20:51:24,554 [SIM] search_track(Jimmy Eat World|The Middle) -> 0 results
2026-03-11 20:51:24,554 [SIM] search_track(Jimmy Fallon|EW!) -> 0 results
2026-03-11 20:51:24,581 [SIM] search_track(Joan Baez|Blowin' In The Wind (Live)) -> 0 results
2026-03-11 20:51:24,582 [SIM] search_track(Joe "Bean" Esposito|You're The Best) -> 0 results
2026-03-11 20:51:24,582 [SIM] search_track(Joel Adams|Please Don't Go) -> 0 results
2026-03-11 20:51:24,582 [SIM] search_track(Johan Ahmed|Allah Ke Bande) -> 0 results
2026-03-11 20:51:24,582 [SIM] search_track(John Denver|Take Me Home, Country Roads) -> 0 results
2026-03-11 20:51:24,582 [SIM] search_track(John Leyton|Johnny Remember Me) -> 0 results
2026-03-11 20:51:24,582 [SIM] search_track(John Wicks|Haiti) -> 0 results
2026-03-11 20:51:24,582 [SIM] search_track(Johnny Lugautti|Prada Me) -> 0 results
2026-03-11 20:51:24,582 [SIM] search_track(Juicy J|Flood Watch) -> 0 results
2026-03-11 20:51:24,582 [SIM] search_track(June Haze|Forgive) -> 0 results
2026-03-11 20:51:24,582 [SIM] search_track(June Haze|Prayers) -> 0 results
2026-03-11 20:51:24,582 [SIM] search_track(Junya Boy|No Love) -> 0 results
2026-03-11 20:51:24,582 [SIM] search_track(Just Juice|Sweeter Scars) -> 0 results
2026-03-11 20:51:24,582 [SIM] search_track(Just Juice|World Fall Down) -> 0 results
2026-03-11 20:51:24,582 [SIM] search_track(Juvenile|Rodeo) -> 0 results
2026-03-11 20:51:24,582 [SIM] search_track(Juvenile|Slow Motion) -> 0 results
2026-03-11 20:51:24,583 [SIM] search_track(K CAMP|Even Steven) -> 0 results
2026-03-11 20:51:24,583 [SIM] search_track(K CAMP|Lead From The Heart) -> 0 results
2026-03-11 20:51:24,583 [SIM] search_track(k-os|I Wish I Knew Natalie Portman) -> 0 results
2026-03-11 20:51:24,583 [SIM] search_track(Kale|Get It) -> 0 results
2026-03-11 20:51:24,583 [SIM] search_track(Kali Uchis|After The Storm) -> 0 results
2026-03-11 20:51:24,583 [SIM] search_track(Kamelen|SIDEN DAG 1) -> 0 results
2026-03-11 20:51:24,583 [SIM] search_track(Karmin|Acapella) -> 0 results
2026-03-11 20:51:24,583 [SIM] search_track(KATSEYE|Debut) -> 0 results
2026-03-11 20:51:24,583 [SIM] search_track(KATSEYE|Touch) -> 0 results
2026-03-11 20:51:24,616 [SIM] search_track(KayyKilo|Yeah Bitch) -> 0 results
2026-03-11 20:51:24,616 [SIM] search_track(KB Mike|Blinded By Love) -> 0 results
2026-03-11 20:51:24,616 [SIM] search_track(Ke$ha|Take It Off) -> 0 results
2026-03-11 20:51:24,616 [SIM] search_track(Keith Whitley|Miami, My Amy) -> 0 results
2026-03-11 20:51:24,616 [SIM] search_track(Kelela|Rewind) -> 0 results
2026-03-11 20:51:24,616 [SIM] search_track(Kelis|Milkshake) -> 0 results
2026-03-11 20:51:24,616 [SIM] search_track(Kelly Rowland|Work) -> 0 results
2026-03-11 20:51:24,616 [SIM] search_track(Keri Hilson|Knock You Down) -> 0 results
2026-03-11 20:51:24,616 [SIM] search_track(Kevin Rudolf|I Made It (Cash Money Heroes)) -> 0 results
2026-03-11 20:51:24,616 [SIM] search_track(Kidd G|Teenage Dream 2) -> 0 results
2026-03-11 20:51:24,616 [SIM] search_track(KIDS SEE GHOSTS|Reborn) -> 0 results
2026-03-11 20:51:24,616 [SIM] search_track(KillBunk|Chanel Bag) -> 0 results
2026-03-11 20:51:24,616 [SIM] search_track(King Combs|Can't Stop Won't Stop) -> 0 results
2026-03-11 20:51:24,616 [SIM] search_track(King Harvest|Dancing in the Moonlight) -> 0 results
2026-03-11 20:51:24,617 [SIM] search_track(King Von|Don't Play That) -> 0 results
2026-03-11 20:51:24,617 [SIM] search_track(Kinneret|No Wind Resistance!) -> 0 results
2026-03-11 20:51:24,617 [SIM] search_track(Kinsolo|Diamond) -> 0 results
2026-03-11 20:51:24,617 [SIM] search_track(Klondike Blonde|Drip) -> 0 results
2026-03-11 20:51:24,617 [SIM] search_track(Kylie Minogue|Can't Get You out of My Head) -> 0 results
2026-03-11 20:51:24,617 [SIM] search_track(LAKE$IDE|GRASS AIN'T GREENER) -> 0 results
2026-03-11 20:51:24,617 [SIM] search_track(LAKEY INSPIRED|Island) -> 0 results
2026-03-11 20:51:24,617 [SIM] search_track(Landon Cube|Sweats) -> 0 results
2026-03-11 20:51:24,617 [SIM] search_track(Latto|Big Energy) -> 0 results
2026-03-11 20:51:24,617 [SIM] search_track(Lauren Daigle|You Say) -> 0 results
2026-03-11 20:51:24,617 [SIM] search_track(Lauren Sanderson|In My Head) -> 0 results
2026-03-11 20:51:24,650 [SIM] search_track(Laurent Wery|Hey Hey Hey) -> 0 results
2026-03-11 20:51:24,650 [SIM] search_track(Lauryn Hill|That Thing) -> 0 results
2026-03-11 20:51:24,650 [SIM] search_track(Lauv|I Like Me Better) -> 0 results
2026-03-11 20:51:24,650 [SIM] search_track(Lauv|Love U Like That) -> 0 results
2026-03-11 20:51:24,650 [SIM] search_track(Layton Greene|Leave Em Alone) -> 0 results
2026-03-11 20:51:24,650 [SIM] search_track(Leona Lewis|Better in Time) -> 0 results
2026-03-11 20:51:24,650 [SIM] search_track(Leona Lewis|Bleeding Love) -> 0 results
2026-03-11 20:51:24,650 [SIM] search_track(Lew|The Passion) -> 0 results
2026-03-11 20:51:24,650 [SIM] search_track(Liam Payne|For You) -> 0 results
2026-03-11 20:51:24,651 [SIM] search_track(Lifehouse|Hanging By A Moment) -> 0 results
2026-03-11 20:51:24,651 [SIM] search_track(Lil 50|Keep Going) -> 0 results
2026-03-11 20:51:24,651 [SIM] search_track(Lil Baby|Woah) -> 0 results
2026-03-11 20:51:24,651 [SIM] search_track(Lil Baby|Drip Too Hard) -> 0 results
2026-03-11 20:51:24,651 [SIM] search_track(Lil Debbie|2 Cups) -> 0 results
2026-03-11 20:51:24,651 [SIM] search_track(Lil Durk|Lion Eyes) -> 0 results
2026-03-11 20:51:24,651 [SIM] search_track(Lil Durk|All My Life) -> 0 results
2026-03-11 20:51:24,651 [SIM] search_track(Lil Gnar|My Bruddas) -> 0 results
2026-03-11 20:51:24,651 [SIM] search_track(Lil Skies|Wake Up) -> 0 results
2026-03-11 20:51:24,651 [SIM] search_track(Lil Tjay|Give You What You Want) -> 0 results
2026-03-11 20:51:24,651 [SIM] search_track(LILHUDDY|Don't Freak Out) -> 0 results
2026-03-11 20:51:24,651 [SIM] search_track(Limp Bizkit|Behind Blue Eyes) -> 0 results
2026-03-11 20:51:24,651 [SIM] search_track(Lindsey Buckingham|Holiday Road) -> 0 results
2026-03-11 20:51:24,651 [SIM] search_track(Little Mix|Change Your Life) -> 0 results
2026-03-11 20:51:24,651 [SIM] search_track(Lizzo|Truth Hurts) -> 0 results
2026-03-11 20:51:24,651 [SIM] search_track(Lizzo|Good As Hell (Remix)) -> 0 results
2026-03-11 20:51:24,681 [SIM] search_track(Logic|Nikki) -> 0 results
2026-03-11 20:51:24,681 [SIM] search_track(Logic|Shimmy) -> 0 results
2026-03-11 20:51:24,682 [SIM] search_track(Logie|Give 'Em the Love) -> 0 results
2026-03-11 20:51:24,682 [SIM] search_track(LONGMAN|spiral) -> 0 results
2026-03-11 20:51:24,682 [SIM] search_track(Lonr.|Sick of Me Too) -> 0 results
2026-03-11 20:51:24,682 [SIM] search_track(Lost Frequencies|Where Are You Now) -> 0 results
2026-03-11 20:51:24,682 [SIM] search_track(Louis Armstrong|What A Wonderful World) -> 0 results
2026-03-11 20:51:24,682 [SIM] search_track(lovelytheband|sail away) -> 0 results
2026-03-11 20:51:24,682 [SIM] search_track(Lubalin|internet drama part 5 (15,000 pound horse)) -> 0 results
2026-03-11 20:51:24,682 [SIM] search_track(Lubalin|just love) -> 0 results
2026-03-11 20:51:24,682 [SIM] search_track(Luca Maxim|Do U Bleed At All?) -> 0 results
2026-03-11 20:51:24,682 [SIM] search_track(Luis Fonsi|Despacito (Remix)) -> 0 results
2026-03-11 20:51:24,682 [SIM] search_track(Luke Bryan|I Don't Want This Night To End) -> 0 results
2026-03-11 20:51:24,682 [SIM] search_track(Luke Combs|When It Rains It Pours) -> 0 results
2026-03-11 20:51:24,682 [SIM] search_track(Lul Bob|Brackz Yeah) -> 0 results
2026-03-11 20:51:24,682 [SIM] search_track(M.I.A.|Paper Planes) -> 0 results
2026-03-11 20:51:24,682 [SIM] search_track(Madness|Our House) -> 0 results
2026-03-11 20:51:24,682 [SIM] search_track(Madonna|Back That Up To The Beat (Sped Up)) -> 0 results
2026-03-11 20:51:24,683 [SIM] search_track(Madonna|Like a Prayer) -> 0 results
2026-03-11 20:51:24,683 [SIM] search_track(Maino|All the Above) -> 0 results
2026-03-11 20:51:24,683 [SIM] search_track(Major Lazer|Bubble Butt) -> 0 results
2026-03-11 20:51:24,683 [SIM] search_track(Major Lazer|Lean On) -> 0 results
2026-03-11 20:51:24,683 [SIM] search_track(Mako & Sayuki|Wings of Fire) -> 0 results
2026-03-11 20:51:24,683 [SIM] search_track(Mama Cass|Make Your Own Kind Of Music) -> 0 results
2026-03-11 20:51:24,683 [SIM] search_track(Mario|Let Me Love You) -> 0 results
2026-03-11 20:51:24,714 [SIM] search_track(Mario Winans|I Don't Wanna Know) -> 0 results
2026-03-11 20:51:24,715 [SIM] search_track(Mark Morrison|Return of the Mack) -> 0 results
2026-03-11 20:51:24,715 [SIM] search_track(Mark Ronson|Uptown Funk) -> 0 results
2026-03-11 20:51:24,715 [SIM] search_track(Marshmello|I Work Hard Every Day) -> 0 results
2026-03-11 20:51:24,715 [SIM] search_track(Martin Garrix|In the Name of Love) -> 0 results
2026-03-11 20:51:24,715 [SIM] search_track(Martin Solveig|Hello) -> 0 results
2026-03-11 20:51:24,715 [SIM] search_track(Marvin Priest|Feel The Love) -> 0 results
2026-03-11 20:51:24,715 [SIM] search_track(Mary J. Blige|Family Affair) -> 0 results
2026-03-11 20:51:24,715 [SIM] search_track(Mase|All I Ever Wanted) -> 0 results
2026-03-11 20:51:24,715 [SIM] search_track(Mase|What You Want) -> 0 results
2026-03-11 20:51:24,715 [SIM] search_track(Matisyahu|One Day) -> 0 results
2026-03-11 20:51:24,715 [SIM] search_track(Max Coveri|Running in The 90's) -> 0 results
2026-03-11 20:51:24,715 [SIM] search_track(MBNel|Manifested) -> 0 results
2026-03-11 20:51:24,715 [SIM] search_track(Medhane|lost n' found) -> 0 results
2026-03-11 20:51:24,715 [SIM] search_track(Meek Mill|Hot) -> 0 results
2026-03-11 20:51:24,715 [SIM] search_track(Meghan Trainor|All About That Bass) -> 0 results
2026-03-11 20:51:24,715 [SIM] search_track(Mellow Rackz|FUN) -> 0 results
2026-03-11 20:51:24,716 [SIM] search_track(Men At Work|Down Under) -> 0 results
2026-03-11 20:51:24,716 [SIM] search_track(Men Without Hats|The Safety Dance) -> 0 results
2026-03-11 20:51:24,716 [SIM] search_track(Method Man|Got To Have It) -> 0 results
2026-03-11 20:51:24,716 [SIM] search_track(Method Man|Say) -> 0 results
2026-03-11 20:51:24,716 [SIM] search_track(MGMT|Electric Feel) -> 0 results
2026-03-11 20:51:24,716 [SIM] search_track(MGMT|Kids) -> 0 results
2026-03-11 20:51:24,716 [SIM] search_track(MHC CJ|Magic) -> 0 results
2026-03-11 20:51:24,716 [SIM] search_track(Michael Paynter|Love The Fall) -> 0 results
2026-03-11 20:51:24,744 [SIM] search_track(Michelle Branch|All You Wanted (20th Anniversary Edition)) -> 0 results
2026-03-11 20:51:24,744 [SIM] search_track(Michelle Branch|Everywhere) -> 0 results
2026-03-11 20:51:24,744 [SIM] search_track(Miguel|Sky Walker) -> 0 results
2026-03-11 20:51:24,744 [SIM] search_track(Mike Jones|Next to You) -> 0 results
2026-03-11 20:51:24,744 [SIM] search_track(Mike Jones|Cuddy Buddy) -> 0 results
2026-03-11 20:51:24,744 [SIM] search_track(Mike WiLL Made-It|high3r) -> 0 results
2026-03-11 20:51:24,744 [SIM] search_track(Miles Away VIP|NDL Overture) -> 0 results
2026-03-11 20:51:24,744 [SIM] search_track(Milky Chance|Stolen Dance) -> 0 results
2026-03-11 20:51:24,744 [SIM] search_track(Millie Go Lightly|Problem Child) -> 0 results
2026-03-11 20:51:24,744 [SIM] search_track(Mindless Behavior|My Girl) -> 0 results
2026-03-11 20:51:24,745 [SIM] search_track(Mississippi John Hurt|I Shall Not Be Moved (Live)) -> 0 results
2026-03-11 20:51:24,745 [SIM] search_track(Modestep|Sunlight) -> 0 results
2026-03-11 20:51:24,745 [SIM] search_track(Mofe.|prince of egypt) -> 0 results
2026-03-11 20:51:24,745 [SIM] search_track(Monty Python|Always Look On The Bright Side Of Life) -> 0 results
2026-03-11 20:51:24,745 [SIM] search_track(Monty Python|Lumberjack Song) -> 0 results
2026-03-11 20:51:24,745 [SIM] search_track(Mozzy|Open Arms) -> 0 results
2026-03-11 20:51:24,745 [SIM] search_track(Mozzy|Real Ones) -> 0 results
2026-03-11 20:51:24,745 [SIM] search_track(Mura Masa|bbycakes) -> 0 results
2026-03-11 20:51:24,745 [SIM] search_track(My Chemical Romance|Teenagers) -> 0 results
2026-03-11 20:51:24,745 [SIM] search_track(My Chemical Romance|Welcome to the Black Parade) -> 0 results
2026-03-11 20:51:24,745 [SIM] search_track(N-Trance|Stayin' Alive) -> 0 results
2026-03-11 20:51:24,745 [SIM] search_track(Natalie Imbruglia|Torn) -> 0 results
2026-03-11 20:51:24,745 [SIM] search_track(Nate Dogg|Gangsta Nation) -> 0 results
2026-03-11 20:51:24,745 [SIM] search_track(Nate Dogg|Regulate) -> 0 results
2026-03-11 20:51:24,745 [SIM] search_track(Nate Good|You Problem) -> 0 results
2026-03-11 20:51:24,772 [SIM] search_track(Nathaniel|You) -> 0 results
2026-03-11 20:51:24,772 [SIM] search_track(Nature|Fistfull Of Dollars) -> 0 results
2026-03-11 20:51:24,772 [SIM] search_track(Naughty Boy|La La La) -> 0 results
2026-03-11 20:51:24,772 [SIM] search_track(Nebu Kiniza|Can't Deny) -> 0 results
2026-03-11 20:51:24,772 [SIM] search_track(NEIKED|Better Days) -> 0 results
2026-03-11 20:51:24,772 [SIM] search_track(Nelly Furtado|All Good Things (Come To An End)) -> 0 results
2026-03-11 20:51:24,773 [SIM] search_track(Nelly Furtado|Maneater) -> 0 results
2026-03-11 20:51:24,773 [SIM] search_track(Neon Trees|Animal) -> 0 results
2026-03-11 20:51:24,773 [SIM] search_track(Neural Cloud|Up To The Cloud) -> 0 results
2026-03-11 20:51:24,773 [SIM] search_track(New Baccara|Fantasy Boy (Special Maxi Mix)) -> 0 results
2026-03-11 20:51:24,773 [SIM] search_track(New Radicals|You Get What You Give) -> 0 results
2026-03-11 20:51:24,773 [SIM] search_track(Newton Faulkner|Dream Catch Me) -> 0 results
2026-03-11 20:51:24,773 [SIM] search_track(NF|If You Want Love) -> 0 results
2026-03-11 20:51:24,773 [SIM] search_track(NF|Let You Down) -> 0 results
2026-03-11 20:51:24,773 [SIM] search_track(Nick Ryan|Superstar) -> 0 results
2026-03-11 20:51:24,773 [SIM] search_track(Nicky Youre|Sunroof) -> 0 results
2026-03-11 20:51:24,773 [SIM] search_track(Nightmares On Wax|Back to Nature) -> 0 results
2026-03-11 20:51:24,773 [SIM] search_track(Noah Boat|Feel This Good) -> 0 results
2026-03-11 20:51:24,773 [SIM] search_track(Normani|Motivation) -> 0 results
2026-03-11 20:51:24,773 [SIM] search_track(North Ave Jax|Eastside) -> 0 results
2026-03-11 20:51:24,773 [SIM] search_track(*NSYNC|Bye Bye Bye) -> 0 results
2026-03-11 20:51:24,773 [SIM] search_track(Obie Trice|Shit Hits The Fan) -> 0 results
2026-03-11 20:51:24,773 [SIM] search_track(Odetari|KEEP UP) -> 0 results
2026-03-11 20:51:24,773 [SIM] search_track(Of Monsters and Men|Little Talks) -> 0 results
2026-03-11 20:51:24,773 [SIM] search_track(Offset|Ric Flair Drip) -> 0 results
2026-03-11 20:51:24,802 [SIM] search_track(Old Man River|La) -> 0 results
2026-03-11 20:51:24,802 [SIM] search_track(Oliver Tree|Life Goes On) -> 0 results
2026-03-11 20:51:24,802 [SIM] search_track(Olly Murs|Army of Two) -> 0 results
2026-03-11 20:51:24,802 [SIM] search_track(OneRepublic|Counting Stars) -> 0 results
2026-03-11 20:51:24,802 [SIM] search_track(OneRepublic|I Ain't Worried) -> 0 results
2026-03-11 20:51:24,802 [SIM] search_track(oshua|AND PLEASE) -> 0 results
2026-03-11 20:51:24,802 [SIM] search_track(P!nk|Dear Mr. President) -> 0 results
2026-03-11 20:51:24,802 [SIM] search_track(P!nk|True Love) -> 0 results
2026-03-11 20:51:24,802 [SIM] search_track(P-Holla|Do It for Love) -> 0 results
2026-03-11 20:51:24,802 [SIM] search_track(P-Lo|Again) -> 0 results
2026-03-11 20:51:24,802 [SIM] search_track(P-Money|Keep on Calling) -> 0 results
2026-03-11 20:51:24,802 [SIM] search_track(P-Money|Stop the Music) -> 0 results
2026-03-11 20:51:24,802 [SIM] search_track(Panic! At The Disco|High Hopes) -> 0 results
2026-03-11 20:51:24,802 [SIM] search_track(Parris LaVon|Noah N Nem) -> 0 results
2026-03-11 20:51:24,802 [SIM] search_track(Passenger|Let Her Go) -> 0 results
2026-03-11 20:51:24,803 [SIM] search_track(Pat Benatar|Invincible) -> 0 results
2026-03-11 20:51:24,803 [SIM] search_track(Pat Benatar|We Belong) -> 0 results
2026-03-11 20:51:24,803 [SIM] search_track(Patti Smith|Because the Night) -> 0 results
2026-03-11 20:51:24,803 [SIM] search_track(Paul Engemann|Scarface (Push It To The Limit)) -> 0 results
2026-03-11 20:51:24,803 [SIM] search_track(Paul Russell|Lil Boo Thang) -> 0 results
2026-03-11 20:51:24,803 [SIM] search_track(Paula DeAnda|Walk Away (Remember Me)) -> 0 results
2026-03-11 20:51:24,803 [SIM] search_track(Peewee Longway|Next One) -> 0 results
2026-03-11 20:51:24,803 [SIM] search_track(Peking Duk|Take Me Over) -> 0 results
2026-03-11 20:51:24,803 [SIM] search_track(Pet Shop Boys|Always on My Mind (2003 Remaster)) -> 0 results
2026-03-11 20:51:24,803 [SIM] search_track(Pete Rock & C.L. Smooth|They Reminisce Over You (T.R.O.Y.)) -> 0 results
2026-03-11 20:51:24,830 [SIM] search_track(Pete Seeger|Where Have All the Flowers Gone?) -> 0 results
2026-03-11 20:51:24,830 [SIM] search_track(Pete Townshend|Let My Love Open The Door) -> 0 results
2026-03-11 20:51:24,830 [SIM] search_track(Pharrell Williams|Happy) -> 0 results
2026-03-11 20:51:24,830 [SIM] search_track(Philip George|Wish You Were Mine) -> 0 results
2026-03-11 20:51:24,830 [SIM] search_track(Plain White T's|Hey There Delilah) -> 0 results
2026-03-11 20:51:24,830 [SIM] search_track(Playboi Carti|wokeuplikethis*) -> 0 results
2026-03-11 20:51:24,830 [SIM] search_track(Player|Baby Come Back) -> 0 results
2026-03-11 20:51:24,830 [SIM] search_track(PnB Rock|HIGH) -> 0 results
2026-03-11 20:51:24,830 [SIM] search_track(Portugal. The Man|Feel It Still) -> 0 results
2026-03-11 20:51:24,830 [SIM] search_track(Positive K|I Got A Man) -> 0 results
2026-03-11 20:51:24,830 [SIM] search_track(Pressa|Get Back Up) -> 0 results
2026-03-11 20:51:24,831 [SIM] search_track(Pretty Ricky|Grind With Me) -> 0 results
2026-03-11 20:51:24,831 [SIM] search_track(Quadeca|Eyes) -> 0 results
2026-03-11 20:51:24,831 [SIM] search_track(Quality Control|On Me) -> 0 results
2026-03-11 20:51:24,831 [SIM] search_track(Quando Rondo|Give Me A Sign) -> 0 results
2026-03-11 20:51:24,831 [SIM] search_track(Quando Rondo|I Swear) -> 0 results
2026-03-11 20:51:24,831 [SIM] search_track(Quin NFN|House Call) -> 0 results
2026-03-11 20:51:24,831 [SIM] search_track(Qwote|Throw Your Hands Up) -> 0 results
2026-03-11 20:51:24,831 [SIM] search_track(R. City|Locked Away) -> 0 results
2026-03-11 20:51:24,831 [SIM] search_track(R.E.M.|Shiny Happy People) -> 0 results
2026-03-11 20:51:24,831 [SIM] search_track(Rae Sremmurd|Denial) -> 0 results
2026-03-11 20:51:24,831 [SIM] search_track(Rae Sremmurd|Community D**k) -> 0 results
2026-03-11 20:51:24,831 [SIM] search_track(Rainy Day Women|Aimee) -> 0 results
2026-03-11 20:51:24,831 [SIM] search_track(Rarri|Diamonds) -> 0 results
2026-03-11 20:51:24,831 [SIM] search_track(Ray J|One Wish) -> 0 results
2026-03-11 20:51:24,857 [SIM] search_track(Ray Vaughn|Picking Cherries) -> 0 results
2026-03-11 20:51:24,858 [SIM] search_track(Razihel|Falcon Punch) -> 0 results
2026-03-11 20:51:24,858 [SIM] search_track(Razihel|Skybreaker) -> 0 results
2026-03-11 20:51:24,858 [SIM] search_track(re4se|21 Days) -> 0 results
2026-03-11 20:51:24,858 [SIM] search_track(REASON|IMPALAS & HYDRAULICS) -> 0 results
2026-03-11 20:51:24,858 [SIM] search_track(Redfoo|New Thang) -> 0 results
2026-03-11 20:51:24,858 [SIM] search_track(Reese Youngn|Break Up & Make Up) -> 0 results
2026-03-11 20:51:24,858 [SIM] search_track(Rema|Calm Down) -> 0 results
2026-03-11 20:51:24,858 [SIM] search_track(Rend Collective|Counting Every Blessing) -> 0 results
2026-03-11 20:51:24,858 [SIM] search_track(Renni Rucci|Hands On Ya Knees) -> 0 results
2026-03-11 20:51:24,858 [SIM] search_track(Rich Gang|Lifestyle) -> 0 results
2026-03-11 20:51:24,858 [SIM] search_track(Rich Homie Quan|Risk Takers) -> 0 results
2026-03-11 20:51:24,858 [SIM] search_track(Rick Astley|Never Gonna Give You Up) -> 0 results
2026-03-11 20:51:24,858 [SIM] search_track(Rick Derringer|Rock And Roll, Hoochie Koo) -> 0 results
2026-03-11 20:51:24,858 [SIM] search_track(Rise Against|Savior) -> 0 results
2026-03-11 20:51:24,858 [SIM] search_track(RØB|Overnight) -> 0 results
2026-03-11 20:51:24,858 [SIM] search_track(Robert DeLong|Global Concepts) -> 0 results
2026-03-11 20:51:24,858 [SIM] search_track(Robert Ownby|Crazy Like Alex Jones) -> 0 results
2026-03-11 20:51:24,858 [SIM] search_track(Robin Schulz|Sun Goes Down) -> 0 results
2026-03-11 20:51:24,858 [SIM] search_track(Robin Thicke|Blurred Lines) -> 0 results
2026-03-11 20:51:24,858 [SIM] search_track(Robinson|Ayo Girl) -> 0 results
2026-03-11 20:51:24,859 [SIM] search_track(Roe Indigo|Do What I Want) -> 0 results
2026-03-11 20:51:24,859 [SIM] search_track(Rokudenashi|One Voice) -> 0 results
2026-03-11 20:51:24,859 [SIM] search_track(Roxette|Listen To Your Heart) -> 0 results
2026-03-11 20:51:24,859 [SIM] search_track(Roxy Rosa|What About You) -> 0 results
2026-03-11 20:51:24,885 [SIM] search_track(Rudimental|These Days) -> 0 results
2026-03-11 20:51:24,885 [SIM] search_track(Rufus|Ain't Nobody) -> 0 results
2026-03-11 20:51:24,886 [SIM] search_track(Rupert Holmes|Escape (The Pina Colada Song)) -> 0 results
2026-03-11 20:51:24,886 [SIM] search_track(Sable|Feels So Good) -> 0 results
2026-03-11 20:51:24,886 [SIM] search_track(Sada Baby|2 Freaks) -> 0 results
2026-03-11 20:51:24,886 [SIM] search_track(SAINt JHN|The Best Part of Life) -> 0 results
2026-03-11 20:51:24,886 [SIM] search_track(Sally Sossa|Star Song) -> 0 results
2026-03-11 20:51:24,886 [SIM] search_track(Sam James|Going Through It) -> 0 results
2026-03-11 20:51:24,886 [SIM] search_track(Sammy Adams|Blow Up) -> 0 results
2026-03-11 20:51:24,886 [SIM] search_track(San Cisco|Awkward) -> 0 results
2026-03-11 20:51:24,886 [SIM] search_track(Sanctus Real|Confidence) -> 0 results
2026-03-11 20:51:24,886 [SIM] search_track(Santana|Into the Night) -> 0 results
2026-03-11 20:51:24,886 [SIM] search_track(Sarah McLachlan|Angel) -> 0 results
2026-03-11 20:51:24,886 [SIM] search_track(Savage Garden|Truly Madly Deeply) -> 0 results
2026-03-11 20:51:24,887 [SIM] search_track(Scandal|The Warrior) -> 0 results
2026-03-11 20:51:24,887 [SIM] search_track(Scarface|I Seen A Man Die) -> 0 results
2026-03-11 20:51:24,887 [SIM] search_track(Scarface|Guess Who's Back) -> 0 results
2026-03-11 20:51:24,887 [SIM] search_track(Scorpions|Rock You Like a Hurricane (2015 - Remaster)) -> 0 results
2026-03-11 20:51:24,887 [SIM] search_track(Scribe|My Lady) -> 0 results
2026-03-11 20:51:24,887 [SIM] search_track(Scru Face Jean|Hallelujah) -> 0 results
2026-03-11 20:51:24,887 [SIM] search_track(Sean Kingston|Beautiful Girls) -> 0 results
2026-03-11 20:51:24,887 [SIM] search_track(Sean Kingston|Ocean Drive) -> 0 results
2026-03-11 20:51:24,887 [SIM] search_track(Semisonic|Closing Time) -> 0 results
2026-03-11 20:51:24,887 [SIM] search_track(Shaboozey|GAS!) -> 0 results
2026-03-11 20:51:24,887 [SIM] search_track(Shannon Noll|Loud) -> 0 results
2026-03-11 20:51:24,933 [SIM] search_track(Shaun Milli|Like Dat) -> 0 results
2026-03-11 20:51:24,933 [SIM] search_track(Shaun Milli|Soul Ties) -> 0 results
2026-03-11 20:51:24,933 [SIM] search_track(Shawn Mendes|Señorita) -> 0 results
2026-03-11 20:51:24,933 [SIM] search_track(Shawty Lo|Dey Know) -> 0 results
2026-03-11 20:51:24,933 [SIM] search_track(Shelley FKA DRAM|Broccoli) -> 0 results
2026-03-11 20:51:24,934 [SIM] search_track(Sheppard|Coming Home) -> 0 results
2026-03-11 20:51:24,934 [SIM] search_track(Sheryl Crow|Soak Up The Sun) -> 0 results
2026-03-11 20:51:24,934 [SIM] search_track(Shontelle|T-Shirt) -> 0 results
2026-03-11 20:51:24,934 [SIM] search_track(Shordie Shordie|Body Language) -> 0 results
2026-03-11 20:51:24,934 [SIM] search_track(Sia|Cheap Thrills) -> 0 results
2026-03-11 20:51:24,934 [SIM] search_track(Simply Red|Holding Back the Years (2008 Remaster)) -> 0 results
2026-03-11 20:51:24,934 [SIM] search_track(Sister|Would You Love a Creature) -> 0 results
2026-03-11 20:51:24,934 [SIM] search_track(SK8|Girl Next Door) -> 0 results
2026-03-11 20:51:24,934 [SIM] search_track(SK8|Famous) -> 0 results
2026-03-11 20:51:24,934 [SIM] search_track(Skylar Blatt|Wake Up) -> 0 results
2026-03-11 20:51:24,934 [SIM] search_track(Skylar Grey|Last One Standing) -> 0 results
2026-03-11 20:51:24,935 [SIM] search_track(Soak|Knock Me Off My Feet) -> 0 results
2026-03-11 20:51:24,935 [SIM] search_track(SoFaygo|Ye) -> 0 results
2026-03-11 20:51:24,935 [SIM] search_track(Sophie Ellis-Bextor|Murder On The Dancefloor) -> 0 results
2026-03-11 20:51:24,935 [SIM] search_track(Sopperior|silence !) -> 0 results
2026-03-11 20:51:24,935 [SIM] search_track(Soulja Boy Tell'em|Crank That) -> 0 results
2026-03-11 20:51:24,935 [SIM] search_track(Spandau Ballet|Gold) -> 0 results
2026-03-11 20:51:24,935 [SIM] search_track(Spice 1|Welcome To the Ghetto) -> 0 results
2026-03-11 20:51:24,935 [SIM] search_track(Spice Girls|Wannabe) -> 0 results
2026-03-11 20:51:24,935 [SIM] search_track(Stafford Brothers|Hello) -> 0 results
2026-03-11 20:51:24,981 [SIM] search_track(Starship|We Built This City) -> 0 results
2026-03-11 20:51:24,981 [SIM] search_track(Static & Ben El Tavori|Bella) -> 0 results
2026-03-11 20:51:24,981 [SIM] search_track(Steel Panther|If You Really Really Love Me) -> 0 results
2026-03-11 20:51:24,981 [SIM] search_track(Stephen Marley|Hey Baby) -> 0 results
2026-03-11 20:51:24,981 [SIM] search_track(Steve Lacy|Bad Habit) -> 0 results
2026-03-11 20:51:24,981 [SIM] search_track(Steve Lacy|Static) -> 0 results
2026-03-11 20:51:24,981 [SIM] search_track(Stone Circle|Touch The Other Side) -> 0 results
2026-03-11 20:51:24,981 [SIM] search_track(Sueco|Sober/Hungover) -> 0 results
2026-03-11 20:51:24,981 [SIM] search_track(Sugababes|About You Now) -> 0 results
2026-03-11 20:51:24,981 [SIM] search_track(Summer Walker|To Summer, From Cole (Audio Hug)) -> 0 results
2026-03-11 20:51:24,981 [SIM] search_track(Survivor|Eye of the Tiger) -> 0 results
2026-03-11 20:51:24,982 [SIM] search_track(Susan Justice|Eat Dirt) -> 0 results
2026-03-11 20:51:24,982 [SIM] search_track(Suzanne Vega|Luka) -> 0 results
2026-03-11 20:51:24,982 [SIM] search_track(Swede Mason|Masterchef Synesthesia (Buttery Biscuit Bass)) -> 0 results
2026-03-11 20:51:24,982 [SIM] search_track(Swedish House Mafia|Don't You Worry Child) -> 0 results
2026-03-11 20:51:24,982 [SIM] search_track(Swifty Blue|Swap For A Swap) -> 0 results
2026-03-11 20:51:24,982 [SIM] search_track(Tai Verdes|sheluvme) -> 0 results
2026-03-11 20:51:24,982 [SIM] search_track(Taylor Gang|Heaven Sent) -> 0 results
2026-03-11 20:51:24,982 [SIM] search_track(Taylor Gang|Kiss) -> 0 results
2026-03-11 20:51:24,982 [SIM] search_track(Tech N9ne, Navé Monjo|Levitation) -> 0 results
2026-03-11 20:51:24,982 [SIM] search_track(Tee Grizzley|IDGAF) -> 0 results
2026-03-11 20:51:24,982 [SIM] search_track(Teejay3k|Grind to Shine) -> 0 results
2026-03-11 20:51:24,982 [SIM] search_track(Tenacious D|Tribute) -> 0 results
2026-03-11 20:51:24,982 [SIM] search_track(The All-American Rejects|Gives You Hell) -> 0 results
2026-03-11 20:51:24,982 [SIM] search_track(The Avalanches|Frankie Sinatra) -> 0 results
2026-03-11 20:51:25,029 [SIM] search_track(The Buggles|Video Killed The Radio Star) -> 0 results
2026-03-11 20:51:25,030 [SIM] search_track(The Cars|Drive) -> 0 results
2026-03-11 20:51:25,030 [SIM] search_track(The Chainsmokers|Don't Let Me Down) -> 0 results
2026-03-11 20:51:25,030 [SIM] search_track(The Chainsmokers|Closer) -> 0 results
2026-03-11 20:51:25,030 [SIM] search_track(The Chemical Brothers|The Salmon Dance) -> 0 results
2026-03-11 20:51:25,030 [SIM] search_track(The Cranberries|Zombie) -> 0 results
2026-03-11 20:51:25,030 [SIM] search_track(The Dandy Warhols|We Used To Be Friends) -> 0 results
2026-03-11 20:51:25,030 [SIM] search_track(The Del-Vikings|Come Go with Me) -> 0 results
2026-03-11 20:51:25,030 [SIM] search_track(The Five Stairsteps|O-o-h Child) -> 0 results
2026-03-11 20:51:25,030 [SIM] search_track(The Fray|How To Save A Life) -> 0 results
2026-03-11 20:51:25,030 [SIM] search_track(The Fray|You Found Me) -> 0 results
2026-03-11 20:51:25,030 [SIM] search_track(The Future Kingz|OG KANGSTA) -> 0 results
2026-03-11 20:51:25,030 [SIM] search_track(The Goo Goo Dolls|Feel the Silence) -> 0 results
2026-03-11 20:51:25,030 [SIM] search_track(The Herd|I Was Only 19) -> 0 results
2026-03-11 20:51:25,030 [SIM] search_track(The Hit Crew Kids|Monster Mash) -> 0 results
2026-03-11 20:51:25,031 [SIM] search_track(The Ian Carey Project|Get Shaky) -> 0 results
2026-03-11 20:51:25,031 [SIM] search_track(The Jokerr|Notorious Conor McGregor) -> 0 results
2026-03-11 20:51:25,031 [SIM] search_track(The Killers|Mr. Brightside) -> 0 results
2026-03-11 20:51:25,031 [SIM] search_track(The Killers|Somebody Told Me) -> 0 results
2026-03-11 20:51:25,031 [SIM] search_track(The Main Ingredient|Everybody Plays the Fool) -> 0 results
2026-03-11 20:51:25,031 [SIM] search_track(The Monkees|Daydream Believer) -> 0 results
2026-03-11 20:51:25,031 [SIM] search_track(The Pharcyde|Passin' Me By) -> 0 results
2026-03-11 20:51:25,031 [SIM] search_track(The Potbelleez|Trouble Trouble) -> 0 results
2026-03-11 20:51:25,031 [SIM] search_track(The Romantics|What I Like About You) -> 0 results
2026-03-11 20:51:25,031 [SIM] search_track(The Roots|The Fire) -> 0 results
2026-03-11 20:51:25,062 [SIM] search_track(The Saturdays|All Fired Up) -> 0 results
2026-03-11 20:51:25,063 [SIM] search_track(The Shamen|Re:Evolution) -> 0 results
2026-03-11 20:51:25,063 [SIM] search_track(The Sundance Kids|Drive Away) -> 0 results
2026-03-11 20:51:25,063 [SIM] search_track(The Wanted|Glad You Came) -> 0 results
2026-03-11 20:51:25,063 [SIM] search_track(They Might Be Giants|Istanbul (Not Constantinople)) -> 0 results
2026-03-11 20:51:25,063 [SIM] search_track(THIERRY VON DER WARTH|Sunset Lovers) -> 0 results
2026-03-11 20:51:25,063 [SIM] search_track(Thomas Rhett|Mamaw's House) -> 0 results
2026-03-11 20:51:25,063 [SIM] search_track(Three Days Grace|Chalk Outline) -> 0 results
2026-03-11 20:51:25,063 [SIM] search_track(Timbaland|If We Ever Meet Again) -> 0 results
2026-03-11 20:51:25,063 [SIM] search_track(Timbaland|The Way I Are) -> 0 results
2026-03-11 20:51:25,063 [SIM] search_track(Timeflies|Once In a While) -> 0 results
2026-03-11 20:51:25,063 [SIM] search_track(Timomatic|Set It Off) -> 0 results
2026-03-11 20:51:25,063 [SIM] search_track(Tinie Tempah|Girls Like) -> 0 results
2026-03-11 20:51:25,063 [SIM] search_track(Tino Szn|4eva) -> 0 results
2026-03-11 20:51:25,063 [SIM] search_track(Tmac5200|Rainy Nights) -> 0 results
2026-03-11 20:51:25,063 [SIM] search_track(Tobe Nwigwe|BEEN BROKE) -> 0 results
2026-03-11 20:51:25,063 [SIM] search_track(Toby Keith|Red Solo Cup) -> 0 results
2026-03-11 20:51:25,063 [SIM] search_track(Tom Boxer|Deep in Love) -> 0 results
2026-03-11 20:51:25,063 [SIM] search_track(Toni Basil|Mickey) -> 0 results
2026-03-11 20:51:25,063 [SIM] search_track(Toploader|Dancing in the Moonlight) -> 0 results
2026-03-11 20:51:25,064 [SIM] search_track(Tory Lanez|Someone Else) -> 0 results
2026-03-11 20:51:25,064 [SIM] search_track(Train|Calling All Angels) -> 0 results
2026-03-11 20:51:25,064 [SIM] search_track(Train|Hey, Soul Sister) -> 0 results
2026-03-11 20:51:25,064 [SIM] search_track(Trapland Pat|Emergency) -> 0 results
2026-03-11 20:51:25,064 [SIM] search_track(Trapland Pat|Astronaut Status) -> 0 results
2026-03-11 20:51:25,094 [SIM] search_track(Travis Porter|Aww Yea) -> 0 results
2026-03-11 20:51:25,094 [SIM] search_track(Travis Scott|HIGHEST IN THE ROOM) -> 0 results
2026-03-11 20:51:25,094 [SIM] search_track(Travis Scott|YOSEMITE) -> 0 results
2026-03-11 20:51:25,094 [SIM] search_track(Troy Ave|She Belongs to the Game) -> 0 results
2026-03-11 20:51:25,095 [SIM] search_track(Tune Up!|Ravers Fantasy) -> 0 results
2026-03-11 20:51:25,095 [SIM] search_track(TV Rock|In The Air) -> 0 results
2026-03-11 20:51:25,095 [SIM] search_track(Ty Dolla $ign|Saved) -> 0 results
2026-03-11 20:51:25,095 [SIM] search_track(Ty Dolla $ign|SMILE BODY PRETTY FACE) -> 0 results
2026-03-11 20:51:25,095 [SIM] search_track(Tyler, The Creator|EARFQUAKE) -> 0 results
2026-03-11 20:51:25,095 [SIM] search_track(UnoTheActivist|Das Him) -> 0 results
2026-03-11 20:51:25,095 [SIM] search_track(UnoTheActivist|Pure) -> 0 results
2026-03-11 20:51:25,095 [SIM] search_track(UVERworld|Colors of the Heart) -> 0 results
2026-03-11 20:51:25,095 [SIM] search_track(Van Halen|Why Can't This Be Love) -> 0 results
2026-03-11 20:51:25,095 [SIM] search_track(Vance Joy|Divine Feelings) -> 0 results
2026-03-11 20:51:25,095 [SIM] search_track(Vance Joy|Riptide) -> 0 results
2026-03-11 20:51:25,095 [SIM] search_track(Vanessa Carlton|A Thousand Miles) -> 0 results
2026-03-11 20:51:25,095 [SIM] search_track(VEDO|Before I Let You Go) -> 0 results
2026-03-11 20:51:25,095 [SIM] search_track(Vory|Do Not Disturb) -> 0 results
2026-03-11 20:51:25,095 [SIM] search_track(Warren G|Party We Will Throw Now!) -> 0 results
2026-03-11 20:51:25,095 [SIM] search_track(We The Kings|Check Yes Juliet (Run Baby Run)) -> 0 results
2026-03-11 20:51:25,095 [SIM] search_track(West Coast Rap Stars|We're All in the Same Gang) -> 0 results
2026-03-11 20:51:25,095 [SIM] search_track(Wham!|Wake Me Up Before You Go-Go) -> 0 results
2026-03-11 20:51:25,095 [SIM] search_track(Wheatus|Teenage Dirtbag) -> 0 results
2026-03-11 20:51:25,095 [SIM] search_track(Whitney Houston|I Wanna Dance with Somebody (Who Loves Me)) -> 0 results
2026-03-11 20:51:25,095 [SIM] search_track(Why Don't We|These Girls) -> 0 results
2026-03-11 20:51:25,122 [SIM] search_track(will.i.am|I Got It From My Mama) -> 0 results
2026-03-11 20:51:25,122 [SIM] search_track(will.i.am|Scream & Shout) -> 0 results
2026-03-11 20:51:25,123 [SIM] search_track(WILLOW|Wait a Minute!) -> 0 results
2026-03-11 20:51:25,123 [SIM] search_track(Wretch 32|Antwi) -> 0 results
2026-03-11 20:51:25,123 [SIM] search_track(Wu-Tang Clan|C.R.E.A.M. (Cash Rules Everything Around Me)) -> 0 results
2026-03-11 20:51:25,123 [SIM] search_track(Wyclef Jean|Sweetest Girl (Dollar Bill)) -> 0 results
2026-03-11 20:51:25,123 [SIM] search_track(XXXTENTACION|Love) -> 0 results
2026-03-11 20:51:25,123 [SIM] search_track(Yatta Bandz|4Lifers) -> 0 results
2026-03-11 20:51:25,123 [SIM] search_track(Ying Yang Twins|Dangerous) -> 0 results
2026-03-11 20:51:25,123 [SIM] search_track(YLA Howe|COUNTIN' ON IT) -> 0 results
2026-03-11 20:51:25,123 [SIM] search_track(YNW BSlime|Citi Trends) -> 0 results
2026-03-11 20:51:25,123 [SIM] search_track(Yolanda Be Cool|Sugar Man) -> 0 results
2026-03-11 20:51:25,123 [SIM] search_track(Young Divas|Turn Me Loose) -> 0 results
2026-03-11 20:51:25,123 [SIM] search_track(Young M.A|Successful) -> 0 results
2026-03-11 20:51:25,123 [SIM] search_track(Youth Group|Forever Young) -> 0 results
2026-03-11 20:51:25,123 [SIM] search_track(ytcracker|Feel Like Leisure Suit Larry) -> 0 results
2026-03-11 20:51:25,123 [SIM] search_track(Yung Lean|Ginseng Strip 2002) -> 0 results
2026-03-11 20:51:25,123 [SIM] search_track(yunmir|Dig a Tunnel) -> 0 results
2026-03-11 20:51:25,123 [SIM] search_track(Z-Pain|Get Low) -> 0 results
2026-03-11 20:51:25,123 [SIM] search_track(Zedd|I Want You To Know) -> 0 results
2026-03-11 20:51:25,123 [SIM] search_track(Zoë Badwi|Accidents Happen) -> 0 results
2026-03-11 20:51:25,123 [SIM] search_track(Eric Thomas|Average Skill Phenomenal Will) -> 0 results
2026-03-11 20:51:25,123 [SIM] search_track(Eric Thomas|Be Coachable) -> 0 results
2026-03-11 20:51:25,124 [SIM] search_track(Eric Thomas|Consistency) -> 0 results
2026-03-11 20:51:25,124 [SIM] search_track(Eric Thomas|Do The Extra) -> 0 results
2026-03-11 20:51:25,150 [SIM] search_track(Eric Thomas|I Made My Mark) -> 0 results
2026-03-11 20:51:25,150 [SIM] search_track(Eric Thomas|I Was Here) -> 0 results
2026-03-11 20:51:25,150 [SIM] search_track(Eric Thomas|The Net) -> 0 results
2026-03-11 20:51:25,151 [SIM] search_track(Eric Thomas|The Power Of Your Why) -> 0 results
2026-03-11 20:51:25,151 [SIM] search_track(Eric Thomas|Work Ethic & Effort) -> 0 results
2026-03-11 20:51:25,151 [SIM] search_track(Eric Thomas|Your Core Values) -> 0 results
2026-03-11 20:51:25,151 [SIM] search_track(Eric Thomas|Best Motivational Speech) -> 0 results
2026-03-11 20:51:25,151 [SIM] search_track(Eric Thomas|Best of ET 1) -> 0 results
2026-03-11 20:51:25,151 [SIM] search_track(Eric Thomas|Best of ET 2) -> 0 results
2026-03-11 20:51:25,151 [SIM] search_track(Eric Thomas|Best of ET 3) -> 0 results
2026-03-11 20:51:25,151 [SIM] search_track(Eric Thomas|Best of ET 4) -> 0 results
2026-03-11 20:51:25,151 [SIM] search_track(Eric Thomas|PRESSURE (TOM BRADY)) -> 0 results
2026-03-11 20:51:25,151 [SIM] search_track(Eric Thomas|See Yourself Greater) -> 0 results
2026-03-11 20:51:25,151 [SIM] search_track(Eric Thomas|When You Want to Quit, Have Faith) -> 0 results
2026-03-11 20:51:25,151 [SIM] search_track(Eric Thomas|You Owe You) -> 0 results
2026-03-11 20:51:25,151 [SIM] search_track(Jim Rohn|Attitude is Everything) -> 0 results
2026-03-11 20:51:25,151 [SIM] search_track(Jim Rohn|Attract Success) -> 0 results
2026-03-11 20:51:25,151 [SIM] search_track(Jim Rohn|Changing Yourself) -> 0 results
2026-03-11 20:51:25,151 [SIM] search_track(Jim Rohn|Get Serious) -> 0 results
2026-03-11 20:51:25,151 [SIM] search_track(Jim Rohn|Life and Learning) -> 0 results
2026-03-11 20:51:25,151 [SIM] search_track(Jim Rohn|Manifest Your Goals) -> 0 results
2026-03-11 20:51:25,151 [SIM] search_track(Jim Rohn|My Greatest Wisdoms) -> 0 results
2026-03-11 20:51:25,151 [SIM] search_track(Jim Rohn|See Your Best Future) -> 0 results
2026-03-11 20:51:25,152 [SIM] search_track(Les Brown|Choosing Your Future Part 2) -> 0 results
2026-03-11 20:51:25,152 [SIM] search_track(Les Brown|Choosing Your Future Part 3) -> 0 results
2026-03-11 20:51:25,182 [SIM] search_track(Les Brown|Choosing Your Future Part 4) -> 0 results
2026-03-11 20:51:25,182 [SIM] search_track(Les Brown|Choosing Your Future Part 5) -> 0 results
2026-03-11 20:51:25,183 [SIM] search_track(Les Brown|Choosing Your Future Part 6) -> 0 results
2026-03-11 20:51:25,183 [SIM] search_track(Les Brown|Improving Your Mindset) -> 0 results
2026-03-11 20:51:25,183 [SIM] search_track(Les Brown|Take Charge of Your Life) -> 0 results
2026-03-11 20:51:25,183 [SIM] search_track(Les Brown|Take Control Of Your Life) -> 0 results
2026-03-11 20:51:25,183 [SIM] search_track(Tony Robbins|An Extraordinary Psychology Gives You the Edge) -> 0 results
2026-03-11 20:51:25,183 [SIM] search_track(Tony Robbins|Emotion Is Created By Motion) -> 0 results
2026-03-11 20:51:25,183 [SIM] search_track(Tony Robbins|Focus, Beliefs and Language) -> 0 results
2026-03-11 20:51:25,183 [SIM] search_track(Tony Robbins|Give Yourself the Gift of Time) -> 0 results
2026-03-11 20:51:25,183 [SIM] search_track(Tony Robbins|Interview with Frank Kern and John Reese) -> 0 results
2026-03-11 20:51:25,183 [SIM] search_track(Tony Robbins|Introduction: the Road to Financial Freedom) -> 0 results
2026-03-11 20:51:25,183 [SIM] search_track(Tony Robbins|Reasons We Don't Change) -> 0 results
2026-03-11 20:51:25,183 [SIM] search_track(Tony Robbins|Step 3: Create an Action Plan) -> 0 results
2026-03-11 20:51:25,183 [SIM] search_track(Tony Robbins|Step 4: Uncover Limiting Beliefs) -> 0 results
2026-03-11 20:51:25,183 [SIM] search_track(Tony Robbins|Step 5: Set Yourself Up to Win) -> 0 results
2026-03-11 20:51:25,183 [SIM] search_track(Tony Robbins|Steps 1 & 2: Conscious Change) -> 0 results
2026-03-11 20:51:25,183 [SIM] search_track(Tony Robbins|Steps 6 & 7: Massive Action and the Seventh Power) -> 0 results
2026-03-11 20:51:25,183 [SIM] search_track(Tony Robbins|The Millionaire Mindset) -> 0 results
2026-03-11 20:51:25,183 [SIM] search_track(Tony Robbins|The Pressure Cooker) -> 0 results
2026-03-11 20:51:25,183 [SIM] search_track(Tony Robbins|The Psychology and Mechanics of Lasting Wealth) -> 0 results
2026-03-11 20:51:25,183 [SIM] search_track(Tony Robbins|The Science of Achievement) -> 0 results
2026-03-11 20:51:25,183 [SIM] search_track(Tony Robbins|The Seven Areas for Extraordinary Wealth) -> 0 results
2026-03-11 20:51:25,184 [SIM] search_track(Tony Robbins|Welcome to the Edge) -> 0 results
2026-03-11 20:51:25,184 [SIM] search_track(Tony Robbins|Your Assignment: What Makes You Wealthy) -> 0 results
2026-03-11 20:51:25,211 [SIM] search_track(Billy Alsbrooks|Fight for your Dream) -> 0 results
2026-03-11 20:51:25,211 [SIM] search_track(Billy Alsbrooks|No Excuses) -> 0 results
2026-03-11 20:51:25,211 [SIM] search_track(Eric Thomas|Feel the Pain) -> 0 results
2026-03-11 20:51:25,211 [SIM] search_track(Les Brown|Never Give Up) -> 0 results
2026-03-11 20:51:25,211 [SIM] search_track(Ray Lewis|YOUR EFFORT!) -> 0 results
2026-03-11 20:51:25,211 [SIM] search_track(Aaron Greenz|Better Than the Last One) -> 0 results
2026-03-11 20:51:25,211 [SIM] search_track(Aaron Greenz|Future Expectations Altering Reality) -> 0 results
2026-03-11 20:51:25,211 [SIM] search_track(Aaron Greenz|Live Life) -> 0 results
2026-03-11 20:51:25,211 [SIM] search_track(Aaron Greenz|Mission of Love) -> 0 results
2026-03-11 20:51:25,211 [SIM] search_track(Aaron Greenz|Santisi Greenz Beamz) -> 0 results
2026-03-11 20:51:25,211 [SIM] search_track(Akira The Don|LIFE IS NOT A JOURNEY) -> 0 results
2026-03-11 20:51:25,211 [SIM] search_track(Akira The Don|Be Humble) -> 0 results
2026-03-11 20:51:25,211 [SIM] search_track(Akira The Don|I Vow to Love Myself) -> 0 results
2026-03-11 20:51:25,211 [SIM] search_track(Akira The Don|Loving Indifference) -> 0 results
2026-03-11 20:51:25,211 [SIM] search_track(Akira The Don|Beware of Virtue) -> 0 results
2026-03-11 20:51:25,211 [SIM] search_track(Akira The Don|Time) -> 0 results
2026-03-11 20:51:25,212 [SIM] search_track(Akira The Don|Born For This) -> 0 results
2026-03-11 20:51:25,212 [SIM] search_track(Akira The Don|Born Like This) -> 0 results
2026-03-11 20:51:25,212 [SIM] search_track(Akira The Don|How I Made Meaningwave) -> 0 results
2026-03-11 20:51:25,212 [SIM] search_track(Akira The Don|Everything's a Scam) -> 0 results
2026-03-11 20:51:25,212 [SIM] search_track(Akira The Don|I Had to Become Like You) -> 0 results
2026-03-11 20:51:25,212 [SIM] search_track(Akira The Don|Habits) -> 0 results
2026-03-11 20:51:25,212 [SIM] search_track(Akira The Don|The Great Dictator) -> 0 results
2026-03-11 20:51:25,212 [SIM] search_track(Akira The Don|I Saw My Dad in a Dream) -> 0 results
2026-03-11 20:51:25,212 [SIM] search_track(Akira The Don|ESCAPE) -> 0 results
2026-03-11 20:51:25,240 [SIM] search_track(Akira The Don|I'M AS MAD AS HELL AND I'M NOT GOING TO TAKE THIS ANYMORE) -> 0 results
2026-03-11 20:51:25,240 [SIM] search_track(Akira The Don|KALI YUGA) -> 0 results
2026-03-11 20:51:25,240 [SIM] search_track(Akira The Don|THE HIGH WATERMARK) -> 0 results
2026-03-11 20:51:25,240 [SIM] search_track(Akira The Don|THERE IS NO OPPONENT) -> 0 results
2026-03-11 20:51:25,240 [SIM] search_track(Akira The Don|TRUTH) -> 0 results
2026-03-11 20:51:25,240 [SIM] search_track(Akira The Don|A CLEAR HORIZON) -> 0 results
2026-03-11 20:51:25,240 [SIM] search_track(Akira The Don|WHY NOT) -> 0 results
2026-03-11 20:51:25,240 [SIM] search_track(Akira The Don|STUPID MEMORIES) -> 0 results
2026-03-11 20:51:25,240 [SIM] search_track(Akira The Don|UNKNOWABLE) -> 0 results
2026-03-11 20:51:25,241 [SIM] search_track(Akira The Don|INTO THE INFINITE) -> 0 results
2026-03-11 20:51:25,241 [SIM] search_track(Akira The Don|WEIRDER AND WEIRDER) -> 0 results
2026-03-11 20:51:25,241 [SIM] search_track(Akira The Don|MAYBE (THE CHINESE FARMER)) -> 0 results
2026-03-11 20:51:25,241 [SIM] search_track(Akira The Don|ACCEPTED TOO) -> 0 results
2026-03-11 20:51:25,241 [SIM] search_track(Akira The Don|ANYTHING) -> 0 results
2026-03-11 20:51:25,241 [SIM] search_track(Akira The Don|THE WOLF) -> 0 results
2026-03-11 20:51:25,241 [SIM] search_track(Akira The Don|ESSENTIAL SELF) -> 0 results
2026-03-11 20:51:25,241 [SIM] search_track(Akira The Don|LET ME IN) -> 0 results
2026-03-11 20:51:25,241 [SIM] search_track(Akira The Don|LITERATURE) -> 0 results
2026-03-11 20:51:25,241 [SIM] search_track(Akira The Don|OUR PROBLEM) -> 0 results
2026-03-11 20:51:25,241 [SIM] search_track(Akira The Don|PURE MAGIC) -> 0 results
2026-03-11 20:51:25,241 [SIM] search_track(Akira The Don|THIS IS WHY I LOVE THE OCEAN) -> 0 results
2026-03-11 20:51:25,241 [SIM] search_track(Akira The Don|TO OBJECT TO THIS) -> 0 results
2026-03-11 20:51:25,241 [SIM] search_track(Akira The Don|Beware of Virtue (20K Version)) -> 0 results
2026-03-11 20:51:25,241 [SIM] search_track(Akira The Don|Either You Love Someone or You Don’t) -> 0 results
2026-03-11 20:51:25,241 [SIM] search_track(Akira The Don|Food Sex Power) -> 0 results
2026-03-11 20:51:25,273 [SIM] search_track(Akira The Don|Grace) -> 0 results
2026-03-11 20:51:25,274 [SIM] search_track(Akira The Don|How Do You Know) -> 0 results
2026-03-11 20:51:25,274 [SIM] search_track(Akira The Don|It’s Me That’s Wrong) -> 0 results
2026-03-11 20:51:25,274 [SIM] search_track(Akira The Don|Kindly) -> 0 results
2026-03-11 20:51:25,274 [SIM] search_track(Akira The Don|Mind over Mind) -> 0 results
2026-03-11 20:51:25,274 [SIM] search_track(Akira The Don|Studied Mediocrity) -> 0 results
2026-03-11 20:51:25,274 [SIM] search_track(Akira The Don|The Buddha Said) -> 0 results
2026-03-11 20:51:25,274 [SIM] search_track(Akira The Don|The Good Professor) -> 0 results
2026-03-11 20:51:25,274 [SIM] search_track(Akira The Don|The Good That I Would) -> 0 results
2026-03-11 20:51:25,274 [SIM] search_track(Akira The Don|The Great Things That You Do) -> 0 results
2026-03-11 20:51:25,274 [SIM] search_track(Akira The Don|The Highest Virtue (20K Version)) -> 0 results
2026-03-11 20:51:25,274 [SIM] search_track(Akira The Don|The Sad Clown) -> 0 results
2026-03-11 20:51:25,274 [SIM] search_track(Akira The Don|The Way the World Actually Is) -> 0 results
2026-03-11 20:51:25,274 [SIM] search_track(Akira The Don|Watch What Is Really Going on) -> 0 results
2026-03-11 20:51:25,274 [SIM] search_track(Akira The Don|Why Have You Come Here) -> 0 results
2026-03-11 20:51:25,274 [SIM] search_track(Akira The Don|You Chose It) -> 0 results
2026-03-11 20:51:25,274 [SIM] search_track(Akira The Don|You Who Will Do the Improving) -> 0 results
2026-03-11 20:51:25,274 [SIM] search_track(Akira The Don|Agrarian Society) -> 0 results
2026-03-11 20:51:25,274 [SIM] search_track(Akira The Don|Always Hoping) -> 0 results
2026-03-11 20:51:25,275 [SIM] search_track(Akira The Don|Any Dream You Wanted 2) -> 0 results
2026-03-11 20:51:25,275 [SIM] search_track(Akira The Don|Any Dream You Wanted) -> 0 results
2026-03-11 20:51:25,275 [SIM] search_track(Akira The Don|Atman is Brahman) -> 0 results
2026-03-11 20:51:25,275 [SIM] search_track(Akira The Don|Cosmic Mail Parent) -> 0 results
2026-03-11 20:51:25,275 [SIM] search_track(Akira The Don|Don't Do It) -> 0 results
2026-03-11 20:51:25,275 [SIM] search_track(Akira The Don|Everybody Is God) -> 0 results
2026-03-11 20:51:25,304 [SIM] search_track(Akira The Don|God in Disguise) -> 0 results
2026-03-11 20:51:25,305 [SIM] search_track(Akira The Don|Godhead) -> 0 results
2026-03-11 20:51:25,305 [SIM] search_track(Akira The Don|If You Were God) -> 0 results
2026-03-11 20:51:25,305 [SIM] search_track(Akira The Don|Kalpa) -> 0 results
2026-03-11 20:51:25,305 [SIM] search_track(Akira The Don|Music (The Angels Fly Because They Take Themselves Lightly)) -> 0 results
2026-03-11 20:51:25,305 [SIM] search_track(Akira The Don|Our Revels Now Are Ended) -> 0 results
2026-03-11 20:51:25,305 [SIM] search_track(Akira The Don|Play!) -> 0 results
2026-03-11 20:51:25,305 [SIM] search_track(Akira The Don|Playing at Being You) -> 0 results
2026-03-11 20:51:25,305 [SIM] search_track(Akira The Don|Sound of the Waves) -> 0 results
2026-03-11 20:51:25,305 [SIM] search_track(Akira The Don|That!) -> 0 results
2026-03-11 20:51:25,305 [SIM] search_track(Akira The Don|The Power of Omnipotence) -> 0 results
2026-03-11 20:51:25,305 [SIM] search_track(Akira The Don|You Have to Come Down) -> 0 results
2026-03-11 20:51:25,305 [SIM] search_track(Akira The Don|A Really Swinging Human) -> 0 results
2026-03-11 20:51:25,305 [SIM] search_track(Akira The Don|An Aperture) -> 0 results
2026-03-11 20:51:25,305 [SIM] search_track(Akira The Don|Different Contexts) -> 0 results
2026-03-11 20:51:25,305 [SIM] search_track(Akira The Don|It Takes Two) -> 0 results
2026-03-11 20:51:25,305 [SIM] search_track(Akira The Don|Oh My God Isn't That Gorgeous) -> 0 results
2026-03-11 20:51:25,305 [SIM] search_track(Akira The Don|Ordinary Everyday Consciousness) -> 0 results
2026-03-11 20:51:25,306 [SIM] search_track(Akira The Don|Organized Mess) -> 0 results
2026-03-11 20:51:25,306 [SIM] search_track(Akira The Don|Patterns On The Waves) -> 0 results
2026-03-11 20:51:25,306 [SIM] search_track(Akira The Don|Play On Demand) -> 0 results
2026-03-11 20:51:25,306 [SIM] search_track(Akira The Don|Please Come In) -> 0 results
2026-03-11 20:51:25,306 [SIM] search_track(Akira The Don|Same Magnet) -> 0 results
2026-03-11 20:51:25,306 [SIM] search_track(Akira The Don|So It Goes) -> 0 results
2026-03-11 20:51:25,306 [SIM] search_track(Akira The Don|Spheres of Crystal) -> 0 results
2026-03-11 20:51:25,333 [SIM] search_track(Akira The Don|That's the Way It Goes) -> 0 results
2026-03-11 20:51:25,334 [SIM] search_track(Akira The Don|There Will Be Noise) -> 0 results
2026-03-11 20:51:25,334 [SIM] search_track(Akira The Don|This Way That Way) -> 0 results
2026-03-11 20:51:25,334 [SIM] search_track(Akira The Don|Warp and Woof) -> 0 results
2026-03-11 20:51:25,334 [SIM] search_track(Akira The Don|Who Are You?) -> 0 results
2026-03-11 20:51:25,334 [SIM] search_track(Akira The Don|A Rhythm Doing a Rhythm) -> 0 results
2026-03-11 20:51:25,334 [SIM] search_track(Akira The Don|Completely Honest) -> 0 results
2026-03-11 20:51:25,334 [SIM] search_track(Akira The Don|Consider Death) -> 0 results
2026-03-11 20:51:25,334 [SIM] search_track(Akira The Don|Do Things That Are Delightful to You) -> 0 results
2026-03-11 20:51:25,334 [SIM] search_track(Akira The Don|From a Certain Point of View) -> 0 results
2026-03-11 20:51:25,334 [SIM] search_track(Akira The Don|Gangster Arrangement) -> 0 results
2026-03-11 20:51:25,334 [SIM] search_track(Akira The Don|I Don’t Know What It’s About) -> 0 results
2026-03-11 20:51:25,334 [SIM] search_track(Akira The Don|It’s a Trap) -> 0 results
2026-03-11 20:51:25,334 [SIM] search_track(Akira The Don|Listen Kids) -> 0 results
2026-03-11 20:51:25,334 [SIM] search_track(Akira The Don|Patterns) -> 0 results
2026-03-11 20:51:25,334 [SIM] search_track(Akira The Don|Playful) -> 0 results
2026-03-11 20:51:25,334 [SIM] search_track(Akira The Don|She Loves Me) -> 0 results
2026-03-11 20:51:25,335 [SIM] search_track(Akira The Don|That Thing Which Really Is Genuine) -> 0 results
2026-03-11 20:51:25,335 [SIM] search_track(Akira The Don|That’s What It’s About) -> 0 results
2026-03-11 20:51:25,335 [SIM] search_track(Akira The Don|The Secret) -> 0 results
2026-03-11 20:51:25,335 [SIM] search_track(Akira The Don|The Shadow) -> 0 results
2026-03-11 20:51:25,335 [SIM] search_track(Akira The Don|The Sound of the Rain Needs No Translation) -> 0 results
2026-03-11 20:51:25,335 [SIM] search_track(Akira The Don|What Games People Are Playing) -> 0 results
2026-03-11 20:51:25,335 [SIM] search_track(Akira The Don|You! Love! Yourself!) -> 0 results
2026-03-11 20:51:25,335 [SIM] search_track(Akira The Don|Your Idea of Heaven) -> 0 results
2026-03-11 20:51:25,366 [SIM] search_track(Akira The Don|BIM BIM BIM) -> 0 results
2026-03-11 20:51:25,366 [SIM] search_track(Akira The Don|BLUEBIRD) -> 0 results
2026-03-11 20:51:25,366 [SIM] search_track(Akira The Don|CONFESSION) -> 0 results
2026-03-11 20:51:25,366 [SIM] search_track(Akira The Don|I DO NOT HAVE HATRED) -> 0 results
2026-03-11 20:51:25,366 [SIM] search_track(Akira The Don|NIRVANA) -> 0 results
2026-03-11 20:51:25,366 [SIM] search_track(Akira The Don|STYLE) -> 0 results
2026-03-11 20:51:25,366 [SIM] search_track(Akira The Don|THAT'S THE WAY I SEE IT) -> 0 results
2026-03-11 20:51:25,366 [SIM] search_track(Akira The Don|THE GENIUS OF THE CROWD) -> 0 results
2026-03-11 20:51:25,366 [SIM] search_track(Akira The Don|THE LAUGHING HEART) -> 0 results
2026-03-11 20:51:25,366 [SIM] search_track(Akira The Don|A PAST WHICH NEVER EXISTED) -> 0 results
2026-03-11 20:51:25,366 [SIM] search_track(Akira The Don|THE MYSTERY OF LIFE) -> 0 results
2026-03-11 20:51:25,366 [SIM] search_track(Akira The Don|Accountability Mirror) -> 0 results
2026-03-11 20:51:25,366 [SIM] search_track(Akira The Don|COCKROACHES) -> 0 results
2026-03-11 20:51:25,367 [SIM] search_track(Akira The Don|Do You) -> 0 results
2026-03-11 20:51:25,367 [SIM] search_track(Akira The Don|From Suffering) -> 0 results
2026-03-11 20:51:25,367 [SIM] search_track(Akira The Don|GOGGINS) -> 0 results
2026-03-11 20:51:25,367 [SIM] search_track(Akira The Don|Happiness) -> 0 results
2026-03-11 20:51:25,367 [SIM] search_track(Akira The Don|I Did It) -> 0 results
2026-03-11 20:51:25,367 [SIM] search_track(Akira The Don|I Want to Feel THAT) -> 0 results
2026-03-11 20:51:25,367 [SIM] search_track(Akira The Don|It's OK) -> 0 results
2026-03-11 20:51:25,367 [SIM] search_track(Akira The Don|On the Other Side Is Greatness) -> 0 results
2026-03-11 20:51:25,367 [SIM] search_track(Akira The Don|Searching for a Feeling) -> 0 results
2026-03-11 20:51:25,367 [SIM] search_track(Akira The Don|Something to That) -> 0 results
2026-03-11 20:51:25,367 [SIM] search_track(Akira The Don|Taking Souls) -> 0 results
2026-03-11 20:51:25,367 [SIM] search_track(Akira The Don|The Cookie Jar) -> 0 results
2026-03-11 20:51:25,396 [SIM] search_track(Akira The Don|The Dark Side) -> 0 results
2026-03-11 20:51:25,397 [SIM] search_track(Akira The Don|The Governor) -> 0 results
2026-03-11 20:51:25,397 [SIM] search_track(Akira The Don|The Marathon) -> 0 results
2026-03-11 20:51:25,397 [SIM] search_track(Akira The Don|To Be Great) -> 0 results
2026-03-11 20:51:25,397 [SIM] search_track(Akira The Don|WARRIOR) -> 0 results
2026-03-11 20:51:25,397 [SIM] search_track(Akira The Don|Who You Are) -> 0 results
2026-03-11 20:51:25,397 [SIM] search_track(Akira The Don|Your Biggest Enemy) -> 0 results
2026-03-11 20:51:25,397 [SIM] search_track(Akira The Don|Your Equation) -> 0 results
2026-03-11 20:51:25,397 [SIM] search_track(Akira The Don|BOBBLEHEADS) -> 0 results
2026-03-11 20:51:25,397 [SIM] search_track(Akira The Don|HATERS (NEVER IN LIFE)) -> 0 results
2026-03-11 20:51:25,397 [SIM] search_track(Akira The Don|I KNOW WHAT DARKNESS LOOKS LIKE) -> 0 results
2026-03-11 20:51:25,397 [SIM] search_track(Akira The Don|NEITHER CAN YOU) -> 0 results
2026-03-11 20:51:25,397 [SIM] search_track(Akira The Don|SHUT THE FUCK UP) -> 0 results
2026-03-11 20:51:25,397 [SIM] search_track(Akira The Don|STAY FUCKIN' HARD) -> 0 results
2026-03-11 20:51:25,397 [SIM] search_track(Akira The Don|TAKE ACTION) -> 0 results
2026-03-11 20:51:25,397 [SIM] search_track(Akira The Don|THAT SENSE OF SELF) -> 0 results
2026-03-11 20:51:25,397 [SIM] search_track(Akira The Don|THE PURPOSE IS YOU) -> 0 results
2026-03-11 20:51:25,397 [SIM] search_track(Akira The Don|THE RAIN) -> 0 results
2026-03-11 20:51:25,397 [SIM] search_track(Akira The Don|UNACCEPTABLE) -> 0 results
2026-03-11 20:51:25,397 [SIM] search_track(Akira The Don|WAKE UP) -> 0 results
2026-03-11 20:51:25,397 [SIM] search_track(Akira The Don|WHO'S GONNA CARRY THE BOATS (THEY DON'T KNOW ME SON)) -> 0 results
2026-03-11 20:51:25,397 [SIM] search_track(Akira The Don|YOU'RE NOT THERE YET) -> 0 results
2026-03-11 20:51:25,398 [SIM] search_track(Akira The Don|Luck Is the Residue of Design) -> 0 results
2026-03-11 20:51:25,398 [SIM] search_track(Akira The Don|Saint George In Retirement Syndrome) -> 0 results
2026-03-11 20:51:25,398 [SIM] search_track(Akira The Don|THE MOB) -> 0 results
2026-03-11 20:51:25,429 [SIM] search_track(Akira The Don|ACRES OF DIAMONDS II (IN MY MIND)) -> 0 results
2026-03-11 20:51:25,429 [SIM] search_track(Akira The Don|ACRES OF DIAMONDS) -> 0 results
2026-03-11 20:51:25,429 [SIM] search_track(Akira The Don|AS YE SOW SO SHALL YE REAP) -> 0 results
2026-03-11 20:51:25,429 [SIM] search_track(Akira The Don|INTELLIGENT OBJECTIVITY) -> 0 results
2026-03-11 20:51:25,429 [SIM] search_track(Akira The Don|REMEMBER THE STORY) -> 0 results
2026-03-11 20:51:25,429 [SIM] search_track(Akira The Don|WE DO IT) -> 0 results
2026-03-11 20:51:25,429 [SIM] search_track(Akira The Don|WE NEED TO STUDY PEOPLE) -> 0 results
2026-03-11 20:51:25,429 [SIM] search_track(Akira The Don|I DON'T BELIEVE CIRCUMSTANCES) -> 0 results
2026-03-11 20:51:25,429 [SIM] search_track(Akira The Don|Alien) -> 0 results
2026-03-11 20:51:25,429 [SIM] search_track(Akira The Don|Among the Stars) -> 0 results
2026-03-11 20:51:25,429 [SIM] search_track(Akira The Don|Merge) -> 0 results
2026-03-11 20:51:25,429 [SIM] search_track(Akira The Don|Most People Are Good) -> 0 results
2026-03-11 20:51:25,430 [SIM] search_track(Akira The Don|Nobody Listened) -> 0 results
2026-03-11 20:51:25,430 [SIM] search_track(Akira The Don|Optimistic and Wrong) -> 0 results
2026-03-11 20:51:25,430 [SIM] search_track(Akira The Don|94 Knicks) -> 0 results
2026-03-11 20:51:25,430 [SIM] search_track(Akira The Don|Build the Biggest Building) -> 0 results
2026-03-11 20:51:25,430 [SIM] search_track(Akira The Don|Clouds and Dirt) -> 0 results
2026-03-11 20:51:25,430 [SIM] search_track(Akira The Don|Everybody Sucks) -> 0 results
2026-03-11 20:51:25,430 [SIM] search_track(Akira The Don|Forgetting the Upside) -> 0 results
2026-03-11 20:51:25,430 [SIM] search_track(Akira The Don|I Can’t Hear You) -> 0 results
2026-03-11 20:51:25,430 [SIM] search_track(Akira The Don|Life Is Good) -> 0 results
2026-03-11 20:51:25,430 [SIM] search_track(Akira The Don|My Dream) -> 0 results
2026-03-11 20:51:25,430 [SIM] search_track(Akira The Don|Never Been Better) -> 0 results
2026-03-11 20:51:25,430 [SIM] search_track(Akira The Don|Offense Defense) -> 0 results
2026-03-11 20:51:25,430 [SIM] search_track(Akira The Don|Optimistic Practical) -> 0 results
2026-03-11 20:51:25,458 [SIM] search_track(Akira The Don|The Greatest Year) -> 0 results
2026-03-11 20:51:25,458 [SIM] search_track(Akira The Don|Ayahuasca) -> 0 results
2026-03-11 20:51:25,458 [SIM] search_track(Akira The Don|Dreamer) -> 0 results
2026-03-11 20:51:25,458 [SIM] search_track(Akira The Don|Fully Symbolic Creatures) -> 0 results
2026-03-11 20:51:25,458 [SIM] search_track(Akira The Don|Human in the First Place) -> 0 results
2026-03-11 20:51:25,458 [SIM] search_track(Akira The Don|Mother Ayahuasca) -> 0 results
2026-03-11 20:51:25,458 [SIM] search_track(Akira The Don|Nature of Life on Earth) -> 0 results
2026-03-11 20:51:25,458 [SIM] search_track(Akira The Don|Permanently Stoned) -> 0 results
2026-03-11 20:51:25,458 [SIM] search_track(Akira The Don|We Are Immortal Souls) -> 0 results
2026-03-11 20:51:25,458 [SIM] search_track(Akira The Don|AFTER THE ENEMY) -> 0 results
2026-03-11 20:51:25,458 [SIM] search_track(Akira The Don|ALL YOUR EXCUSES ARE LIES) -> 0 results
2026-03-11 20:51:25,458 [SIM] search_track(Akira The Don|DEFAULT AGGRESSIVE) -> 0 results
2026-03-11 20:51:25,458 [SIM] search_track(Akira The Don|DO) -> 0 results
2026-03-11 20:51:25,458 [SIM] search_track(Akira The Don|EVEN IN DEATH) -> 0 results
2026-03-11 20:51:25,459 [SIM] search_track(Akira The Don|EVERY SECOND COUNTS) -> 0 results
2026-03-11 20:51:25,459 [SIM] search_track(Akira The Don|GO!) -> 0 results
2026-03-11 20:51:25,459 [SIM] search_track(Akira The Don|I FEEL FINE) -> 0 results
2026-03-11 20:51:25,459 [SIM] search_track(Akira The Don|IF) -> 0 results
2026-03-11 20:51:25,459 [SIM] search_track(Akira The Don|LOSING CONTROL) -> 0 results
2026-03-11 20:51:25,459 [SIM] search_track(Akira The Don|ONE SHOT) -> 0 results
2026-03-11 20:51:25,459 [SIM] search_track(Akira The Don|STEP) -> 0 results
2026-03-11 20:51:25,459 [SIM] search_track(Akira The Don|THOSE DAYS) -> 0 results
2026-03-11 20:51:25,459 [SIM] search_track(Akira The Don|WHAT ARE YOU GOING TO DO?) -> 0 results
2026-03-11 20:51:25,459 [SIM] search_track(Akira The Don|JUST GO DO IT) -> 0 results
2026-03-11 20:51:25,459 [SIM] search_track(Akira The Don|Discipline Equals Freedom) -> 0 results
2026-03-11 20:51:25,486 [SIM] search_track(Akira The Don|Extreme Ownership, Pt. I) -> 0 results
2026-03-11 20:51:25,486 [SIM] search_track(Akira The Don|Extreme Ownership, Pt. II) -> 0 results
2026-03-11 20:51:25,486 [SIM] search_track(Akira The Don|Extreme Ownership, Pt. III) -> 0 results
2026-03-11 20:51:25,486 [SIM] search_track(Akira The Don|Fight) -> 0 results
2026-03-11 20:51:25,486 [SIM] search_track(Akira The Don|Good) -> 0 results
2026-03-11 20:51:25,486 [SIM] search_track(Akira The Don|How Dark It Can Get) -> 0 results
2026-03-11 20:51:25,486 [SIM] search_track(Akira The Don|I Wake Up Early (Thinking About the Enemy)) -> 0 results
2026-03-11 20:51:25,486 [SIM] search_track(Akira The Don|Mind Control) -> 0 results
2026-03-11 20:51:25,486 [SIM] search_track(Akira The Don|There Must Be Discipline) -> 0 results
2026-03-11 20:51:25,486 [SIM] search_track(Akira The Don|This Is It) -> 0 results
2026-03-11 20:51:25,486 [SIM] search_track(Akira The Don|Unbroken) -> 0 results
2026-03-11 20:51:25,486 [SIM] search_track(Akira The Don|Waves of Sorrow) -> 0 results
2026-03-11 20:51:25,487 [SIM] search_track(Akira The Don|BREAK THE OLD YOU) -> 0 results
2026-03-11 20:51:25,487 [SIM] search_track(Akira The Don|DO IT ALONE) -> 0 results
2026-03-11 20:51:25,487 [SIM] search_track(Akira The Don|DON'T LIE TO YOURSELF) -> 0 results
2026-03-11 20:51:25,487 [SIM] search_track(Akira The Don|GET BACK ON THE PATH) -> 0 results
2026-03-11 20:51:25,487 [SIM] search_track(Akira The Don|GO DOWN SWINGING) -> 0 results
2026-03-11 20:51:25,487 [SIM] search_track(Akira The Don|LONG TERM GOAL) -> 0 results
2026-03-11 20:51:25,487 [SIM] search_track(Akira The Don|OTHER THAN DEATH) -> 0 results
2026-03-11 20:51:25,487 [SIM] search_track(Akira The Don|REBEL BY WINNING) -> 0 results
2026-03-11 20:51:25,487 [SIM] search_track(Akira The Don|STAY ON THE PATH) -> 0 results
2026-03-11 20:51:25,487 [SIM] search_track(Akira The Don|WARPATH) -> 0 results
2026-03-11 20:51:25,487 [SIM] search_track(Akira The Don|WEAKNESS) -> 0 results
2026-03-11 20:51:25,487 [SIM] search_track(Akira The Don|Be The Hero II) -> 0 results
2026-03-11 20:51:25,487 [SIM] search_track(Akira The Don|Be the Hero) -> 0 results
2026-03-11 20:51:25,517 [SIM] search_track(Akira The Don|Do Shit That's Difficult) -> 0 results
2026-03-11 20:51:25,517 [SIM] search_track(Akira The Don|Do Something!) -> 0 results
2026-03-11 20:51:25,517 [SIM] search_track(Akira The Don|Fear Factor) -> 0 results
2026-03-11 20:51:25,517 [SIM] search_track(Akira The Don|Fight All the Time) -> 0 results
2026-03-11 20:51:25,517 [SIM] search_track(Akira The Don|Get That Good Feeling) -> 0 results
2026-03-11 20:51:25,517 [SIM] search_track(Akira The Don|Happy as Fuck) -> 0 results
2026-03-11 20:51:25,517 [SIM] search_track(Akira The Don|I Don't Wanna Hear That) -> 0 results
2026-03-11 20:51:25,518 [SIM] search_track(Akira The Don|Monkeys in Space) -> 0 results
2026-03-11 20:51:25,518 [SIM] search_track(Akira The Don|Someone I Would Be Afraid of) -> 0 results
2026-03-11 20:51:25,518 [SIM] search_track(Akira The Don|Take a Path That's Dangerous) -> 0 results
2026-03-11 20:51:25,518 [SIM] search_track(Akira The Don|Discipline Gets Things Done) -> 0 results
2026-03-11 20:51:25,518 [SIM] search_track(Akira The Don|Assume That the Person You're Listening to Might Know Something You Don't) -> 0 results
2026-03-11 20:51:25,518 [SIM] search_track(Akira The Don|Be Precise in Your Speech) -> 0 results
2026-03-11 20:51:25,518 [SIM] search_track(Akira The Don|Compare Yourself to Who You Were Yesterday, Not to Who Someone Else Is Today) -> 0 results
2026-03-11 20:51:25,518 [SIM] search_track(Akira The Don|Don't Bother Children When They're Skateboarding) -> 0 results
2026-03-11 20:51:25,518 [SIM] search_track(Akira The Don|Don't Let Your Children Do Anything That Makes You Dislike Them) -> 0 results
2026-03-11 20:51:25,518 [SIM] search_track(Akira The Don|Make Friends With People Who Want the Best for You) -> 0 results
2026-03-11 20:51:25,518 [SIM] search_track(Akira The Don|Pet a Cat When You Encounter One) -> 0 results
2026-03-11 20:51:25,518 [SIM] search_track(Akira The Don|Pursue What Is Meaningful, Not What Is Expedient) -> 0 results
2026-03-11 20:51:25,518 [SIM] search_track(Akira The Don|Set Your House in Perfect Order Before You Criticize the World) -> 0 results
2026-03-11 20:51:25,518 [SIM] search_track(Akira The Don|Stand Up Straight With Your Shoulders Back) -> 0 results
2026-03-11 20:51:25,518 [SIM] search_track(Akira The Don|Tell the Truth or at Least Don't Lie) -> 0 results
2026-03-11 20:51:25,518 [SIM] search_track(Akira The Don|Treat Yourself Like Someone You Are Responsible for Helping) -> 0 results
2026-03-11 20:51:25,518 [SIM] search_track(Akira The Don|A Miracle) -> 0 results
2026-03-11 20:51:25,518 [SIM] search_track(Akira The Don|Aim (Live in the Day)) -> 0 results
2026-03-11 20:51:25,545 [SIM] search_track(Akira The Don|Back to the Lobsters) -> 0 results
2026-03-11 20:51:25,546 [SIM] search_track(Akira The Don|Beauty Is So Valuable (And We’re So Afraid of It)) -> 0 results
2026-03-11 20:51:25,546 [SIM] search_track(Akira The Don|Demonically Warped Aesthetic) -> 0 results
2026-03-11 20:51:25,546 [SIM] search_track(Akira The Don|Fix It) -> 0 results
2026-03-11 20:51:25,546 [SIM] search_track(Akira The Don|Go to the Movie) -> 0 results
2026-03-11 20:51:25,546 [SIM] search_track(Akira The Don|Happiness Is Fleeting) -> 0 results
2026-03-11 20:51:25,546 [SIM] search_track(Akira The Don|Life Is Suffering) -> 0 results
2026-03-11 20:51:25,546 [SIM] search_track(Akira The Don|Make It Beautiful V2) -> 0 results
2026-03-11 20:51:25,546 [SIM] search_track(Akira The Don|Oh Ye of Little Faith) -> 0 results
2026-03-11 20:51:25,546 [SIM] search_track(Akira The Don|Sleeping Beauty) -> 0 results
2026-03-11 20:51:25,546 [SIM] search_track(Akira The Don|Suffering Exists) -> 0 results
2026-03-11 20:51:25,546 [SIM] search_track(Akira The Don|The Finite & the Infinite) -> 0 results
2026-03-11 20:51:25,546 [SIM] search_track(Akira The Don|Think Critically) -> 0 results
2026-03-11 20:51:25,546 [SIM] search_track(Akira The Don|You'll Pay for It) -> 0 results
2026-03-11 20:51:25,546 [SIM] search_track(Akira The Don|A Part Of The Cosmos) -> 0 results
2026-03-11 20:51:25,546 [SIM] search_track(Akira The Don|ART) -> 0 results
2026-03-11 20:51:25,546 [SIM] search_track(Akira The Don|Be A Plumber) -> 0 results
2026-03-11 20:51:25,546 [SIM] search_track(Akira The Don|Beautiful Woman) -> 0 results
2026-03-11 20:51:25,546 [SIM] search_track(Akira The Don|Move On) -> 0 results
2026-03-11 20:51:25,546 [SIM] search_track(Akira The Don|Noah 1 - Sons of Noah) -> 0 results
2026-03-11 20:51:25,547 [SIM] search_track(Akira The Don|Noah 2 - Half Insane Creatures) -> 0 results
2026-03-11 20:51:25,547 [SIM] search_track(Akira The Don|Noah 3 - Retain What's Good) -> 0 results
2026-03-11 20:51:25,547 [SIM] search_track(Akira The Don|Noah 4 - Something To Do With Respect) -> 0 results
2026-03-11 20:51:25,547 [SIM] search_track(Akira The Don|So Much Worse) -> 0 results
2026-03-11 20:51:25,547 [SIM] search_track(Akira The Don|Spirit Of The Father) -> 0 results
2026-03-11 20:51:25,574 [SIM] search_track(Akira The Don|Tammy) -> 0 results
2026-03-11 20:51:25,574 [SIM] search_track(Akira The Don|That's Life) -> 0 results
2026-03-11 20:51:25,574 [SIM] search_track(Akira The Don|Transcendence Of Suffering) -> 0 results
2026-03-11 20:51:25,574 [SIM] search_track(Akira The Don|Trapping With My Dad) -> 0 results
2026-03-11 20:51:25,574 [SIM] search_track(Akira The Don|Utopia) -> 0 results
2026-03-11 20:51:25,575 [SIM] search_track(Akira The Don|Wild Man) -> 0 results
2026-03-11 20:51:25,575 [SIM] search_track(Akira The Don|Work Outward) -> 0 results
2026-03-11 20:51:25,575 [SIM] search_track(Akira The Don|Clean Up Your Room) -> 0 results
2026-03-11 20:51:25,575 [SIM] search_track(Akira The Don|Deadwood) -> 0 results
2026-03-11 20:51:25,575 [SIM] search_track(Akira The Don|I Act As If God Exists) -> 0 results
2026-03-11 20:51:25,575 [SIM] search_track(Akira The Don|Jordan B Peterson's Drinking Song) -> 0 results
2026-03-11 20:51:25,575 [SIM] search_track(Akira The Don|Make It Beautiful V1) -> 0 results
2026-03-11 20:51:25,575 [SIM] search_track(Akira The Don|More Important Than You Think) -> 0 results
2026-03-11 20:51:25,575 [SIM] search_track(Akira The Don|More Powerful Than You Think) -> 0 results
2026-03-11 20:51:25,575 [SIM] search_track(Akira The Don|More Than Who You Are) -> 0 results
2026-03-11 20:51:25,575 [SIM] search_track(Akira The Don|The Wave) -> 0 results
2026-03-11 20:51:25,575 [SIM] search_track(Akira The Don|What Would You Be Like?) -> 0 results
2026-03-11 20:51:25,575 [SIM] search_track(Akira The Don|Wishes) -> 0 results
2026-03-11 20:51:25,575 [SIM] search_track(Akira The Don|You Should Be a Monster) -> 0 results
2026-03-11 20:51:25,575 [SIM] search_track(Akira The Don|You're Oppressed) -> 0 results
2026-03-11 20:51:25,575 [SIM] search_track(Akira The Don|42 Rules for Life) -> 0 results
2026-03-11 20:51:25,575 [SIM] search_track(Akira The Don|Agreeable and Conscientious) -> 0 results
2026-03-11 20:51:25,575 [SIM] search_track(Akira The Don|Heaven and Hell, Pt. 1) -> 0 results
2026-03-11 20:51:25,575 [SIM] search_track(Akira The Don|Heaven and Hell, Pt. 2) -> 0 results
2026-03-11 20:51:25,575 [SIM] search_track(Akira The Don|Lunchbucket) -> 0 results
2026-03-11 20:51:25,605 [SIM] search_track(Akira The Don|Music Is Everything) -> 0 results
2026-03-11 20:51:25,606 [SIM] search_track(Akira The Don|Sacrifice) -> 0 results
2026-03-11 20:51:25,606 [SIM] search_track(Akira The Don|Strength) -> 0 results
2026-03-11 20:51:25,606 [SIM] search_track(Akira The Don|Suicide) -> 0 results
2026-03-11 20:51:25,606 [SIM] search_track(Akira The Don|Tarantulas) -> 0 results
2026-03-11 20:51:25,606 [SIM] search_track(Akira The Don|That's God) -> 0 results
2026-03-11 20:51:25,606 [SIM] search_track(Akira The Don|The Mysterious) -> 0 results
2026-03-11 20:51:25,606 [SIM] search_track(Akira The Don|Those Who Have Everything) -> 0 results
2026-03-11 20:51:25,606 [SIM] search_track(Akira The Don|Waves of Contempt) -> 0 results
2026-03-11 20:51:25,606 [SIM] search_track(Akira The Don|What Would You Be, What Would You Do?) -> 0 results
2026-03-11 20:51:25,606 [SIM] search_track(Akira The Don|Determining the Direction of the Cosmos) -> 0 results
2026-03-11 20:51:25,606 [SIM] search_track(Akira The Don|The Great Adventure of Your Life) -> 0 results
2026-03-11 20:51:25,606 [SIM] search_track(Akira The Don|What's More Worthwhile Than That?) -> 0 results
2026-03-11 20:51:25,606 [SIM] search_track(Akira The Don|Dostoevsky) -> 0 results
2026-03-11 20:51:25,606 [SIM] search_track(Akira The Don|DRAGON) -> 0 results
2026-03-11 20:51:25,606 [SIM] search_track(Akira The Don|Go After the Dragon) -> 0 results
2026-03-11 20:51:25,606 [SIM] search_track(Akira The Don|Illusion) -> 0 results
2026-03-11 20:51:25,606 [SIM] search_track(Akira The Don|My Language) -> 0 results
2026-03-11 20:51:25,607 [SIM] search_track(Akira The Don|No Such Thing As a Dragon II) -> 0 results
2026-03-11 20:51:25,607 [SIM] search_track(Akira The Don|No Such Thing As a Dragon III) -> 0 results
2026-03-11 20:51:25,607 [SIM] search_track(Akira The Don|No Such Thing As a Dragon) -> 0 results
2026-03-11 20:51:25,607 [SIM] search_track(Akira The Don|Something You Don’t Understand) -> 0 results
2026-03-11 20:51:25,607 [SIM] search_track(Akira The Don|Tell the Truth) -> 0 results
2026-03-11 20:51:25,607 [SIM] search_track(Akira The Don|The Adventure of Truth) -> 0 results
2026-03-11 20:51:25,607 [SIM] search_track(Akira The Don|The Antidote) -> 0 results
2026-03-11 20:51:25,634 [SIM] search_track(Akira The Don|The Primary Fact of Experience) -> 0 results
2026-03-11 20:51:25,634 [SIM] search_track(Akira The Don|The Voice) -> 0 results
2026-03-11 20:51:25,634 [SIM] search_track(Akira The Don|Underlying Meaning) -> 0 results
2026-03-11 20:51:25,634 [SIM] search_track(Akira The Don|What the Hell) -> 0 results
2026-03-11 20:51:25,634 [SIM] search_track(Akira The Don|You Can Say No) -> 0 results
2026-03-11 20:51:25,634 [SIM] search_track(Akira The Don|Kill the Dragon, Save the World) -> 0 results
2026-03-11 20:51:25,634 [SIM] search_track(Akira The Don|A Stuffed Shirt) -> 0 results
2026-03-11 20:51:25,634 [SIM] search_track(Akira The Don|And They Were One) -> 0 results
2026-03-11 20:51:25,634 [SIM] search_track(Akira The Don|Cosmic Order) -> 0 results
2026-03-11 20:51:25,634 [SIM] search_track(Akira The Don|Greatly Changed) -> 0 results
2026-03-11 20:51:25,634 [SIM] search_track(Akira The Don|Grown Out of Myth) -> 0 results
2026-03-11 20:51:25,635 [SIM] search_track(Akira The Don|Here For) -> 0 results
2026-03-11 20:51:25,635 [SIM] search_track(Akira The Don|Here It Comes) -> 0 results
2026-03-11 20:51:25,635 [SIM] search_track(Akira The Don|Mother's no Good) -> 0 results
2026-03-11 20:51:25,635 [SIM] search_track(Akira The Don|Nature Is Still Ours) -> 0 results
2026-03-11 20:51:25,635 [SIM] search_track(Akira The Don|Not Greatly Changed) -> 0 results
2026-03-11 20:51:25,635 [SIM] search_track(Akira The Don|One Is Free) -> 0 results
2026-03-11 20:51:25,635 [SIM] search_track(Akira The Don|The First Function of Mythology) -> 0 results
2026-03-11 20:51:25,635 [SIM] search_track(Akira The Don|The Functions) -> 0 results
2026-03-11 20:51:25,635 [SIM] search_track(Akira The Don|The Individual) -> 0 results
2026-03-11 20:51:25,635 [SIM] search_track(Akira The Don|What Is This Mystery?) -> 0 results
2026-03-11 20:51:25,635 [SIM] search_track(Akira The Don|Everybody Can Be Wealthy) -> 0 results
2026-03-11 20:51:25,635 [SIM] search_track(Akira The Don|Everyone to Everyone) -> 0 results
2026-03-11 20:51:25,635 [SIM] search_track(Akira The Don|Follow Your Own Obsession) -> 0 results
2026-03-11 20:51:25,635 [SIM] search_track(Akira The Don|Intelligence Energy Integrity) -> 0 results
2026-03-11 20:51:25,661 [SIM] search_track(Akira The Don|Long Term Games with Long Term People) -> 0 results
2026-03-11 20:51:25,662 [SIM] search_track(Akira The Don|Luck to Destiny) -> 0 results
2026-03-11 20:51:25,662 [SIM] search_track(Akira The Don|Maintain Your Freedom) -> 0 results
2026-03-11 20:51:25,662 [SIM] search_track(Akira The Don|Making Money Is Not About Luck) -> 0 results
2026-03-11 20:51:25,662 [SIM] search_track(Akira The Don|Rational Optimism (Build Something Big)) -> 0 results
2026-03-11 20:51:25,662 [SIM] search_track(Akira The Don|Read What You Love Until You Love to Read) -> 0 results
2026-03-11 20:51:25,662 [SIM] search_track(Akira The Don|Society Always Wants New Things) -> 0 results
2026-03-11 20:51:25,662 [SIM] search_track(Akira The Don|Specific Knowledge) -> 0 results
2026-03-11 20:51:25,662 [SIM] search_track(Akira The Don|The Builder & the Seller) -> 0 results
2026-03-11 20:51:25,662 [SIM] search_track(Akira The Don|The Purpose of Wealth Is Freedom) -> 0 results
2026-03-11 20:51:25,662 [SIM] search_track(Akira The Don|True Wealth Creation) -> 0 results
2026-03-11 20:51:25,662 [SIM] search_track(Akira The Don|You're Not Going to Get Rich Renting out Your Time) -> 0 results
2026-03-11 20:51:25,662 [SIM] search_track(Akira The Don|Accountability) -> 0 results
2026-03-11 20:51:25,662 [SIM] search_track(Akira The Don|Best in the World) -> 0 results
2026-03-11 20:51:25,662 [SIM] search_track(Akira The Don|Capital) -> 0 results
2026-03-11 20:51:25,662 [SIM] search_track(Akira The Don|Doing on the Job) -> 0 results
2026-03-11 20:51:25,662 [SIM] search_track(Akira The Don|Give Me a Lever) -> 0 results
2026-03-11 20:51:25,662 [SIM] search_track(Akira The Don|Great Things in This World) -> 0 results
2026-03-11 20:51:25,662 [SIM] search_track(Akira The Don|Inspiration Is Perishable) -> 0 results
2026-03-11 20:51:25,662 [SIM] search_track(Akira The Don|More Than You Value Yourself) -> 0 results
2026-03-11 20:51:25,662 [SIM] search_track(Akira The Don|Nearly Infinite Leverage) -> 0 results
2026-03-11 20:51:25,662 [SIM] search_track(Akira The Don|Network Effects) -> 0 results
2026-03-11 20:51:25,663 [SIM] search_track(Akira The Don|Set for Life) -> 0 results
2026-03-11 20:51:25,663 [SIM] search_track(Akira The Don|Take Risk) -> 0 results
2026-03-11 20:51:25,663 [SIM] search_track(Akira The Don|The Robots) -> 0 results
2026-03-11 20:51:25,692 [SIM] search_track(Akira The Don|This Is Leverage) -> 0 results
2026-03-11 20:51:25,692 [SIM] search_track(Akira The Don|Who You Work with and What You Work on) -> 0 results
2026-03-11 20:51:25,692 [SIM] search_track(Akira The Don|A Calm Mind A Fit Body And A House Full of Love) -> 0 results
2026-03-11 20:51:25,692 [SIM] search_track(Akira The Don|Compound Interest (Life Gets Easier)) -> 0 results
2026-03-11 20:51:25,692 [SIM] search_track(Akira The Don|Escape Competition Through Authenticity) -> 0 results
2026-03-11 20:51:25,692 [SIM] search_track(Akira The Don|Find Three Hobbies) -> 0 results
2026-03-11 20:51:25,692 [SIM] search_track(Akira The Don|First Become A King) -> 0 results
2026-03-11 20:51:25,692 [SIM] search_track(Akira The Don|Get What You Deserve) -> 0 results
2026-03-11 20:51:25,692 [SIM] search_track(Akira The Don|Morning Coffee) -> 0 results
2026-03-11 20:51:25,693 [SIM] search_track(Akira The Don|Productise Yourself) -> 0 results
2026-03-11 20:51:25,693 [SIM] search_track(Akira The Don|Take Accountability) -> 0 results
2026-03-11 20:51:25,693 [SIM] search_track(Akira The Don|The Kelly Criterion) -> 0 results
2026-03-11 20:51:25,693 [SIM] search_track(Akira The Don|The Principal Agent Problem) -> 0 results
2026-03-11 20:51:25,693 [SIM] search_track(Akira The Don|There Are No Get Rich Quick Schemes) -> 0 results
2026-03-11 20:51:25,693 [SIM] search_track(Akira The Don|Winning Lottery Ticket Numbers) -> 0 results
2026-03-11 20:51:25,693 [SIM] search_track(Akira The Don|Working For Ourselves) -> 0 results
2026-03-11 20:51:25,693 [SIM] search_track(Akira The Don|You Want To Be Ethical) -> 0 results
2026-03-11 20:51:25,693 [SIM] search_track(Akira The Don|You Will Need To Rent Your Time To Get Started) -> 0 results
2026-03-11 20:51:25,693 [SIM] search_track(Akira The Don|DON'T STOP ASKING QUESTIONS) -> 0 results
2026-03-11 20:51:25,693 [SIM] search_track(Akira The Don|ME IS A DISEASE) -> 0 results
2026-03-11 20:51:25,693 [SIM] search_track(Akira The Don|THE ANSWERS NO) -> 0 results
2026-03-11 20:51:25,693 [SIM] search_track(Akira The Don|ASSUME TO BE TRUE) -> 0 results
2026-03-11 20:51:25,693 [SIM] search_track(Akira The Don|ASSUME YOU HAVE IT) -> 0 results
2026-03-11 20:51:25,693 [SIM] search_track(Akira The Don|EVERYTHING YOU WANT) -> 0 results
2026-03-11 20:51:25,693 [SIM] search_track(Akira The Don|FEELING IS THE SECRET) -> 0 results
2026-03-11 20:51:25,721 [SIM] search_track(Akira The Don|GET WHAT YOU ARE) -> 0 results
2026-03-11 20:51:25,721 [SIM] search_track(Akira The Don|IF I STOP TRYING) -> 0 results
2026-03-11 20:51:25,721 [SIM] search_track(Akira The Don|IN MY IMAGINATION) -> 0 results
2026-03-11 20:51:25,721 [SIM] search_track(Akira The Don|IN YOUR EXPERIENCE) -> 0 results
2026-03-11 20:51:25,721 [SIM] search_track(Akira The Don|MIRROR METHOD) -> 0 results
2026-03-11 20:51:25,721 [SIM] search_track(Akira The Don|THE DIMENSIONS OF YOUR WORLD) -> 0 results
2026-03-11 20:51:25,721 [SIM] search_track(Akira The Don|THE REFLECTION MUST CHANGE) -> 0 results
2026-03-11 20:51:25,721 [SIM] search_track(Akira The Don|WHAT YOU ARE) -> 0 results
2026-03-11 20:51:25,721 [SIM] search_track(Akira The Don|YOUR SABBATH) -> 0 results
2026-03-11 20:51:25,721 [SIM] search_track(Akira The Don|Inside Job) -> 0 results
2026-03-11 20:51:25,722 [SIM] search_track(Akira The Don|Our Problems Are Not New) -> 0 results
2026-03-11 20:51:25,722 [SIM] search_track(Akira The Don|Thank You God) -> 0 results
2026-03-11 20:51:25,722 [SIM] search_track(Akira The Don|The World Has Gone in Circles) -> 0 results
2026-03-11 20:51:25,722 [SIM] search_track(Akira The Don|GOD MADE A FARMER) -> 0 results
2026-03-11 20:51:25,722 [SIM] search_track(Akira The Don|HARD WORK) -> 0 results
2026-03-11 20:51:25,722 [SIM] search_track(Akira The Don|THE MAN AND THE BIRDS) -> 0 results
2026-03-11 20:51:25,722 [SIM] search_track(Akira The Don|ALMOST ANYTHING COULD HAPPEN TODAY) -> 0 results
2026-03-11 20:51:25,722 [SIM] search_track(Akira The Don|BEAUTIFUL WORLD) -> 0 results
2026-03-11 20:51:25,722 [SIM] search_track(Akira The Don|BECOME A BETTER VERSION OF YOURSELF) -> 0 results
2026-03-11 20:51:25,722 [SIM] search_track(Akira The Don|CHASING MEANING) -> 0 results
2026-03-11 20:51:25,722 [SIM] search_track(Akira The Don|GET OUT) -> 0 results
2026-03-11 20:51:25,722 [SIM] search_track(Akira The Don|I DON'T REGRET ANYTHING) -> 0 results
2026-03-11 20:51:25,722 [SIM] search_track(Akira The Don|PEOPLE ARE ONLY RATIONAL 10% OF THE TIME) -> 0 results
2026-03-11 20:51:25,722 [SIM] search_track(Akira The Don|SOCCER) -> 0 results
2026-03-11 20:51:25,722 [SIM] search_track(Akira The Don|THE BEST TIME OF MY DAY) -> 0 results
2026-03-11 20:51:25,749 [SIM] search_track(Akira The Don|THE PAYOFF) -> 0 results
2026-03-11 20:51:25,749 [SIM] search_track(Akira The Don|THE UNIVERSE OWES ME) -> 0 results
2026-03-11 20:51:25,749 [SIM] search_track(Akira The Don|WHAT YOU THINK ABOUT THE MOST) -> 0 results
2026-03-11 20:51:25,749 [SIM] search_track(Akira The Don|WHEN YOUR BODY FEELS GOOD) -> 0 results
2026-03-11 20:51:25,750 [SIM] search_track(Akira The Don|Basket Case Theory) -> 0 results
2026-03-11 20:51:25,750 [SIM] search_track(Akira The Don|Be Good at a Few Things That You Can Control) -> 0 results
2026-03-11 20:51:25,750 [SIM] search_track(Akira The Don|DO SOMETHING!!) -> 0 results
2026-03-11 20:51:25,750 [SIM] search_track(Akira The Don|Loneliness Epidemic) -> 0 results
2026-03-11 20:51:25,750 [SIM] search_track(Akira The Don|Low Self Esteem Is Like a Virus) -> 0 results
2026-03-11 20:51:25,750 [SIM] search_track(Akira The Don|Remember the Basket Case Theory) -> 0 results
2026-03-11 20:51:25,750 [SIM] search_track(Akira The Don|This Narcissism Thing) -> 0 results
2026-03-11 20:51:25,750 [SIM] search_track(Akira The Don|Use Your Despair to Find Freedom) -> 0 results
2026-03-11 20:51:25,750 [SIM] search_track(Akira The Don|Don't You Wanna?) -> 0 results
2026-03-11 20:51:25,750 [SIM] search_track(Akira The Don|For Freedom) -> 0 results
2026-03-11 20:51:25,750 [SIM] search_track(Akira The Don|How to Program Reality) -> 0 results
2026-03-11 20:51:25,750 [SIM] search_track(Akira The Don|Introduction to the User Interface for Reality) -> 0 results
2026-03-11 20:51:25,750 [SIM] search_track(Akira The Don|It Feels Like It Works) -> 0 results
2026-03-11 20:51:25,750 [SIM] search_track(Akira The Don|Maybe Could Be Possible) -> 0 results
2026-03-11 20:51:25,750 [SIM] search_track(Akira The Don|Pattern Recognition Machines) -> 0 results
2026-03-11 20:51:25,750 [SIM] search_track(Akira The Don|Repetition & Simplicity) -> 0 results
2026-03-11 20:51:25,750 [SIM] search_track(Akira The Don|The Mating Process) -> 0 results
2026-03-11 20:51:25,750 [SIM] search_track(Akira The Don|The User Interface for Reality) -> 0 results
2026-03-11 20:51:25,750 [SIM] search_track(Akira The Don|Fairy Tales for Grown Ups) -> 0 results
2026-03-11 20:51:25,750 [SIM] search_track(Akira The Don|Just Because Someone Has a Superpower) -> 0 results
2026-03-11 20:51:25,750 [SIM] search_track(Akira The Don|The Sort of Story That I Myself Would Enjoy Reading) -> 0 results
2026-03-11 20:51:25,780 [SIM] search_track(Akira The Don|Self Transforming Elf Machines) -> 0 results
2026-03-11 20:51:25,780 [SIM] search_track(Akira The Don|The Cosmic Circus) -> 0 results
2026-03-11 20:51:25,780 [SIM] search_track(Akira The Don|The Truth Requires No Belief) -> 0 results
2026-03-11 20:51:25,781 [SIM] search_track(Akira The Don|Unfinished Language) -> 0 results
2026-03-11 20:51:25,781 [SIM] search_track(Akira The Don|Unspeakably Bizarre) -> 0 results
2026-03-11 20:51:25,781 [SIM] search_track(Akira The Don|We Don't Know Nothin') -> 0 results
2026-03-11 20:51:25,781 [SIM] search_track(Akira The Don|DON'T WORRY) -> 0 results
2026-03-11 20:51:25,781 [SIM] search_track(Akira The Don|Look What's Going on with Santa Claus) -> 0 results
2026-03-11 20:51:25,781 [SIM] search_track(Akira The Don|Crop Circles) -> 0 results
2026-03-11 20:51:25,781 [SIM] search_track(Akira The Don|From the Trees to the Starship) -> 0 results
2026-03-11 20:51:25,781 [SIM] search_track(Akira The Don|Haunted Planet) -> 0 results
2026-03-11 20:51:25,781 [SIM] search_track(Akira The Don|How to Make Money Out of Saving The World) -> 0 results
2026-03-11 20:51:25,781 [SIM] search_track(Akira The Don|Look Away) -> 0 results
2026-03-11 20:51:25,781 [SIM] search_track(Akira The Don|Meme Magic) -> 0 results
2026-03-11 20:51:25,781 [SIM] search_track(Akira The Don|Some Kind of Disinformation Project) -> 0 results
2026-03-11 20:51:25,781 [SIM] search_track(Akira The Don|The Archaic Revival) -> 0 results
2026-03-11 20:51:25,781 [SIM] search_track(Akira The Don|What Is Going On?) -> 0 results
2026-03-11 20:51:25,781 [SIM] search_track(Akira The Don|I Love Your Story) -> 0 results
2026-03-11 20:51:25,781 [SIM] search_track(Akira The Don|JUST KEEP MOVING (UNCLE IROH)) -> 0 results
2026-03-11 20:51:25,781 [SIM] search_track(Akira The Don|MAN CAN MOVE HIMSELF (KINGDOM OF HEAVEN)) -> 0 results
2026-03-11 20:51:25,781 [SIM] search_track(Akira The Don|TELL THEM NOW) -> 0 results
2026-03-11 20:51:25,781 [SIM] search_track(Akira The Don|UNREALITY) -> 0 results
2026-03-11 20:51:25,781 [SIM] search_track(Akira The Don|WAGMI) -> 0 results
2026-03-11 20:51:25,781 [SIM] search_track(Akira The Don|ALL THAT YOU CAN) -> 0 results
2026-03-11 20:51:25,781 [SIM] search_track(Akira The Don|IF THIS ISN'T NICE I DON'T KNOW WHAT IS) -> 0 results
2026-03-11 20:51:25,808 [SIM] search_track(Akira The Don|THAT WHICH IS NOT TO THE PURPOSE) -> 0 results
2026-03-11 20:51:25,808 [SIM] search_track(Akira The Don|NO SMARTER THAN YOU) -> 0 results
2026-03-11 20:51:25,808 [SIM] search_track(Akira The Don|START WHERE YOU STAND) -> 0 results
2026-03-11 20:51:25,809 [SIM] search_track(Akira The Don|Catalysts) -> 0 results
2026-03-11 20:51:25,809 [SIM] search_track(Akira The Don|One Step Beyond Logic) -> 0 results
2026-03-11 20:51:25,809 [SIM] search_track(Akira The Don|Inside My Head) -> 0 results
2026-03-11 20:51:25,809 [SIM] search_track(Akira The Don|A River) -> 0 results
2026-03-11 20:51:25,809 [SIM] search_track(Bob Baker|Holy in the Light Divine) -> 0 results
2026-03-11 20:51:25,809 [SIM] search_track(Bob Baker|I Can Do This) -> 0 results
2026-03-11 20:51:25,809 [SIM] search_track(Bob Baker|Opening up to the Good) -> 0 results
2026-03-11 20:51:25,809 [SIM] search_track(Bob Baker|Shining Star) -> 0 results
2026-03-11 20:51:25,809 [SIM] search_track(Bob Baker|Wake Up) -> 0 results
2026-03-11 20:51:25,809 [SIM] search_track(Earl Nightingale|The Secret (Ambient Music Remix)) -> 0 results
2026-03-11 20:51:25,809 [SIM] search_track(Earl Nightingale|Thought Power (Ambient Music Remix)) -> 0 results
2026-03-11 20:51:25,809 [SIM] search_track(Eric Thomas|Beast Mode) -> 0 results
2026-03-11 20:51:25,809 [SIM] search_track(Eric Thomas|Beauty From Death) -> 0 results
2026-03-11 20:51:25,809 [SIM] search_track(Eric Thomas|Can We Smoke?) -> 0 results
2026-03-11 20:51:25,809 [SIM] search_track(Eric Thomas|Celebrate) -> 0 results
2026-03-11 20:51:25,809 [SIM] search_track(Eric Thomas|Covenant vs. Contract) -> 0 results
2026-03-11 20:51:25,809 [SIM] search_track(Eric Thomas|Dirty Laundry) -> 0 results
2026-03-11 20:51:25,809 [SIM] search_track(Eric Thomas|Execution Is Worshipped) -> 0 results
2026-03-11 20:51:25,809 [SIM] search_track(Eric Thomas|Face Your Fears) -> 0 results
2026-03-11 20:51:25,810 [SIM] search_track(Eric Thomas|Grandma’s Kitchen) -> 0 results
2026-03-11 20:51:25,810 [SIM] search_track(Eric Thomas|Grind Over Google) -> 0 results
2026-03-11 20:51:25,810 [SIM] search_track(Eric Thomas|I Got Tired) -> 0 results
2026-03-11 20:51:25,837 [SIM] search_track(Eric Thomas|I Grind) -> 0 results
2026-03-11 20:51:25,837 [SIM] search_track(Eric Thomas|My Wrong Is Right) -> 0 results
2026-03-11 20:51:25,837 [SIM] search_track(Eric Thomas|Not Smart) -> 0 results
2026-03-11 20:51:25,837 [SIM] search_track(Eric Thomas|Steph Curry) -> 0 results
2026-03-11 20:51:25,837 [SIM] search_track(Eric Thomas|Thank You (Outro)) -> 0 results
2026-03-11 20:51:25,837 [SIM] search_track(Eric Thomas|The Pocket) -> 0 results
2026-03-11 20:51:25,837 [SIM] search_track(Eric Thomas|Triple Double) -> 0 results
2026-03-11 20:51:25,837 [SIM] search_track(Eric Thomas|Uncle Warren) -> 0 results
2026-03-11 20:51:25,837 [SIM] search_track(Eric Thomas|We On Fire) -> 0 results
2026-03-11 20:51:25,838 [SIM] search_track(Eric Thomas|You Don’t Believe) -> 0 results
2026-03-11 20:51:25,838 [SIM] search_track(Eric Thomas|All Hustle No Luck) -> 0 results
2026-03-11 20:51:25,838 [SIM] search_track(Eric Thomas|All In) -> 0 results
2026-03-11 20:51:25,838 [SIM] search_track(Eric Thomas|Batman Interlude) -> 0 results
2026-03-11 20:51:25,838 [SIM] search_track(Eric Thomas|Braveheart) -> 0 results
2026-03-11 20:51:25,838 [SIM] search_track(Eric Thomas|Every Inch) -> 0 results
2026-03-11 20:51:25,838 [SIM] search_track(Eric Thomas|Feelings) -> 0 results
2026-03-11 20:51:25,838 [SIM] search_track(Eric Thomas|Go Hard) -> 0 results
2026-03-11 20:51:25,838 [SIM] search_track(Eric Thomas|Handful of Greatness) -> 0 results
2026-03-11 20:51:25,838 [SIM] search_track(Eric Thomas|I Am) -> 0 results
2026-03-11 20:51:25,838 [SIM] search_track(Eric Thomas|Keep On Pushing) -> 0 results
2026-03-11 20:51:25,838 [SIM] search_track(Eric Thomas|Let's Go) -> 0 results
2026-03-11 20:51:25,838 [SIM] search_track(Eric Thomas|Levels) -> 0 results
2026-03-11 20:51:25,838 [SIM] search_track(Eric Thomas|New 2PAC) -> 0 results
2026-03-11 20:51:25,838 [SIM] search_track(Eric Thomas|No Discounts) -> 0 results
2026-03-11 20:51:25,838 [SIM] search_track(Eric Thomas|Procrastination) -> 0 results
2026-03-11 20:51:25,870 [SIM] search_track(Eric Thomas|Sky Is The Limit) -> 0 results
2026-03-11 20:51:25,870 [SIM] search_track(Eric Thomas|The 90's) -> 0 results
2026-03-11 20:51:25,870 [SIM] search_track(Eric Thomas|The Decision) -> 0 results
2026-03-11 20:51:25,870 [SIM] search_track(Eric Thomas|The Queen) -> 0 results
2026-03-11 20:51:25,870 [SIM] search_track(Eric Thomas|Toothpaste Interlude) -> 0 results
2026-03-11 20:51:25,870 [SIM] search_track(Eric Thomas|Work) -> 0 results
2026-03-11 20:51:25,870 [SIM] search_track(Eric Thomas|You Matter) -> 0 results
2026-03-11 20:51:25,870 [SIM] search_track(Eric Thomas|You're My Why) -> 0 results
2026-03-11 20:51:25,870 [SIM] search_track(Eric Thomas|4th Quarter) -> 0 results
2026-03-11 20:51:25,870 [SIM] search_track(Eric Thomas|ETNT) -> 0 results
2026-03-11 20:51:25,870 [SIM] search_track(Eric Thomas|Go Get It) -> 0 results
2026-03-11 20:51:25,870 [SIM] search_track(Eric Thomas|Greatness Is Upon You) -> 0 results
2026-03-11 20:51:25,870 [SIM] search_track(Eric Thomas|Heart of Detroit) -> 0 results
2026-03-11 20:51:25,870 [SIM] search_track(Eric Thomas|Hometown Hero) -> 0 results
2026-03-11 20:51:25,871 [SIM] search_track(Eric Thomas|I Am Legend) -> 0 results
2026-03-11 20:51:25,871 [SIM] search_track(Eric Thomas|Inside The NBA) -> 0 results
2026-03-11 20:51:25,871 [SIM] search_track(Eric Thomas|Iron Mike) -> 0 results
2026-03-11 20:51:25,871 [SIM] search_track(Eric Thomas|Kobe) -> 0 results
2026-03-11 20:51:25,871 [SIM] search_track(Eric Thomas|Lift Off) -> 0 results
2026-03-11 20:51:25,871 [SIM] search_track(Eric Thomas|No Sleep) -> 0 results
2026-03-11 20:51:25,871 [SIM] search_track(Eric Thomas|Pearls of Wisdom) -> 0 results
2026-03-11 20:51:25,871 [SIM] search_track(Eric Thomas|Shine Bright) -> 0 results
2026-03-11 20:51:25,871 [SIM] search_track(Eric Thomas|Show Up) -> 0 results
2026-03-11 20:51:25,871 [SIM] search_track(Eric Thomas|The Benchmark) -> 0 results
2026-03-11 20:51:25,871 [SIM] search_track(Eric Thomas|Use the Pain) -> 0 results
2026-03-11 20:51:25,899 [SIM] search_track(Eric Thomas|Vision) -> 0 results
2026-03-11 20:51:25,899 [SIM] search_track(Eric Thomas|What's Your Why) -> 0 results
2026-03-11 20:51:25,899 [SIM] search_track(Eric Thomas|ADELE) -> 0 results
2026-03-11 20:51:25,899 [SIM] search_track(Eric Thomas|AMBITION) -> 0 results
2026-03-11 20:51:25,899 [SIM] search_track(Eric Thomas|BONUS INTERVIEW) -> 0 results
2026-03-11 20:51:25,899 [SIM] search_track(Eric Thomas|CAL RIPKENS) -> 0 results
2026-03-11 20:51:25,900 [SIM] search_track(Eric Thomas|COMPETITIVE EDGE) -> 0 results
2026-03-11 20:51:25,900 [SIM] search_track(Eric Thomas|HARVARD) -> 0 results
2026-03-11 20:51:25,900 [SIM] search_track(Eric Thomas|HUSTLE HARD) -> 0 results
2026-03-11 20:51:25,900 [SIM] search_track(Eric Thomas|I'M DRIVEN) -> 0 results
2026-03-11 20:51:25,900 [SIM] search_track(Eric Thomas|INTERVIEW 1) -> 0 results
2026-03-11 20:51:25,900 [SIM] search_track(Eric Thomas|INTERVIEW 2) -> 0 results
2026-03-11 20:51:25,900 [SIM] search_track(Eric Thomas|INTERVIEW 3) -> 0 results
2026-03-11 20:51:25,900 [SIM] search_track(Eric Thomas|INTERVIEW 4) -> 0 results
2026-03-11 20:51:25,900 [SIM] search_track(Eric Thomas|INTRODUCTION) -> 0 results
2026-03-11 20:51:25,900 [SIM] search_track(Eric Thomas|MAGIC SCHOOL BUS) -> 0 results
2026-03-11 20:51:25,900 [SIM] search_track(Eric Thomas|MIDNIGHT REIGN) -> 0 results
2026-03-11 20:51:25,900 [SIM] search_track(Eric Thomas|SOMETHING GOOD) -> 0 results
2026-03-11 20:51:25,901 [SIM] search_track(Eric Thomas|THE CLASSIC) -> 0 results
2026-03-11 20:51:25,901 [SIM] search_track(Eric Thomas|THE FLU) -> 0 results
2026-03-11 20:51:25,901 [SIM] search_track(Eric Thomas|TWENTY FOUR) -> 0 results
2026-03-11 20:51:25,901 [SIM] search_track(Eric Thomas|WORK HARD) -> 0 results
2026-03-11 20:51:25,901 [SIM] search_track(Eric Thomas|Charge) -> 0 results
2026-03-11 20:51:25,901 [SIM] search_track(Eric Thomas|Dig) -> 0 results
2026-03-11 20:51:25,901 [SIM] search_track(Eric Thomas|Evaluate) -> 0 results
2026-03-11 20:51:25,946 [SIM] search_track(Eric Thomas|Focus) -> 0 results
2026-03-11 20:51:25,946 [SIM] search_track(Eric Thomas|Rebel) -> 0 results
2026-03-11 20:51:25,946 [SIM] search_track(Eric Thomas|Rehab) -> 0 results
2026-03-11 20:51:25,946 [SIM] search_track(Eric Thomas|Sacrifice) -> 0 results
2026-03-11 20:51:25,946 [SIM] search_track(Eric Thomas|Separate) -> 0 results
2026-03-11 20:51:25,946 [SIM] search_track(Eric Thomas|5-6 Miles) -> 0 results
2026-03-11 20:51:25,946 [SIM] search_track(Eric Thomas|8 Pack (Interlude)) -> 0 results
2026-03-11 20:51:25,946 [SIM] search_track(Eric Thomas|Can't Take No) -> 0 results
2026-03-11 20:51:25,946 [SIM] search_track(Eric Thomas|Compete) -> 0 results
2026-03-11 20:51:25,947 [SIM] search_track(Eric Thomas|Dominate) -> 0 results
2026-03-11 20:51:25,947 [SIM] search_track(Eric Thomas|Dream (Intro)) -> 0 results
2026-03-11 20:51:25,947 [SIM] search_track(Eric Thomas|I Got That Dawg (Remix)) -> 0 results
2026-03-11 20:51:25,947 [SIM] search_track(Eric Thomas|I Got That Dawg) -> 0 results
2026-03-11 20:51:25,947 [SIM] search_track(Eric Thomas|I Work Hard) -> 0 results
2026-03-11 20:51:25,947 [SIM] search_track(Eric Thomas|I'm On Everything) -> 0 results
2026-03-11 20:51:25,947 [SIM] search_track(Eric Thomas|Power) -> 0 results
2026-03-11 20:51:25,947 [SIM] search_track(Eric Thomas|Stay Ready) -> 0 results
2026-03-11 20:51:25,947 [SIM] search_track(Eric Thomas|Year of the Grind) -> 0 results
2026-03-11 20:51:25,947 [SIM] search_track(Framed_ Physique|Blueprint to Success (ET)) -> 0 results
2026-03-11 20:51:25,947 [SIM] search_track(Framed_ Physique|False Evidence Appearing Real (Les Brown)) -> 0 results
2026-03-11 20:51:25,947 [SIM] search_track(Framed_ Physique|House of Champions (ET)) -> 0 results
2026-03-11 20:51:25,947 [SIM] search_track(Framed_ Physique|I Can Do Anything (CT Fletcher)) -> 0 results
2026-03-11 20:51:25,947 [SIM] search_track(Framed_ Physique|Keep Going (Arnold S)) -> 0 results
2026-03-11 20:51:25,947 [SIM] search_track(Framed_ Physique|Live Your Dreams (Les Brown)) -> 0 results
2026-03-11 20:51:25,947 [SIM] search_track(Framed_ Physique|Powerful Success (ET)) -> 0 results
2026-03-11 20:51:25,977 [SIM] search_track(Framed_ Physique|Resolution to Succeed (Tony Robbins)) -> 0 results
2026-03-11 20:51:25,977 [SIM] search_track(Framed_ Physique|Ruthless (CT Fletcher)) -> 0 results
2026-03-11 20:51:25,977 [SIM] search_track(Inky Johnson|Commas & Periods) -> 0 results
2026-03-11 20:51:25,977 [SIM] search_track(Inky Johnson|Commitment) -> 0 results
2026-03-11 20:51:25,977 [SIM] search_track(Inky Johnson|Do What Others Don't) -> 0 results
2026-03-11 20:51:25,977 [SIM] search_track(Inky Johnson|Leadership Is Going First) -> 0 results
2026-03-11 20:51:25,977 [SIM] search_track(Inky Johnson|Life Will Pay You) -> 0 results
2026-03-11 20:51:25,977 [SIM] search_track(Inky Johnson|Stay Faithful) -> 0 results
2026-03-11 20:51:25,977 [SIM] search_track(Inky Johnson|Take a Risk) -> 0 results
2026-03-11 20:51:25,977 [SIM] search_track(Inky Johnson|Tortoise & Hare) -> 0 results
2026-03-11 20:51:25,977 [SIM] search_track(Inky Johnson|Victim of Your Talent) -> 0 results
2026-03-11 20:51:25,977 [SIM] search_track(Inky Johnson|You Become What You Feed) -> 0 results
2026-03-11 20:51:25,978 [SIM] search_track(Jim Rohn|A Woman's Instinct) -> 0 results
2026-03-11 20:51:25,978 [SIM] search_track(Jim Rohn|Battle Of The Mind) -> 0 results
2026-03-11 20:51:25,978 [SIM] search_track(Jim Rohn|Build On The Rock) -> 0 results
2026-03-11 20:51:25,978 [SIM] search_track(Jim Rohn|Design An Extraordinary Life) -> 0 results
2026-03-11 20:51:25,978 [SIM] search_track(Jim Rohn|Developing Your Ability) -> 0 results
2026-03-11 20:51:25,978 [SIM] search_track(Jim Rohn|Faith To Believe) -> 0 results
2026-03-11 20:51:25,978 [SIM] search_track(Jim Rohn|Find A Way To Serve) -> 0 results
2026-03-11 20:51:25,978 [SIM] search_track(Jim Rohn|Help People Get What They Want) -> 0 results
2026-03-11 20:51:25,978 [SIM] search_track(Jim Rohn|Ideas and Imagination) -> 0 results
2026-03-11 20:51:25,978 [SIM] search_track(Jim Rohn|Imagine the Possibilities 1) -> 0 results
2026-03-11 20:51:25,978 [SIM] search_track(Jim Rohn|Imagine the Possibilities 2) -> 0 results
2026-03-11 20:51:25,978 [SIM] search_track(Jim Rohn|Incredible Ideas) -> 0 results
2026-03-11 20:51:25,978 [SIM] search_track(Jim Rohn|Is That Possible) -> 0 results
2026-03-11 20:51:26,009 [SIM] search_track(Jim Rohn|Lesson of the Seasons) -> 0 results
2026-03-11 20:51:26,010 [SIM] search_track(Jim Rohn|Meaningful Ideas 1) -> 0 results
2026-03-11 20:51:26,010 [SIM] search_track(Jim Rohn|Meaningful Ideas 2) -> 0 results
2026-03-11 20:51:26,010 [SIM] search_track(Jim Rohn|Opposites in Conflict 1) -> 0 results
2026-03-11 20:51:26,010 [SIM] search_track(Jim Rohn|Opposites in Conflict 2) -> 0 results
2026-03-11 20:51:26,010 [SIM] search_track(Jim Rohn|Search for Good Ideas) -> 0 results
2026-03-11 20:51:26,010 [SIM] search_track(Jim Rohn|Season of Harvest) -> 0 results
2026-03-11 20:51:26,010 [SIM] search_track(Jim Rohn|Seize Opportunity Quickly 1) -> 0 results
2026-03-11 20:51:26,010 [SIM] search_track(Jim Rohn|Seize Opportunity Quickly 2) -> 0 results
2026-03-11 20:51:26,010 [SIM] search_track(Jim Rohn|Solving Problems) -> 0 results
2026-03-11 20:51:26,010 [SIM] search_track(Jim Rohn|Start The Search) -> 0 results
2026-03-11 20:51:26,010 [SIM] search_track(Jim Rohn|Tell Somebody Something Good) -> 0 results
2026-03-11 20:51:26,010 [SIM] search_track(Jim Rohn|The Day That Changes Your Life) -> 0 results
2026-03-11 20:51:26,010 [SIM] search_track(Jim Rohn|The Girls Scout Story 1) -> 0 results
2026-03-11 20:51:26,010 [SIM] search_track(Jim Rohn|The Girls Scout Story 2) -> 0 results
2026-03-11 20:51:26,010 [SIM] search_track(Jim Rohn|The Law of Faith) -> 0 results
2026-03-11 20:51:26,010 [SIM] search_track(Jim Rohn|The Season Of Summer) -> 0 results
2026-03-11 20:51:26,010 [SIM] search_track(Jim Rohn|The Work Of Summer) -> 0 results
2026-03-11 20:51:26,010 [SIM] search_track(Jim Rohn|Think High Activity) -> 0 results
2026-03-11 20:51:26,011 [SIM] search_track(Jim Rohn|Walk Away!) -> 0 results
2026-03-11 20:51:26,011 [SIM] search_track(Jim Rohn|What Are The Keys) -> 0 results
2026-03-11 20:51:26,011 [SIM] search_track(Jim Rohn|Wolves and Thieves) -> 0 results
2026-03-11 20:51:26,011 [SIM] search_track(Les Brown|5 Reasons Why) -> 0 results
2026-03-11 20:51:26,011 [SIM] search_track(Les Brown|Be Unstoppable Mr Brown) -> 0 results
2026-03-11 20:51:26,011 [SIM] search_track(Les Brown|Detoxify Your Life) -> 0 results
2026-03-11 20:51:26,043 [SIM] search_track(Les Brown|I'm Your Love Man) -> 0 results
2026-03-11 20:51:26,044 [SIM] search_track(Les Brown|It's Hard - Ask for Help) -> 0 results
2026-03-11 20:51:26,044 [SIM] search_track(Les Brown|Kick it up a Notch) -> 0 results
2026-03-11 20:51:26,044 [SIM] search_track(Les Brown|Live Your Dreams) -> 0 results
2026-03-11 20:51:26,044 [SIM] search_track(Les Brown|People Moan And Groan) -> 0 results
2026-03-11 20:51:26,044 [SIM] search_track(Les Brown|Somebody Believes in You) -> 0 results
2026-03-11 20:51:26,044 [SIM] search_track(Les Brown|Someones Opinion of You) -> 0 results
2026-03-11 20:51:26,044 [SIM] search_track(Les Brown|Stretch Yourself) -> 0 results
2026-03-11 20:51:26,044 [SIM] search_track(Les Brown|Take Some Chances) -> 0 results
2026-03-11 20:51:26,044 [SIM] search_track(Les Brown|Watch Who Speaks into You) -> 0 results
2026-03-11 20:51:26,044 [SIM] search_track(Les Brown|What Do You Come With?) -> 0 results
2026-03-11 20:51:26,044 [SIM] search_track(Les Brown|What You Leave in your Children) -> 0 results
2026-03-11 20:51:26,044 [SIM] search_track(Les Brown|Work On Yourself) -> 0 results
2026-03-11 20:51:26,044 [SIM] search_track(Les Brown|You Can Do More) -> 0 results
2026-03-11 20:51:26,045 [SIM] search_track(Les Brown|You Have Something Special) -> 0 results
2026-03-11 20:51:26,045 [SIM] search_track(Les Brown|You've Got To Be Hungry) -> 0 results
2026-03-11 20:51:26,045 [SIM] search_track(Les Brown|Your Network = Your Networth) -> 0 results
2026-03-11 20:51:26,045 [SIM] search_track(Loot Bryon Smith|Earthquake) -> 0 results
2026-03-11 20:51:26,045 [SIM] search_track(Loot Bryon Smith|I'm Winning) -> 0 results
2026-03-11 20:51:26,045 [SIM] search_track(Loot Bryon Smith|Limitless) -> 0 results
2026-03-11 20:51:26,045 [SIM] search_track(Loot Bryon Smith|I Am Changing) -> 0 results
2026-03-11 20:51:26,045 [SIM] search_track(Loot Bryon Smith|Im Feeling Like) -> 0 results
2026-03-11 20:51:26,045 [SIM] search_track(Loot Bryon Smith|Let It Go) -> 0 results
2026-03-11 20:51:26,045 [SIM] search_track(Loot Bryon Smith|Luminosity) -> 0 results
2026-03-11 20:51:26,045 [SIM] search_track(Loot Bryon Smith|Solitude) -> 0 results
2026-03-11 20:51:26,080 [SIM] search_track(Loot Bryon Smith|Transformational Butterfly) -> 0 results
2026-03-11 20:51:26,080 [SIM] search_track(Loot Bryon Smith|Imagination) -> 0 results
2026-03-11 20:51:26,080 [SIM] search_track(Loot Bryon Smith|Motivate) -> 0 results
2026-03-11 20:51:26,080 [SIM] search_track(Loot Bryon Smith|Success) -> 0 results
2026-03-11 20:51:26,080 [SIM] search_track(Loot Bryon Smith|On Point) -> 0 results
2026-03-11 20:51:26,080 [SIM] search_track(Loot Bryon Smith|Polarity) -> 0 results
2026-03-11 20:51:26,080 [SIM] search_track(Loot Bryon Smith|Awaken) -> 0 results
2026-03-11 20:51:26,080 [SIM] search_track(Loot Bryon Smith|Bluetooth) -> 0 results
2026-03-11 20:51:26,080 [SIM] search_track(Loot Bryon Smith|Celtics Fan) -> 0 results
2026-03-11 20:51:26,080 [SIM] search_track(Loot Bryon Smith|Coming Back) -> 0 results
2026-03-11 20:51:26,080 [SIM] search_track(Loot Bryon Smith|Embrace The Process) -> 0 results
2026-03-11 20:51:26,080 [SIM] search_track(Loot Bryon Smith|Like This) -> 0 results
2026-03-11 20:51:26,081 [SIM] search_track(Loot Bryon Smith|Run It Up) -> 0 results
2026-03-11 20:51:26,081 [SIM] search_track(Loot Bryon Smith|Superstar) -> 0 results
2026-03-11 20:51:26,081 [SIM] search_track(Loot Bryon Smith|That's Lit) -> 0 results
2026-03-11 20:51:26,081 [SIM] search_track(Loot Bryon Smith|WorkingOnMyself) -> 0 results
2026-03-11 20:51:26,081 [SIM] search_track(Loot Bryon Smith|You Rockn' With Loot Bryon Smith) -> 0 results
2026-03-11 20:51:26,081 [SIM] search_track(Loot Bryon Smith|3rd Eye) -> 0 results
2026-03-11 20:51:26,081 [SIM] search_track(Loot Bryon Smith|I Love Who You Are) -> 0 results
2026-03-11 20:51:26,081 [SIM] search_track(Loot Bryon Smith|I Read Books) -> 0 results
2026-03-11 20:51:26,081 [SIM] search_track(Loot Bryon Smith|Leave Your Past behind) -> 0 results
2026-03-11 20:51:26,081 [SIM] search_track(Loot Bryon Smith|My Life Is Abundant) -> 0 results
2026-03-11 20:51:26,081 [SIM] search_track(Loot Bryon Smith|Optimism) -> 0 results
2026-03-11 20:51:26,081 [SIM] search_track(Loot Bryon Smith|Somethin Somethin) -> 0 results
2026-03-11 20:51:26,081 [SIM] search_track(Loot Bryon Smith|Strength) -> 0 results
2026-03-11 20:51:26,112 [SIM] search_track(Loot Bryon Smith|Truth) -> 0 results
2026-03-11 20:51:26,113 [SIM] search_track(Loot Bryon Smith|Vibration) -> 0 results
2026-03-11 20:51:26,113 [SIM] search_track(Loot Bryon Smith|Antigua) -> 0 results
2026-03-11 20:51:26,113 [SIM] search_track(Loot Bryon Smith|Aryana) -> 0 results
2026-03-11 20:51:26,113 [SIM] search_track(Loot Bryon Smith|Fashion Week) -> 0 results
2026-03-11 20:51:26,113 [SIM] search_track(Loot Bryon Smith|Forgiveness) -> 0 results
2026-03-11 20:51:26,113 [SIM] search_track(Loot Bryon Smith|I Am The Greatest) -> 0 results
2026-03-11 20:51:26,113 [SIM] search_track(Loot Bryon Smith|I Feel Great) -> 0 results
2026-03-11 20:51:26,113 [SIM] search_track(Loot Bryon Smith|Is It Worth It) -> 0 results
2026-03-11 20:51:26,113 [SIM] search_track(Loot Bryon Smith|Let's Get It Done) -> 0 results
2026-03-11 20:51:26,113 [SIM] search_track(Loot Bryon Smith|Love Yourself) -> 0 results
2026-03-11 20:51:26,113 [SIM] search_track(Loot Bryon Smith|Phases) -> 0 results
2026-03-11 20:51:26,113 [SIM] search_track(Loot Bryon Smith|Programming) -> 0 results
2026-03-11 20:51:26,113 [SIM] search_track(Loot Bryon Smith|Pull Away) -> 0 results
2026-03-11 20:51:26,114 [SIM] search_track(Loot Bryon Smith|Question?) -> 0 results
2026-03-11 20:51:26,114 [SIM] search_track(Loot Bryon Smith|Sangria) -> 0 results
2026-03-11 20:51:26,114 [SIM] search_track(Loot Bryon Smith|She Wants To Dance) -> 0 results
2026-03-11 20:51:26,114 [SIM] search_track(Loot Bryon Smith|Smile) -> 0 results
2026-03-11 20:51:26,114 [SIM] search_track(Loot Bryon Smith|Stay Awhile (Remastered 2022)) -> 0 results
2026-03-11 20:51:26,114 [SIM] search_track(Loot Bryon Smith|Therapeutic) -> 0 results
2026-03-11 20:51:26,114 [SIM] search_track(Loot Bryon Smith|Transformational Coach Clifford Starks) -> 0 results
2026-03-11 20:51:26,114 [SIM] search_track(Loot Bryon Smith|U On My List) -> 0 results
2026-03-11 20:51:26,114 [SIM] search_track(Loot Bryon Smith|Champion) -> 0 results
2026-03-11 20:51:26,114 [SIM] search_track(Loot Bryon Smith|Change your Thoughts) -> 0 results
2026-03-11 20:51:26,114 [SIM] search_track(Loot Bryon Smith|Change) -> 0 results
2026-03-11 20:51:26,146 [SIM] search_track(Loot Bryon Smith|Gratitude) -> 0 results
2026-03-11 20:51:26,146 [SIM] search_track(Loot Bryon Smith|Healing) -> 0 results
2026-03-11 20:51:26,146 [SIM] search_track(Loot Bryon Smith|I Choose Happiness) -> 0 results
2026-03-11 20:51:26,146 [SIM] search_track(Loot Bryon Smith|Law of Attraction) -> 0 results
2026-03-11 20:51:26,146 [SIM] search_track(Loot Bryon Smith|Love) -> 0 results
2026-03-11 20:51:26,146 [SIM] search_track(Loot Bryon Smith|My Inner Voice) -> 0 results
2026-03-11 20:51:26,146 [SIM] search_track(Loot Bryon Smith|My Intention) -> 0 results
2026-03-11 20:51:26,146 [SIM] search_track(Loot Bryon Smith|Nothing Can Stop Me) -> 0 results
2026-03-11 20:51:26,146 [SIM] search_track(Loot Bryon Smith|Positive Affirmations) -> 0 results
2026-03-11 20:51:26,146 [SIM] search_track(Loot Bryon Smith|Positivity) -> 0 results
2026-03-11 20:51:26,146 [SIM] search_track(Loot Bryon Smith|Self Empowerment) -> 0 results
2026-03-11 20:51:26,147 [SIM] search_track(Loot Bryon Smith|Silence & Stillness) -> 0 results
2026-03-11 20:51:26,147 [SIM] search_track(Loot Bryon Smith|Soul of the Universe) -> 0 results
2026-03-11 20:51:26,147 [SIM] search_track(Loot Bryon Smith|The Power of I Am) -> 0 results
2026-03-11 20:51:26,147 [SIM] search_track(Loot Bryon Smith|Visualize) -> 0 results
2026-03-11 20:51:26,147 [SIM] search_track(Loot Bryon Smith|You Are Everything) -> 0 results
2026-03-11 20:51:26,147 [SIM] search_track(Michele Blood|Greet This Day) -> 0 results
2026-03-11 20:51:26,147 [SIM] search_track(Michele Blood|I Am A Magnet To Money) -> 0 results
2026-03-11 20:51:26,147 [SIM] search_track(Michele Blood|I Am Energy) -> 0 results
2026-03-11 20:51:26,147 [SIM] search_track(Michele Blood|Time Is Mine) -> 0 results
2026-03-11 20:51:26,147 [SIM] search_track(Adi Goldstein|The Unspeakable World) -> 0 results
2026-03-11 20:51:26,147 [SIM] search_track(Billy Alsbrooks|Anthem for the Overcomer) -> 0 results
2026-03-11 20:51:26,147 [SIM] search_track(Bo Westcott|Thankyou Thankyou) -> 0 results
2026-03-11 20:51:26,147 [SIM] search_track(Eric Thomas|This Is Why I Grind) -> 0 results
2026-03-11 20:51:26,147 [SIM] search_track(Gavinci|One and Only) -> 0 results
2026-03-11 20:51:26,181 [SIM] search_track(George Carlin|A Modern Man (Custom Remix)) -> 0 results
2026-03-11 20:51:26,182 [SIM] search_track(Jai Johnson|Prosperity) -> 0 results
2026-03-11 20:51:26,182 [SIM] search_track(Keaira LaShae|I'm So Proud) -> 0 results
2026-03-11 20:51:26,182 [SIM] search_track(Les Brown|The Greatest Fighter) -> 0 results
2026-03-11 20:51:26,182 [SIM] search_track(Room2Breathe|Rich AF) -> 0 results
2026-03-11 20:51:26,182 [SIM] search_track(Success|Millionare Mind) -> 0 results
2026-03-11 20:51:26,182 [SIM] search_track(Success|Wealthy, Healthy, Happy, Loved and Rich) -> 0 results
2026-03-11 20:51:26,182 [SIM] search_track(Tweeze|Gripping Art) -> 0 results
2026-03-11 20:51:26,182 [SIM] search_track(Tweeze|Lucid Dreams) -> 0 results
2026-03-11 20:51:26,182 [SIM] search_track(Paul Santisi|Believe) -> 0 results
2026-03-11 20:51:26,182 [SIM] search_track(Paul Santisi|Dial Into Source) -> 0 results
2026-03-11 20:51:26,182 [SIM] search_track(Paul Santisi|It's Your Time) -> 0 results
2026-03-11 20:51:26,183 [SIM] search_track(Paul Santisi|It's Your World) -> 0 results
2026-03-11 20:51:26,183 [SIM] search_track(Paul Santisi|The Message) -> 0 results
2026-03-11 20:51:26,183 [SIM] search_track(Paul Santisi|Wake Up) -> 0 results
2026-03-11 20:51:26,183 [SIM] search_track(Bob Proctor|Heaven's First Law) -> 0 results
2026-03-11 20:51:26,183 [SIM] search_track(Bob Proctor|Let It Flow) -> 0 results
2026-03-11 20:51:26,183 [SIM] search_track(Bob Proctor|See It, Do It) -> 0 results
2026-03-11 20:51:26,183 [SIM] search_track(Bob Proctor|The Creative Process) -> 0 results
2026-03-11 20:51:26,183 [SIM] search_track(Bob Proctor|We Become What We Think About) -> 0 results
2026-03-11 20:51:26,183 [SIM] search_track(Earl Nightingale|Act The Part) -> 0 results
2026-03-11 20:51:26,183 [SIM] search_track(50 Cent|Hustle Hard) -> 0 results
2026-03-11 20:51:26,183 [SIM] search_track(Abraham Hicks|Feel Good Now) -> 0 results
2026-03-11 20:51:26,183 [SIM] search_track(Big Sean|Manifest) -> 0 results
2026-03-11 20:51:26,183 [SIM] search_track(Bob Proctor|Mind Over Money) -> 0 results
2026-03-11 20:51:26,215 [SIM] search_track(Connor McGregor|Prove Them Wrong) -> 0 results
2026-03-11 20:51:26,215 [SIM] search_track(Eric Thomas|Allergic To Average) -> 0 results
2026-03-11 20:51:26,215 [SIM] search_track(Gary Vaynerchuk|Work) -> 0 results
2026-03-11 20:51:26,215 [SIM] search_track(Grant Cardone|Obsessed) -> 0 results
2026-03-11 20:51:26,215 [SIM] search_track(Jay-Z|Self Made) -> 0 results
2026-03-11 20:51:26,215 [SIM] search_track(Jim Rohn|Ask & Receive) -> 0 results
2026-03-11 20:51:26,215 [SIM] search_track(Joe Rogan|Hero) -> 0 results
2026-03-11 20:51:26,216 [SIM] search_track(Kanye West|Greatness) -> 0 results
2026-03-11 20:51:26,216 [SIM] search_track(Les Brown|Dreamers) -> 0 results
2026-03-11 20:51:26,216 [SIM] search_track(Les Brown|Money, Wealth & Success) -> 0 results
2026-03-11 20:51:26,216 [SIM] search_track(Nipsey Hussle|Marathon) -> 0 results
2026-03-11 20:51:26,216 [SIM] search_track(Rick Ross|Boss Mindset) -> 0 results
2026-03-11 20:51:26,216 [SIM] search_track(Tony Robbins|Mastery) -> 0 results
2026-03-11 20:51:26,216 [SIM] search_track(Will Smith|Believe) -> 0 results
2026-03-11 20:51:26,216 [SIM] search_track(FictionJunction YUUKA|Silly-Go-Round) -> 0 results
2026-03-11 20:51:26,216 [SIM] search_track(Class 3-E Song Unit|Savage Youth Theory) -> 0 results
2026-03-11 20:51:26,216 [SIM] search_track(UVERworld|Core Pride) -> 0 results
2026-03-11 20:51:26,216 [SIM] search_track(Chata|Great Dango Family) -> 0 results
2026-03-11 20:51:26,216 [SIM] search_track(Marcus Hall|Step Into the Grand Tour) -> 0 results
2026-03-11 20:51:26,216 [SIM] search_track(Keina Suda|veil) -> 0 results
2026-03-11 20:51:26,216 [SIM] search_track(Lil'B|Held Hands) -> 0 results
2026-03-11 20:51:26,216 [SIM] search_track(SID|Lie) -> 0 results
2026-03-11 20:51:26,216 [SIM] search_track(Yui|Again) -> 0 results
2026-03-11 20:51:26,217 [SIM] search_track(Naomi Tamura|Unshaken Love) -> 0 results
2026-03-11 20:51:26,217 [SIM] search_track(Otoha|One-Second Refrain) -> 0 results
2026-03-11 20:51:26,247 [SIM] search_track(Pierrot|Rose-Colored World) -> 0 results
2026-03-11 20:51:26,247 [SIM] search_track(Spyair|Imagination) -> 0 results
2026-03-11 20:51:26,247 [SIM] search_track(Galneryus|HUNTING FOR YOUR DREAM) -> 0 results
2026-03-11 20:51:26,247 [SIM] search_track(Masatoshi Ono|Departure!) -> 0 results
2026-03-11 20:51:26,247 [SIM] search_track(Hanae|God of Gods) -> 0 results
2026-03-11 20:51:26,247 [SIM] search_track(Hanae|Nice to Meet You, God) -> 0 results
2026-03-11 20:51:26,247 [SIM] search_track(Man With A Mission|Database) -> 0 results
2026-03-11 20:51:26,247 [SIM] search_track(Yun*chi|Your Song*) -> 0 results
2026-03-11 20:51:26,248 [SIM] search_track(Heidi|Loop) -> 0 results
2026-03-11 20:51:26,248 [SIM] search_track(Mizuno Saaya|My Secret) -> 0 results
2026-03-11 20:51:26,248 [SIM] search_track(amazarashi|Singing in the Sky) -> 0 results
2026-03-11 20:51:26,248 [SIM] search_track(KANA-BOON|Starmarker) -> 0 results
2026-03-11 20:51:26,248 [SIM] search_track(Kenshi Yonezu|Peace Sign) -> 0 results
2026-03-11 20:51:26,248 [SIM] search_track(Man With A Mission|Merry-Go-Round) -> 0 results
2026-03-11 20:51:26,248 [SIM] search_track(Pontus Hultgren|You Say Run) -> 0 results
2026-03-11 20:51:26,248 [SIM] search_track(Porno Graffitti|The Day) -> 0 results
2026-03-11 20:51:26,248 [SIM] search_track(Nightmare|DIRTY) -> 0 results
2026-03-11 20:51:26,248 [SIM] search_track(Ninja Robots|Ninja Robots Theme) -> 0 results
2026-03-11 20:51:26,248 [SIM] search_track(Hiroko Moriguchi|I'll Find You Sooner than the Stars) -> 0 results
2026-03-11 20:51:26,248 [SIM] search_track(JAM Project|The Hero!) -> 0 results
2026-03-11 20:51:26,248 [SIM] search_track(Susumu Hirasawa|A Drop Filled with Memories) -> 0 results
2026-03-11 20:51:26,248 [SIM] search_track(Susumu Hirasawa|Mediational Field) -> 0 results
2026-03-11 20:51:26,248 [SIM] search_track(Susumu Hirasawa|Parade) -> 0 results
2026-03-11 20:51:26,248 [SIM] search_track(Susumu Hirasawa|The Girl in Byakkoya) -> 0 results
2026-03-11 20:51:26,249 [SIM] search_track(Pokémon|Gotta Catch 'em All) -> 0 results
2026-03-11 20:51:26,281 [SIM] search_track(EGOIST|Monster Without a Name) -> 0 results
2026-03-11 20:51:26,282 [SIM] search_track(Ling Tosite Sigure|Abnormalize) -> 0 results
2026-03-11 20:51:26,282 [SIM] search_track(Yui Horie|Scramble) -> 0 results
2026-03-11 20:51:26,283 [SIM] search_track(Joseph Garrity|Gotta Go Fast) -> 0 results
2026-03-11 20:51:26,283 [SIM] search_track(Mindaryn|Like Flames) -> 0 results
2026-03-11 20:51:26,283 [SIM] search_track(Takuma Terashima|Reincarnate) -> 0 results
2026-03-11 20:51:26,283 [SIM] search_track(CIX|WIN) -> 0 results
2026-03-11 20:51:26,283 [SIM] search_track(Akihito Okano|Let There Be Light) -> 0 results
2026-03-11 20:51:26,284 [SIM] search_track(SawanoHiroyuki[nZk]:ReoNa|time) -> 0 results
2026-03-11 20:51:26,284 [SIM] search_track(Sora Amamiya|Eternal Aria) -> 0 results
2026-03-11 20:51:26,284 [SIM] search_track(UVERworld|NAMELY) -> 0 results
2026-03-11 20:51:26,284 [SIM] search_track([iksi:d]|Hey You!!) -> 0 results
2026-03-11 20:51:26,284 [SIM] search_track([iksi:d]|Passion) -> 0 results
2026-03-11 20:51:26,284 [SIM] search_track(Don Toliver|Givin' Up (Not The One)) -> 0 results
2026-03-11 20:51:26,284 [SIM] search_track(EI8HT|Silk and Cologne) -> 0 results
2026-03-11 20:51:26,284 [SIM] search_track(Metro Boomin|Am I Dreaming) -> 0 results
2026-03-11 20:51:26,284 [SIM] search_track(Metro Boomin|Self Love) -> 0 results
2026-03-11 20:51:26,284 [SIM] search_track(Metro Boomin|Home) -> 0 results
2026-03-11 20:51:26,284 [SIM] search_track(Metro Boomin|Link Up) -> 0 results
2026-03-11 20:51:26,284 [SIM] search_track(Metro Boomin|All The Way Live) -> 0 results
2026-03-11 20:51:26,284 [SIM] search_track(Metro Boomin|Hummingbird) -> 0 results
2026-03-11 20:51:26,284 [SIM] search_track(Metro Boomin|Nonviolent Communication) -> 0 results
2026-03-11 20:51:26,284 [SIM] search_track(Metro Boomin|Nas Morales) -> 0 results
2026-03-11 20:51:26,315 [SIM] search_track(Metro Boomin|Annihilate) -> 0 results
2026-03-11 20:51:26,315 [SIM] search_track(Metro Boomin|Calling) -> 0 results
2026-03-11 20:51:26,315 [SIM] search_track(Offset|Danger (Spider)) -> 0 results
2026-03-11 20:51:26,315 [SIM] search_track(Huey Lewis & The News|Back In Time) -> 0 results
2026-03-11 20:51:26,316 [SIM] search_track(Huey Lewis & The News|The Power Of Love) -> 0 results
2026-03-11 20:51:26,316 [SIM] search_track(Marvin Berry|Earth Angel) -> 0 results
2026-03-11 20:51:26,316 [SIM] search_track(Lorne Balfe|Bad Boys for Life) -> 0 results
2026-03-11 20:51:26,316 [SIM] search_track(Sheryl Crow|Here Comes the Sun) -> 0 results
2026-03-11 20:51:26,316 [SIM] search_track(Coolio|Rollin' With My Homies) -> 0 results
2026-03-11 20:51:26,316 [SIM] search_track(Supergrass|Alright) -> 0 results
2026-03-11 20:51:26,316 [SIM] search_track(The Muffs|Kids In America) -> 0 results
2026-03-11 20:51:26,316 [SIM] search_track(Cool Runnings|Jamaican Bobsled Team) -> 0 results
2026-03-11 20:51:26,316 [SIM] search_track(Lock, Stock and Barrel|Rise Above It) -> 0 results
2026-03-11 20:51:26,316 [SIM] search_track(Despicable Me|The Unicorn Song) -> 0 results
2026-03-11 20:51:26,316 [SIM] search_track(Jessica Darrow|Surface Pressure) -> 0 results
2026-03-11 20:51:26,316 [SIM] search_track(Ray Parker, Jr.|Ghostbusters) -> 0 results
2026-03-11 20:51:26,316 [SIM] search_track(John Travolta|Summer Nights) -> 0 results
2026-03-11 20:51:26,316 [SIM] search_track(Sha-Na-Na|Hound Dog) -> 0 results
2026-03-11 20:51:26,316 [SIM] search_track(Danzig|Thirteen) -> 0 results
2026-03-11 20:51:26,316 [SIM] search_track(Ed Helms|Stu's Song) -> 0 results
2026-03-11 20:51:26,316 [SIM] search_track(The Belle Stars|Iko Iko) -> 0 results
2026-03-11 20:51:26,316 [SIM] search_track(The Cramps|Fever) -> 0 results
2026-03-11 20:51:26,316 [SIM] search_track(The Donnas|Take It Off) -> 0 results
2026-03-11 20:51:26,317 [SIM] search_track(Zach Galifianakis|Three Best Friends) -> 0 results
2026-03-11 20:51:26,317 [SIM] search_track(Chad|I Don't Dance) -> 0 results
2026-03-11 20:51:26,345 [SIM] search_track(High School Musical Cast|Stick to the Status Quo) -> 0 results
2026-03-11 20:51:26,345 [SIM] search_track(High School Musical Cast|We're All In This Together) -> 0 results
2026-03-11 20:51:26,345 [SIM] search_track(Troy|Bet On It) -> 0 results
2026-03-11 20:51:26,345 [SIM] search_track(Troy|Get'cha Head In The Game) -> 0 results
2026-03-11 20:51:26,345 [SIM] search_track(Troy|Everyday) -> 0 results
2026-03-11 20:51:26,345 [SIM] search_track(Troy|You Are the Music in Me) -> 0 results
2026-03-11 20:51:26,345 [SIM] search_track(Zac Efron|What Time Is It) -> 0 results
2026-03-11 20:51:26,345 [SIM] search_track(HUNTR|Golden) -> 0 results
2026-03-11 20:51:26,346 [SIM] search_track(HUNTR|Takedown) -> 0 results
2026-03-11 20:51:26,346 [SIM] search_track(HUNTR|What It Sounds Like) -> 0 results
2026-03-11 20:51:26,346 [SIM] search_track(Rumi|Free) -> 0 results
2026-03-11 20:51:26,346 [SIM] search_track(Saja Boys|Soda Pop) -> 0 results
2026-03-11 20:51:26,346 [SIM] search_track(Cee-Lo|Kung Fu Fighting) -> 0 results
2026-03-11 20:51:26,346 [SIM] search_track(Hans Zimmer|Oogway Ascends) -> 0 results
2026-03-11 20:51:26,346 [SIM] search_track(Mary Poppins OST|A British Bank) -> 0 results
2026-03-11 20:51:26,346 [SIM] search_track(Mary Poppins OST|A Man Has Dreams) -> 0 results
2026-03-11 20:51:26,346 [SIM] search_track(Mary Poppins OST|A Spoonful of Sugar) -> 0 results
2026-03-11 20:51:26,346 [SIM] search_track(Mary Poppins OST|Chim Chim Cher-ee) -> 0 results
2026-03-11 20:51:26,346 [SIM] search_track(Mary Poppins OST|Feed the Birds) -> 0 results
2026-03-11 20:51:26,346 [SIM] search_track(Mary Poppins OST|I Love to Laugh) -> 0 results
2026-03-11 20:51:26,346 [SIM] search_track(Mary Poppins OST|Jolly Holiday) -> 0 results
2026-03-11 20:51:26,346 [SIM] search_track(Mary Poppins OST|Let's Go Fly a Kite) -> 0 results
2026-03-11 20:51:26,346 [SIM] search_track(Mary Poppins OST|Pavement Artist) -> 0 results
2026-03-11 20:51:26,347 [SIM] search_track(Mary Poppins OST|Sister Suffragette) -> 0 results
2026-03-11 20:51:26,347 [SIM] search_track(Mary Poppins OST|Supercalifragilisticexpialidocious) -> 0 results
2026-03-11 20:51:26,376 [SIM] search_track(Mary Poppins OST|The Life I Lead) -> 0 results
2026-03-11 20:51:26,376 [SIM] search_track(Mary Poppins OST|The Perfect Nanny) -> 0 results
2026-03-11 20:51:26,376 [SIM] search_track(Nativity 2 OST|Born in the Hay) -> 0 results
2026-03-11 20:51:26,376 [SIM] search_track(Nativity 2 OST|Yes We Can) -> 0 results
2026-03-11 20:51:26,376 [SIM] search_track(Alison Krauss|Down To The River To Pray) -> 0 results
2026-03-11 20:51:26,376 [SIM] search_track(Chris Thomas King|Hard Time Killing Floor Blues) -> 0 results
2026-03-11 20:51:26,376 [SIM] search_track(Harry McClintock|Big Rock Candy Mountain) -> 0 results
2026-03-11 20:51:26,376 [SIM] search_track(James Carter and The Prisoners|Po Lazarus) -> 0 results
2026-03-11 20:51:26,376 [SIM] search_track(Norman Blake|You Are My Sunshine) -> 0 results
2026-03-11 20:51:26,376 [SIM] search_track(Ralph Stanley|O Death) -> 0 results
2026-03-11 20:51:26,376 [SIM] search_track(The Fairfield Four|Lonesome Valley) -> 0 results
2026-03-11 20:51:26,377 [SIM] search_track(The Peasall Sisters|In The Highways) -> 0 results
2026-03-11 20:51:26,377 [SIM] search_track(The Soggy Bottom Boys|I Am A Man Of Constant Sorrow) -> 0 results
2026-03-11 20:51:26,377 [SIM] search_track(The Soggy Bottom Boys|In The Jailhouse Now) -> 0 results
2026-03-11 20:51:26,377 [SIM] search_track(The Whites|Keep On The Sunny Side) -> 0 results
2026-03-11 20:51:26,377 [SIM] search_track(3 Speed|Once Bitten) -> 0 results
2026-03-11 20:51:26,377 [SIM] search_track(Ned Washington|When You Wish Upon A Star) -> 0 results
2026-03-11 20:51:26,377 [SIM] search_track(Darkness|Growing On Me) -> 0 results
2026-03-11 20:51:26,377 [SIM] search_track(Led Zeppelin|Immigrant Song) -> 0 results
2026-03-11 20:51:26,377 [SIM] search_track(No Vacancy|Heal Me, I'm Heartsick) -> 0 results
2026-03-11 20:51:26,377 [SIM] search_track(Rudy|T.V Eye) -> 0 results
2026-03-11 20:51:26,377 [SIM] search_track(School of Rock|It's A Long Way To The Top) -> 0 results
2026-03-11 20:51:26,377 [SIM] search_track(School of Rock|School Of Rock) -> 0 results
2026-03-11 20:51:26,377 [SIM] search_track(School of Rock|Those Who Can't Do) -> 0 results
2026-03-11 20:51:26,377 [SIM] search_track(Stevie Nicks|Edge Of Seventeen) -> 0 results
2026-03-11 20:51:26,403 [SIM] search_track(T-Rex|Ballrooms Of Mars) -> 0 results
2026-03-11 20:51:26,403 [SIM] search_track(The Who|Substitute) -> 0 results
2026-03-11 20:51:26,403 [SIM] search_track(The Who|Touch Me) -> 0 results
2026-03-11 20:51:26,403 [SIM] search_track(Eels|I Need Some Sleep) -> 0 results
2026-03-11 20:51:26,403 [SIM] search_track(Smash Mouth|All Star) -> 0 results
2026-03-11 20:51:26,404 [SIM] search_track(Common|Let it Lie) -> 0 results
2026-03-11 20:51:26,404 [SIM] search_track(Noah And The Whale|5 Years Time) -> 0 results
2026-03-11 20:51:26,404 [SIM] search_track(Superman Theme|Superman Theme) -> 0 results
2026-03-11 20:51:26,404 [SIM] search_track(Teddybears|Punkrocker) -> 0 results
2026-03-11 20:51:26,404 [SIM] search_track(Team America: World Police|I'm So Ronery) -> 0 results
2026-03-11 20:51:26,404 [SIM] search_track(George Fenton|Miss Shepherd's Waltz) -> 0 results
2026-03-11 20:51:26,404 [SIM] search_track(Henry Mancini|The Pink Panther Theme) -> 0 results
2026-03-11 20:51:26,404 [SIM] search_track(a-ha|Take on Me) -> 0 results
2026-03-11 20:51:26,404 [SIM] search_track(Bonnie Tyler|Holding Out for a Hero) -> 0 results
2026-03-11 20:51:26,404 [SIM] search_track(Brian Tyler|The Super Mario Brothers) -> 0 results
2026-03-11 20:51:26,404 [SIM] search_track(Electric Light Orchestra|Mr. Blue Sky) -> 0 results
2026-03-11 20:51:26,404 [SIM] search_track(Jack Black|Peaches) -> 0 results
2026-03-11 20:51:26,404 [SIM] search_track(Imperial Teen|Ivanka) -> 0 results
2026-03-11 20:51:26,404 [SIM] search_track(Orlando Brown|Pay Attention to Me) -> 0 results
2026-03-11 20:51:26,404 [SIM] search_track(Louis Armstrong|La vie en rose) -> 0 results
2026-03-11 20:51:26,404 [SIM] search_track(Michael Crawford|Put on Your Sunday Clothes) -> 0 results
2026-03-11 20:51:26,404 [SIM] search_track(Peter Gabriel|Down To Earth) -> 0 results
2026-03-11 20:51:26,404 [SIM] search_track(Borderlands TPS|CL4P-TP Song) -> 0 results
2026-03-11 20:51:26,404 [SIM] search_track(Betty Hutton|He's A Demon, He's A Devil, He's A Doll) -> 0 results
2026-03-11 20:51:26,404 [SIM] search_track(Betty Hutton|It's A Man) -> 0 results
2026-03-11 20:51:26,433 [SIM] search_track(Big Maybelle|Whole 'Lotta Shakin Goin On) -> 0 results
2026-03-11 20:51:26,434 [SIM] search_track(Billie Holiday|Crazy He Calls Me) -> 0 results
2026-03-11 20:51:26,434 [SIM] search_track(Billie Holiday|Easy Living) -> 0 results
2026-03-11 20:51:26,434 [SIM] search_track(Billy Ward|Sixty Minute Man) -> 0 results
2026-03-11 20:51:26,434 [SIM] search_track(Bing Crosby|Accentuate the Positive) -> 0 results
2026-03-11 20:51:26,434 [SIM] search_track(Bing Crosby|Dear Hearts and Gentle People) -> 0 results
2026-03-11 20:51:26,434 [SIM] search_track(Bing Crosby|Pistol Packin' Mama) -> 0 results
2026-03-11 20:51:26,434 [SIM] search_track(Bob Crosby|Happy Times) -> 0 results
2026-03-11 20:51:26,434 [SIM] search_track(Cole Porter|Anything Goes) -> 0 results
2026-03-11 20:51:26,434 [SIM] search_track(Connie Allen|Rocket 69) -> 0 results
2026-03-11 20:51:26,434 [SIM] search_track(Danny Kaye|Civilization) -> 0 results
2026-03-11 20:51:26,434 [SIM] search_track(Dion|The Wanderer) -> 0 results
2026-03-11 20:51:26,434 [SIM] search_track(Ella Fitzgerald|Into Each Life Some Rain Must Fall) -> 0 results
2026-03-11 20:51:26,434 [SIM] search_track(Ella Fitzgerald|Undecided) -> 0 results
2026-03-11 20:51:26,434 [SIM] search_track(Elton Britt|Uranium Fever) -> 0 results
2026-03-11 20:51:26,434 [SIM] search_track(Ink Spots|I Don't Want to set the World on Fire) -> 0 results
2026-03-11 20:51:26,434 [SIM] search_track(Jack Shaindlin|Let's Go Sunning) -> 0 results
2026-03-11 20:51:26,434 [SIM] search_track(Jimmie Driftwood|The Bear Flew Over The Ocean) -> 0 results
2026-03-11 20:51:26,434 [SIM] search_track(Johnny Mercer|Personality) -> 0 results
2026-03-11 20:51:26,434 [SIM] search_track(Kay Kyser|(I Got Spurs) Jingle Jangle Jingle) -> 0 results
2026-03-11 20:51:26,435 [SIM] search_track(Louis Jordan|Keep A-Knockin') -> 0 results
2026-03-11 20:51:26,435 [SIM] search_track(Marjorie Hughes|One More Tomorrow) -> 0 results
2026-03-11 20:51:26,435 [SIM] search_track(Marty Robbins|Big Iron) -> 0 results
2026-03-11 20:51:26,435 [SIM] search_track(Marty Robbins|Running Gun) -> 0 results
2026-03-11 20:51:26,435 [SIM] search_track(Nat King Cole|Orange Colored Sky) -> 0 results
2026-03-11 20:51:26,461 [SIM] search_track(Ray Smith|Right Behind You Baby) -> 0 results
2026-03-11 20:51:26,461 [SIM] search_track(Roy Brown|Butcher Pete) -> 0 results
2026-03-11 20:51:26,461 [SIM] search_track(Roy Brown|Good Rockin' Tonight) -> 0 results
2026-03-11 20:51:26,461 [SIM] search_track(Roy Brown|Mighty Mighty Man) -> 0 results
2026-03-11 20:51:26,461 [SIM] search_track(Sheldon Allman|Crawl Out through the Fallout) -> 0 results
2026-03-11 20:51:26,461 [SIM] search_track(Skeeter Davis|The End of the World) -> 0 results
2026-03-11 20:51:26,461 [SIM] search_track(Tex Beneke|A Wonderful Guy) -> 0 results
2026-03-11 20:51:26,462 [SIM] search_track(The Five Stars|Atom Bomb Baby) -> 0 results
2026-03-11 20:51:26,462 [SIM] search_track(The Ink Spots|It's All Over but the Crying) -> 0 results
2026-03-11 20:51:26,462 [SIM] search_track(The Ink Spots|Maybe) -> 0 results
2026-03-11 20:51:26,462 [SIM] search_track(The Three Suns|Worry Worry Worry) -> 0 results
2026-03-11 20:51:26,462 [SIM] search_track(Warren Smith|Uranium Rock) -> 0 results
2026-03-11 20:51:26,462 [SIM] search_track(Wynonie Harris|Grandma Plays The Numbers) -> 0 results
2026-03-11 20:51:26,462 [SIM] search_track(39cents|OG Loc Rap) -> 0 results
2026-03-11 20:51:26,462 [SIM] search_track(GTA San Andreas|GTA SA Tune) -> 0 results
2026-03-11 20:51:26,462 [SIM] search_track(League of Legends|Get Jinxed) -> 0 results
2026-03-11 20:51:26,462 [SIM] search_track(Aperture Science Psychoacoustic Laboratories|Still Alive) -> 0 results
2026-03-11 20:51:26,462 [SIM] search_track(Dennis Brown|Milk And Honey) -> 0 results
2026-03-11 20:51:26,462 [SIM] search_track(Easy Star All-Stars|One Likkle Draw) -> 0 results
2026-03-11 20:51:26,462 [SIM] search_track(Max Romeo|Juks) -> 0 results
2026-03-11 20:51:26,462 [SIM] search_track(Skyrim|Skyrim Startup Music) -> 0 results
2026-03-11 20:51:26,462 [SIM] search_track(Skyrim|The Age of Aggression) -> 0 results
2026-03-11 20:51:26,462 [SIM] search_track(Skyrim|The Dragonborn Comes) -> 0 results
2026-03-11 20:51:26,462 [SIM] search_track(SEGA|Seaside Hill) -> 0 results
2026-03-11 20:51:26,462 [SIM] search_track(SSF2|Emerald Cave) -> 0 results
2026-03-11 20:51:26,488 [SIM] search_track(Oliver Joyce|Swords and Sandals 1 Themesong: Gladiator) -> 0 results
2026-03-11 20:51:26,489 [SIM] search_track(Toby Fox|ASGORE) -> 0 results
2026-03-11 20:51:26,489 [SIM] search_track(Toby Fox|Bergentrückung) -> 0 results
2026-03-11 20:51:26,489 [SIM] search_track(Toby Fox|Dating Start!) -> 0 results
2026-03-11 20:51:26,489 [SIM] search_track(Toby Fox|Ghost Fight) -> 0 results
2026-03-11 20:51:26,489 [SIM] search_track(Toby Fox|Hotel) -> 0 results
2026-03-11 20:51:26,489 [SIM] search_track(Toby Fox|Metal Crusher) -> 0 results
2026-03-11 20:51:26,489 [SIM] search_track(Toby Fox|NGAHHH!!) -> 0 results
2026-03-11 20:51:26,489 [SIM] search_track(Toby Fox|Shop) -> 0 results
2026-03-11 20:51:26,489 [SIM] search_track(Toby Fox|Snowdin Town) -> 0 results
2026-03-11 20:51:26,489 [SIM] search_track(Toby Fox|The Core) -> 0 results
2026-03-11 20:51:26,489 [SIM] search_track(Toby Fox|The Story) -> 0 results
2026-03-11 20:51:26,489 [SIM] search_track(2 Chainz|Feds Watching) -> 0 results
2026-03-11 20:51:26,489 [SIM] search_track(Gemini Club|Sparklers) -> 0 results
2026-03-11 20:51:26,489 [SIM] search_track(JC Brooks & The Uptown Sound|Awake) -> 0 results
2026-03-11 20:51:26,489 [SIM] search_track(Kidz In The Hall|Break It Down) -> 0 results
2026-03-11 20:51:26,489 [SIM] search_track(Lil' Ed & the Blues Imperials|Kick Me To The Curb) -> 0 results
2026-03-11 20:51:26,489 [SIM] search_track(Longshot|Day by Day) -> 0 results
2026-03-11 20:51:26,489 [SIM] search_track(muGz|Blvck and White) -> 0 results
2026-03-11 20:51:26,489 [SIM] search_track(Public Enemy|I Shall Not Be Moved) -> 0 results
2026-03-11 20:51:26,490 [SIM] search_track(Rustie|Attak) -> 0 results
2026-03-11 20:51:26,490 [SIM] search_track(The Cool Kids|Gas Station) -> 0 results
2026-03-11 20:51:26,490 [SIM] search_track(The Right Now|He Used to Be) -> 0 results
2026-03-11 20:51:26,490 [SIM] search_track(The Vindictives|Alarm Clocks) -> 0 results
2026-03-11 20:51:26,490 [SIM] search_track(The Vindictives|Invisible Man) -> 0 results
2026-03-11 20:51:26,517 [SIM] search_track(Vampire Weekend|Diane Young) -> 0 results
2026-03-11 20:51:26,517 [SIM] search_track(Kathryn Hahn|The Ballad of the Witches' Road (Agatha Through Time Version)) -> 0 results
2026-03-11 20:51:26,517 [SIM] search_track(Alan Silvestri|The Avengers) -> 0 results
2026-03-11 20:51:26,517 [SIM] search_track(The Weeknd|Pray For Me) -> 0 results
2026-03-11 20:51:26,517 [SIM] search_track(Cat Stevens|Father And Son) -> 0 results
2026-03-11 20:51:26,517 [SIM] search_track(Marvin Gaye|Ain't No Mountain High Enough) -> 0 results
2026-03-11 20:51:26,517 [SIM] search_track(New Tribute Kings|Hooked on a Feeling) -> 0 results
2026-03-11 20:51:26,517 [SIM] search_track(Redbone|Come and Get Your Love) -> 0 results
2026-03-11 20:51:26,517 [SIM] search_track(AC|Back In Black) -> 0 results
2026-03-11 20:51:26,517 [SIM] search_track(AC|Highway to Hell) -> 0 results
2026-03-11 20:51:26,517 [SIM] search_track(AC|T.N.T.) -> 0 results
2026-03-11 20:51:26,518 [SIM] search_track(AC|Thunderstruck) -> 0 results
2026-03-11 20:51:26,518 [SIM] search_track(Ramin Djawadi|Mark I) -> 0 results
2026-03-11 20:51:26,518 [SIM] search_track(Rooney|Iron Man: Armored Adventures Theme) -> 0 results
2026-03-11 20:51:26,518 [SIM] search_track(The Math Club|Neighbor Like Me) -> 0 results
2026-03-11 20:51:26,518 [SIM] search_track(Mystik Spiral|Freakin Friends) -> 0 results
2026-03-11 20:51:26,518 [SIM] search_track(Dee Snider|We're Not Gonna Take It) -> 0 results
2026-03-11 20:51:26,518 [SIM] search_track(Hanoi Rocks|Don't You Ever Leave Me) -> 0 results
2026-03-11 20:51:26,518 [SIM] search_track(Pretty Maids|Little Drops Of Heaven) -> 0 results
2026-03-11 20:51:26,518 [SIM] search_track(Wig Wam|Do Ya Wanna Taste It) -> 0 results
2026-03-11 20:51:26,518 [SIM] search_track(David Arnold & Michael Price|The Game Is On) -> 0 results
2026-03-11 20:51:26,518 [SIM] search_track(Teenage Mutant Ninja Turtles|TMNT Theme 1987) -> 0 results
2026-03-11 20:51:26,518 [SIM] search_track(Teenage Mutant Ninja Turtles|TMNT Theme 2012) -> 0 results
2026-03-11 20:51:26,518 [SIM] search_track(Ludwig Göransson|The Book of Boba Fett) -> 0 results
2026-03-11 20:51:26,518 [SIM] search_track(Asheru|The Boondocks Main Title) -> 0 results
2026-03-11 20:51:26,550 [SIM] search_track(Don McLean|The Flight of Dragons) -> 0 results
2026-03-11 20:51:26,550 [SIM] search_track(Alabama 3|Woke Up This Morning) -> 0 results
2026-03-11 20:51:26,550 [SIM] search_track(Cristobal Tapia de Veer|Aloha!) -> 0 results
2026-03-11 20:51:26,550 [SIM] search_track(Graeme Cornies|I Wanna Be Famous) -> 0 results
2026-03-11 20:51:26,550 [SIM] search_track(Epic Rap Battles of History|Albert Einstein vs Stephen Hawking) -> 0 results
2026-03-11 20:51:26,550 [SIM] search_track(Epic Rap Battles of History|Alexander the Great vs Ivan the Terrible) -> 0 results
2026-03-11 20:51:26,550 [SIM] search_track(Epic Rap Battles of History|Artists vs Turtles) -> 0 results
2026-03-11 20:51:26,550 [SIM] search_track(Epic Rap Battles of History|Babe Ruth vs Lance Armstrong) -> 0 results
2026-03-11 20:51:26,550 [SIM] search_track(Epic Rap Battles of History|Barack Obama vs Mitt Romney) -> 0 results
2026-03-11 20:51:26,551 [SIM] search_track(Epic Rap Battles of History|Batman vs Sherlock Holmes) -> 0 results
2026-03-11 20:51:26,551 [SIM] search_track(Epic Rap Battles of History|Blackbeard vs Al Capone) -> 0 results
2026-03-11 20:51:26,551 [SIM] search_track(Epic Rap Battles of History|Bob Ross vs Pablo Picasso) -> 0 results
2026-03-11 20:51:26,551 [SIM] search_track(Epic Rap Battles of History|Bruce Banner vs Bruce Jenner) -> 0 results
2026-03-11 20:51:26,551 [SIM] search_track(Epic Rap Battles of History|Darth Vader vs Adolf Hitler 2) -> 0 results
2026-03-11 20:51:26,551 [SIM] search_track(Epic Rap Battles of History|Deadpool vs Boba Fett) -> 0 results
2026-03-11 20:51:26,551 [SIM] search_track(Epic Rap Battles of History|Doc Brown vs Doctor Who) -> 0 results
2026-03-11 20:51:26,551 [SIM] search_track(Epic Rap Battles of History|Donald Trump vs Ebenezer Scrooge) -> 0 results
2026-03-11 20:51:26,551 [SIM] search_track(Epic Rap Battles of History|Donald Trump vs Hillary Clinton) -> 0 results
2026-03-11 20:51:26,551 [SIM] search_track(Epic Rap Battles of History|Eastern Philosophers vs Western Philosophers) -> 0 results
2026-03-11 20:51:26,551 [SIM] search_track(Epic Rap Battles of History|Elon Musk vs Mark Zuckerberg) -> 0 results
2026-03-11 20:51:26,551 [SIM] search_track(Epic Rap Battles of History|Frank Sinatra vs Freddie Mercury) -> 0 results
2026-03-11 20:51:26,551 [SIM] search_track(Epic Rap Battles of History|Gandhi vs Martin Luther King Jr.) -> 0 results
2026-03-11 20:51:26,551 [SIM] search_track(Epic Rap Battles of History|George Washington vs William Wallace) -> 0 results
2026-03-11 20:51:26,551 [SIM] search_track(Epic Rap Battles of History|Ghostbusters vs Mythbusters) -> 0 results
2026-03-11 20:51:26,551 [SIM] search_track(Epic Rap Battles of History|Goku vs Superman) -> 0 results
2026-03-11 20:51:26,583 [SIM] search_track(Epic Rap Battles of History|Gordon Ramsay vs Julia Child) -> 0 results
2026-03-11 20:51:26,583 [SIM] search_track(Epic Rap Battles of History|Hulk Hogan and Macho Man vs Kim Jong-Il) -> 0 results
2026-03-11 20:51:26,583 [SIM] search_track(Epic Rap Battles of History|J. R. R. Tolkien vs George R. R. Martin) -> 0 results
2026-03-11 20:51:26,583 [SIM] search_track(Epic Rap Battles of History|Jack the Ripper vs Hannibal Lecter) -> 0 results
2026-03-11 20:51:26,583 [SIM] search_track(Epic Rap Battles of History|James Bond vs Austin Powers) -> 0 results
2026-03-11 20:51:26,583 [SIM] search_track(Epic Rap Battles of History|Jim Henson vs Stan Lee) -> 0 results
2026-03-11 20:51:26,583 [SIM] search_track(Epic Rap Battles of History|Lewis and Clark vs Bill and Ted) -> 0 results
2026-03-11 20:51:26,583 [SIM] search_track(Epic Rap Battles of History|Mario Bros. vs Wright Brothers) -> 0 results
2026-03-11 20:51:26,583 [SIM] search_track(Epic Rap Battles of History|Master Chief vs Leonidas) -> 0 results
2026-03-11 20:51:26,583 [SIM] search_track(Epic Rap Battles of History|Michael Jackson vs Elvis Presley) -> 0 results
2026-03-11 20:51:26,583 [SIM] search_track(Epic Rap Battles of History|Michael Jordan vs Muhammad Ali) -> 0 results
2026-03-11 20:51:26,583 [SIM] search_track(Epic Rap Battles of History|Miley Cyrus vs Joan of Arc) -> 0 results
2026-03-11 20:51:26,584 [SIM] search_track(Epic Rap Battles of History|Mozart vs Skrillex) -> 0 results
2026-03-11 20:51:26,584 [SIM] search_track(Epic Rap Battles of History|Nice Peter vs Epiclloyd) -> 0 results
2026-03-11 20:51:26,584 [SIM] search_track(Epic Rap Battles of History|Nikola Tesla vs Thomas Edison) -> 0 results
2026-03-11 20:51:26,584 [SIM] search_track(Epic Rap Battles of History|Oprah vs Ellen) -> 0 results
2026-03-11 20:51:26,584 [SIM] search_track(Epic Rap Battles of History|Rasputin vs Stalin) -> 0 results
2026-03-11 20:51:26,584 [SIM] search_track(Epic Rap Battles of History|Rick Grimes vs Walter White) -> 0 results
2026-03-11 20:51:26,584 [SIM] search_track(Epic Rap Battles of History|Romeo & Juliet vs Bonnie & Clyde) -> 0 results
2026-03-11 20:51:26,584 [SIM] search_track(Epic Rap Battles of History|Shaka Zulu vs Julius Caesar) -> 0 results
2026-03-11 20:51:26,584 [SIM] search_track(Epic Rap Battles of History|Sir Isaac Newton vs Bill Nye) -> 0 results
2026-03-11 20:51:26,584 [SIM] search_track(Epic Rap Battles of History|Stephen King vs Edgar Allan Poe) -> 0 results
2026-03-11 20:51:26,584 [SIM] search_track(Epic Rap Battles of History|Steve Jobs vs Bill Gates) -> 0 results
2026-03-11 20:51:26,584 [SIM] search_track(Epic Rap Battles of History|Steven Spielberg vs Alfred Hitchcock) -> 0 results
2026-03-11 20:51:26,584 [SIM] search_track(Epic Rap Battles of History|Terminator vs Robocop) -> 0 results
2026-03-11 20:51:26,616 [SIM] search_track(Epic Rap Battles of History|Theodore Roosevelt vs Winston Churchill) -> 0 results
2026-03-11 20:51:26,616 [SIM] search_track(Epic Rap Battles of History|Zeus vs Thor) -> 0 results
2026-03-11 20:51:26,616 [SIM] search_track(Epic Rap Battles of History|Mr. T vs Mr. Rogers) -> 0 results
2026-03-11 20:51:26,616 [SIM] search_track(Epic Rap Battles of History|Abe Lincoln vs Chuck Norris) -> 0 results
2026-03-11 20:51:26,616 [SIM] search_track(Epic Rap Battles of History|Captain Kirk vs Christopher Columbus) -> 0 results
2026-03-11 20:51:26,616 [SIM] search_track(Epic Rap Battles of History|Darth Vader vs Adolf Hitler) -> 0 results
2026-03-11 20:51:26,616 [SIM] search_track(Epic Rap Battles of History|John Lennon vs Bill O'reilly) -> 0 results
2026-03-11 20:51:26,616 [SIM] search_track(Epic Rap Battles of History|Napoleon vs Napoleon) -> 0 results
2026-03-11 20:51:26,616 [SIM] search_track(Epic Rap Battles of History|Dr Seuss vs William Shakespeare) -> 0 results
2026-03-11 20:51:26,616 [SIM] search_track(Epic Rap Battles of History|Moses vs Santa Claus) -> 0 results
2026-03-11 20:51:26,616 [SIM] search_track(DHMIS|DHMIS Songs) -> 0 results
2026-03-11 20:51:26,617 [SIM] search_track(Evan Roth|Cache Rules Everything Around Me) -> 0 results
2026-03-11 20:51:26,617 [SIM] search_track(mashed|Waluigi vs Smash Bros Battle Rap Trilogy) -> 0 results
2026-03-11 20:51:26,617 [SIM] search_track(the bootleg boy|Ronin Lofi Mix) -> 0 results
2026-03-11 20:51:26,617 [SIM] search_track(the bootleg boy|Samurai Lofi Mix) -> 0 results
2026-03-11 20:51:26,617 [SIM] search_track(TMABird|Everybody's Circulation) -> 0 results
2026-03-11 20:51:26,617 [SIM] search_track(Toby Turner|Dramatic Song) -> 0 results
2026-03-11 20:51:26,617 [SIM] search_track(PlentaKill|Backstab) -> 0 results
2026-03-11 20:51:26,617 [SIM] search_track(PlentaKill|Battle Roar) -> 0 results
2026-03-11 20:51:26,617 [SIM] search_track(PlentaKill|Bouncing Blades) -> 0 results
2026-03-11 20:51:26,617 [SIM] search_track(PlentaKill|Bowling Ball) -> 0 results
2026-03-11 20:51:26,617 [SIM] search_track(PlentaKill|Cait Ult) -> 0 results
2026-03-11 20:51:26,617 [SIM] search_track(PlentaKill|Charming Hearts) -> 0 results
2026-03-11 20:51:26,617 [SIM] search_track(PlentaKill|Crit Runes Gangplank) -> 0 results
2026-03-11 20:51:26,617 [SIM] search_track(PlentaKill|Dazzle) -> 0 results
2026-03-11 20:51:26,644 [SIM] search_track(PlentaKill|Don't You Worry Bot) -> 0 results
2026-03-11 20:51:26,644 [SIM] search_track(PlentaKill|Fury of the Sand) -> 0 results
2026-03-11 20:51:26,644 [SIM] search_track(PlentaKill|Game End) -> 0 results
2026-03-11 20:51:26,644 [SIM] search_track(PlentaKill|Gentleman) -> 0 results
2026-03-11 20:51:26,644 [SIM] search_track(PlentaKill|Glad You're Vayne) -> 0 results
2026-03-11 20:51:26,644 [SIM] search_track(PlentaKill|Grab Your Carry) -> 0 results
2026-03-11 20:51:26,644 [SIM] search_track(PlentaKill|Gragas Style) -> 0 results
2026-03-11 20:51:26,644 [SIM] search_track(PlentaKill|I'm a Volibear) -> 0 results
2026-03-11 20:51:26,644 [SIM] search_track(PlentaKill|I'm Teemo and I Know It) -> 0 results
2026-03-11 20:51:26,645 [SIM] search_track(PlentaKill|Illusionist) -> 0 results
2026-03-11 20:51:26,645 [SIM] search_track(PlentaKill|Lanterns) -> 0 results
2026-03-11 20:51:26,645 [SIM] search_track(PlentaKill|Lazy Karthus) -> 0 results
2026-03-11 20:51:26,645 [SIM] search_track(PlentaKill|LOL I Do Is Spin) -> 0 results
2026-03-11 20:51:26,645 [SIM] search_track(PlentaKill|Noxic) -> 0 results
2026-03-11 20:51:26,645 [SIM] search_track(PlentaKill|Shadow) -> 0 results
2026-03-11 20:51:26,645 [SIM] search_track(PlentaKill|Shuriken) -> 0 results
2026-03-11 20:51:26,645 [SIM] search_track(PlentaKill|SkillShots) -> 0 results
2026-03-11 20:51:26,645 [SIM] search_track(PlentaKill|Sona Back) -> 0 results
2026-03-11 20:51:26,645 [SIM] search_track(PlentaKill|The Lux) -> 0 results
2026-03-11 20:51:26,645 [SIM] search_track(PlentaKill|Tibbers) -> 0 results
2026-03-11 20:51:26,645 [SIM] search_track(PlentaKill|Tower Dive) -> 0 results
2026-03-11 20:51:26,645 [SIM] search_track(PlentaKill|Twisted Air) -> 0 results
2026-03-11 20:51:26,645 [SIM] search_track(PlentaKill|Ulti Above) -> 0 results
2026-03-11 20:51:26,645 [SIM] search_track(Smosh|21 THINGS YOU'D RATHER DO THAN SMOKE) -> 0 results
2026-03-11 20:51:26,645 [SIM] search_track(Smosh|ASSASSIN'S CREED 4 ROCK ANTHEM) -> 0 results
2026-03-11 20:51:26,673 [SIM] search_track(Smosh|DEEP CELEBRITY SONG) -> 0 results
2026-03-11 20:51:26,673 [SIM] search_track(Smosh|Dixon Cider) -> 0 results
2026-03-11 20:51:26,673 [SIM] search_track(Smosh|Driver's Ed Rap) -> 0 results
2026-03-11 20:51:26,673 [SIM] search_track(Smosh|FIRETRUCK!) -> 0 results
2026-03-11 20:51:26,673 [SIM] search_track(Smosh|MONTAGE MACHINE) -> 0 results
2026-03-11 20:51:26,673 [SIM] search_track(Smosh|Parents Suck) -> 0 results
2026-03-11 20:51:26,673 [SIM] search_track(Smosh|PEN15 CLUB) -> 0 results
2026-03-11 20:51:26,674 [SIM] search_track(Smosh|Sad Justice League) -> 0 results
2026-03-11 20:51:26,674 [SIM] search_track(Smosh|SMASH RAP) -> 0 results
2026-03-11 20:51:26,674 [SIM] search_track(Smosh|THE F-CKBOY SONG) -> 0 results
2026-03-11 20:51:26,674 [SIM] search_track(Smosh|THE REAL PARTY SONG) -> 0 results
2026-03-11 20:51:26,674 [SIM] search_track(Smosh|Transformers Rap) -> 0 results
2026-03-11 20:51:26,674 [SIM] search_track(Smosh|Ultimate Assassin's Creed 3 Song) -> 0 results
2026-03-11 20:51:26,674 [SIM] search_track(Smosh|WE RULE HIGH SCHOOL) -> 0 results
2026-03-11 20:51:26,674 [SIM] search_track(teddiefilms|'Droidfriend' (Justin Bieber 'Boyfriend' Parody)) -> 0 results
2026-03-11 20:51:26,674 [SIM] search_track(teddiefilms|'NBC Olympic Style' (PSY 'Gangnam Style' Parody)) -> 0 results
2026-03-11 20:51:26,674 [SIM] search_track(teddiefilms|'The Star Wars That I Used To Know' (Gotye 'Somebody That I Used To Know' Parody)) -> 0 results
2026-03-11 20:51:26,674 [SIM] search_track(teddiefilms|'The Walking Dumb' ('Dumb Ways to Die' Parody)) -> 0 results
2026-03-11 20:51:26,674 [SIM] search_track(teddiefilms|'We Are Never Ever Gonna Cook Together' (Taylor Swift 'We Are Never Ever Getting Back Together' Parody)) -> 0 results
2026-03-11 20:51:26,674 [SIM] search_track(Jarrad Wright|Blue Mean-Eyes) -> 0 results
2026-03-11 20:51:26,674 [SIM] search_track(Jarrad Wright|Brown Town Song) -> 0 results
2026-03-11 20:51:26,674 [SIM] search_track(Jarrad Wright|Desert Walk) -> 0 results
2026-03-11 20:51:26,675 [SIM] search_track(Jarrad Wright|Phasing Through the Layers) -> 0 results
2026-03-11 20:51:26,675 [SIM] search_track(Jarrad Wright|Scootin' the Tubes) -> 0 results
2026-03-11 20:51:26,675 [SIM] search_track(Jarrad Wright|Wake Up) -> 0 results
2026-03-11 20:51:26,704 [SIM] search_track(We Plants Are Happy Plants|Not Waiting for Anything) -> 0 results
2026-03-11 20:51:26,704 [SIM] search_track(We Plants Are Happy Plants|Simple Satori) -> 0 results
2026-03-11 20:51:26,704 [SIM] search_track(We Plants Are Happy Plants|Way of the Wizard) -> 0 results
2026-03-11 20:51:26,704 [SIM] search_track(We Plants Are Happy Plants|An Incredible Pearl) -> 0 results
2026-03-11 20:51:26,704 [SIM] search_track(Your Favorite Martian|Epileptic Techno) -> 0 results
2026-03-11 20:51:26,704 [SIM] search_track(Your Favourite Martian|Club Villain) -> 0 results
2026-03-11 20:51:26,704 [SIM] search_track(Your Favourite Martian|Complicated) -> 0 results
2026-03-11 20:51:26,704 [SIM] search_track(Your Favourite Martian|FIGHT FOR YOUR RIGHT) -> 0 results
2026-03-11 20:51:26,704 [SIM] search_track(Your Favourite Martian|FRIEND ZONE) -> 0 results
2026-03-11 20:51:26,704 [SIM] search_track(Your Favourite Martian|Mr. DoucheBag) -> 0 results
2026-03-11 20:51:26,704 [SIM] search_track(Your Favourite Martian|NERD RAGE!) -> 0 results
2026-03-11 20:51:26,704 [SIM] search_track(Your Favourite Martian|ORPHAN TEARS) -> 0 results
2026-03-11 20:51:26,704 [SIM] search_track(Your Favourite Martian|ROBOT BAR FIGHT) -> 0 results
2026-03-11 20:51:26,705 [SIM] search_track(Your Favourite Martian|SHITTY G) -> 0 results
2026-03-11 20:51:26,705 [SIM] search_track(Your Favourite Martian|TAKE OVER THE WORLD) -> 0 results
2026-03-11 20:51:26,705 [SIM] search_track(Your Favourite Martian|TEXT ME BACK) -> 0 results
2026-03-11 20:51:26,705 [SIM] search_track(Your Favourite Martian|The Stereotypes Song) -> 0 results
2026-03-11 20:51:26,705 Stage 4: Final upload 0 tracks
2026-03-11 20:51:26,734 Done. Synced=0 Recovered=604 Added=0 Unmatched=4842 Removed=0 Errors=0 Time=6s
